Tow Date,Make,Style,Model,Color,Plate,State,Towed to Address,Tow Facility Phone,Inventory Number
2019-12-05T00:00:00.000,ACUR,LL,,BLK,AK28792,IL,10300 S. Doty,(773) 568-8495,2891078
2019-12-05T00:00:00.000,AUDI,LL,,BLK,BC96697,IL,701 N. Sacramento,(773) 265-7605,6974934
2019-12-05T00:00:00.000,BMW,4D,,BLK,BH90631,IL,10300 S. Doty,(773) 568-8495,2891043
2019-12-05T00:00:00.000,BMW,4D,,WHI,BN84731,IL,10300 S. Doty,(773) 568-8495,2891038
2019-12-05T00:00:00.000,BMW,4D,,BRZ,63291B,IN,701 N. Sacramento,(773) 265-7605,6974951
2019-12-05T00:00:00.000,BMW,LL,,BLK,BL46272,IL,10300 S. Doty,(773) 568-8495,2891049
2019-12-05T00:00:00.000,BMW,LL,,GRY,AS79355,IL,10300 S. Doty,(773) 568-8495,2891113
2019-12-05T00:00:00.000,BUIC,4D,,BLU,478294,IL,701 N. Sacramento,(773) 265-7605,6974865
2019-12-05T00:00:00.000,BUIC,4D,,SIL,R601989,IL,400 E. Lower Wacker,(312) 744-7550,0216879
2019-12-05T00:00:00.000,BUIC,4D,,GRY,WB1578,IL,10300 S. Doty,(773) 568-8495,2891065
2019-12-05T00:00:00.000,BUIC,4D,,TAN,,IL,10300 S. Doty,(773) 568-8495,2891020
2019-12-05T00:00:00.000,CADI,4D,,WHI,BW43215,IL,701 N. Sacramento,(773) 265-7605,6974849
2019-12-05T00:00:00.000,CADI,4D,,GRY,944U606,IL,701 N. Sacramento,(773) 265-7605,6974881
2019-12-05T00:00:00.000,CADI,4D,,BLK,MGP13,IL,701 N. Sacramento,(773) 265-7605,6974943
2019-12-05T00:00:00.000,CADI,4D,,WHI,G694655,IL,10300 S. Doty,(773) 568-8495,2891033
2019-12-05T00:00:00.000,CHEV,2D,,TAN,723U199,IL,10300 S. Doty,(773) 568-8495,2891060
2019-12-05T00:00:00.000,CHEV,2D,,RED,BT71710,IL,10300 S. Doty,(773) 568-8495,2891066
2019-12-05T00:00:00.000,CHEV,4D,,BLK,AW63062,IL,701 N. Sacramento,(773) 265-7605,6974878
2019-12-05T00:00:00.000,CHEV,4D,,RED,E336665,IL,400 E. Lower Wacker,(312) 744-7550,0216874
2019-12-05T00:00:00.000,CHEV,4D,,WHI,AF71227,IL,701 N. Sacramento,(773) 265-7605,6974916
2019-12-05T00:00:00.000,CHEV,4D,,BLK,ZY94519,IL,10300 S. Doty,(773) 568-8495,2891075
2019-12-05T00:00:00.000,CHEV,4D,,BLK,NNTENSE,IL,10300 S. Doty,(773) 568-8495,2891037
2019-12-05T00:00:00.000,CHEV,4D,,BLK,AS85759,IL,10300 S. Doty,(773) 568-8495,2891118
2019-12-05T00:00:00.000,CHEV,4D,,BGE,,IL,10300 S. Doty,(773) 568-8495,2891116
2019-12-05T00:00:00.000,CHEV,4D,,WHI,BFE390,IL,10300 S. Doty,(773) 568-8495,2891105
2019-12-05T00:00:00.000,CHEV,4D,,BLK,BC55387,IL,701 N. Sacramento,(773) 265-7605,6974869
2019-12-05T00:00:00.000,CHEV,4D,,BLU,BN83772,IL,10300 S. Doty,(773) 568-8495,2891104
2019-12-05T00:00:00.000,CHEV,4D,,SIL,E786415,IL,10300 S. Doty,(773) 568-8495,2891123
2019-12-05T00:00:00.000,CHEV,4D,,SIL,R968342,IL,10300 S. Doty,(773) 568-8495,2891119
2019-12-05T00:00:00.000,CHEV,4D,,BLK,BP23152,IL,701 N. Sacramento,(773) 265-7605,6974907
2019-12-05T00:00:00.000,CHEV,4D,,WHI,BL86748,IL,10300 S. Doty,(773) 568-8495,2891035
2019-12-05T00:00:00.000,CHEV,4D,,BLK,BQ17150,IL,10300 S. Doty,(773) 568-8495,2891085
2019-12-05T00:00:00.000,CHEV,4D,,SIL,ZY35220,IL,10300 S. Doty,(773) 568-8495,2891056
2019-12-05T00:00:00.000,CHEV,4D,,SIL,BR68558,IL,701 N. Sacramento,(773) 265-7605,6974947
2019-12-05T00:00:00.000,CHEV,4D,,BLU,,IL,701 N. Sacramento,(773) 265-7605,6974839
2019-12-05T00:00:00.000,CHEV,4D,,BLK,Y891074,IL,10300 S. Doty,(773) 568-8495,2891055
2019-12-05T00:00:00.000,CHEV,4D,,SIL,BN71323,IL,10300 S. Doty,(773) 568-8495,2891053
2019-12-05T00:00:00.000,CHEV,4D,,GRY,BB20670,IL,10300 S. Doty,(773) 568-8495,2891100
2019-12-05T00:00:00.000,CHEV,4D,,SIL,AT60188,IL,701 N. Sacramento,(773) 265-7605,6974927
2019-12-05T00:00:00.000,CHEV,4D,,BLU,AF27208,IL,701 N. Sacramento,(773) 265-7605,6974858
2019-12-05T00:00:00.000,CHEV,4D,,RED,AZ44194,IL,10300 S. Doty,(773) 568-8495,2891025
2019-12-05T00:00:00.000,CHEV,4D,,RED,BE22711,IL,10300 S. Doty,(773) 568-8495,2891070
2019-12-05T00:00:00.000,CHEV,4D,,GRY,BA24053,IL,701 N. Sacramento,(773) 265-7605,6974853
2019-12-05T00:00:00.000,CHEV,LL,,BLU,BL16046,IL,10300 S. Doty,(773) 568-8495,2891096
2019-12-05T00:00:00.000,CHEV,LL,,BLK,,IL,10300 S. Doty,(773) 785-9752,1719794
2019-12-05T00:00:00.000,CHEV,LL,,BLK,BE17387,IL,701 N. Sacramento,(773) 265-7605,6974944
2019-12-05T00:00:00.000,CHEV,LL,,BLK,2400792B,IL,10300 S. Doty,(773) 568-8495,2891048
2019-12-05T00:00:00.000,CHEV,LL,,GRY,AY13002,IL,701 N. Sacramento,(773) 265-7605,6974876
2019-12-05T00:00:00.000,CHEV,PK,,SIL,63236,IL,10300 S. Doty,(773) 568-8495,2891091
2019-12-05T00:00:00.000,CHEV,PK,,MAR,2715720B,IL,701 N. Sacramento,(773) 265-7605,6974901
2019-12-05T00:00:00.000,CHEV,PK,,PLE,2411317B,IL,10300 S. Doty,(773) 568-8495,2891098
2019-12-05T00:00:00.000,CHEV,PK,,SIL,2380286B,IL,701 N. Sacramento,(773) 265-7605,6974893
2019-12-05T00:00:00.000,CHEV,PK,,WHI,PBU9016,GA,400 E. Lower Wacker,(312) 744-7550,0216882
2019-12-05T00:00:00.000,CHRY,2D,,BLU,A721424,IL,701 N. Sacramento,(773) 265-7605,6974938
2019-12-05T00:00:00.000,CHRY,4D,,GLD,651633,IL,701 N. Sacramento,(773) 265-7605,6974940
2019-12-05T00:00:00.000,CHRY,LL,,RED,AEY8510,WI,10300 S. Doty,(773) 568-8495,2891050
2019-12-05T00:00:00.000,CHRY,VN,,SIL,AS81908,IL,10300 S. Doty,(773) 568-8495,2891039
2019-12-05T00:00:00.000,CHRY,VN,,WHI,HZM1411,IL,701 N. Sacramento,(773) 265-7605,6974942
2019-12-05T00:00:00.000,DODE,LL,,RED,BL84257,IL,10300 S. Doty,(773) 568-8495,2891109
2019-12-05T00:00:00.000,DODG,2D,,SIL,AU33978,IL,10300 S. Doty,(773) 568-8495,2891046
2019-12-05T00:00:00.000,DODG,4D,,GRY,BR38023,IL,10300 S. Doty,(773) 568-8495,2891074
2019-12-05T00:00:00.000,DODG,4D,,WHI,1580149,IN,701 N. Sacramento,(773) 265-7605,6974848
2019-12-05T00:00:00.000,DODG,LL,,WHI,AV27229,IL,701 N. Sacramento,(773) 265-7605,6974872
2019-12-05T00:00:00.000,DODG,LL,,SIL,BF15636,IL,10300 S. Doty,(773) 568-8495,2891117
2019-12-05T00:00:00.000,DODG,LL,,WHI,AV93179,IL,10300 S. Doty,(773) 568-8495,2891122
2019-12-05T00:00:00.000,DODG,LL,,SIL,BH80195,IL,10300 S. Doty,(773) 568-8495,2891057
2019-12-05T00:00:00.000,DODG,VA,,SIL,AG35362,IL,701 N. Sacramento,(773) 265-7605,6974952
2019-12-05T00:00:00.000,DODG,VN,,GRY,DPR3067,IL,701 N. Sacramento,(773) 265-7605,6974902
2019-12-05T00:00:00.000,DODG,VN,,GRY,DPR3067,IL,701 N. Sacramento,(773) 265-7605,6974902
2019-12-05T00:00:00.000,FIAT,4D,,BLK,BV56554,IL,10300 S. Doty,(773) 568-8495,2891080
2019-12-05T00:00:00.000,FORD,4D,,WHI,BN51025,IL,701 N. Sacramento,(773) 265-7605,6974950
2019-12-05T00:00:00.000,FORD,4D,,BLU,AL76432,IL,10300 S. Doty,(773) 568-8495,2891071
2019-12-05T00:00:00.000,FORD,4D,,MAR,Z540208,IL,701 N. Sacramento,(773) 265-7605,6974941
2019-12-05T00:00:00.000,FORD,4D,,WHI,R961367,IL,400 E. Lower Wacker,(312) 744-7550,0216869
2019-12-05T00:00:00.000,FORD,4D,,WHI,FL547ABX,IN,10300 S. Doty,(773) 568-8495,2891094
2019-12-05T00:00:00.000,FORD,4D,,SIL,BU36980,IL,10300 S. Doty,(773) 568-8495,2891088
2019-12-05T00:00:00.000,FORD,4D,,WHI,AH39333,IL,10300 S. Doty,(773) 568-8495,2891044
2019-12-05T00:00:00.000,FORD,4D,,GRN,,IL,10300 S. Doty,(773) 568-8495,2891036
2019-12-05T00:00:00.000,FORD,LL,,GRY,L610496,IL,701 N. Sacramento,(773) 265-7605,6974864
2019-12-05T00:00:00.000,FORD,LL,,BLU,FMW4409,NY,400 E. Lower Wacker,(312) 744-7550,0216892
2019-12-05T00:00:00.000,FORD,LL,,SIL,BD91742,IL,701 N. Sacramento,(773) 265-7605,6974904
2019-12-05T00:00:00.000,FORD,LL,,BLK,347968,IL,10300 S. Doty,(773) 568-8495,2891021
2019-12-05T00:00:00.000,FORD,LL,,BLU,Q727116,IL,10300 S. Doty,(773) 568-8495,2891052
2019-12-05T00:00:00.000,FORD,LL,,BLU,987SYY,WI,701 N. Sacramento,(773) 265-7605,6974868
2019-12-05T00:00:00.000,FORD,LL,,BLK,AD85467,IL,701 N. Sacramento,(773) 265-7605,6974874
2019-12-05T00:00:00.000,FORD,LL,,WHI,,IL,10300 S. Doty,(773) 785-9752,1719797
2019-12-05T00:00:00.000,FORD,LL,,BLU,BP25647,IL,701 N. Sacramento,(773) 265-7605,6974915
2019-12-05T00:00:00.000,FORD,LL,,GRY,,IL,10300 S. Doty,(773) 785-9752,1719796
2019-12-05T00:00:00.000,FORD,LL,,BLK,A788998,IL,701 N. Sacramento,(773) 265-7605,6974935
2019-12-05T00:00:00.000,FORD,LL,,SIL,5967U244,IL,701 N. Sacramento,(773) 265-7605,6974873
2019-12-05T00:00:00.000,FORD,LL,,MAR,E239676,IL,701 N. Sacramento,(773) 265-7605,6974930
2019-12-05T00:00:00.000,FORD,LL,,BLK,AS31510,IL,701 N. Sacramento,(773) 265-7605,6974883
2019-12-05T00:00:00.000,FORD,VN,,RED,AB21603,IL,701 N. Sacramento,(773) 265-7605,6974914
2019-12-05T00:00:00.000,GMC,LL,,SIL,CJX113,IL,701 N. Sacramento,(773) 265-7605,6974918
2019-12-05T00:00:00.000,GMC,LL,,SIL,890570,IL,701 N. Sacramento,(773) 265-7605,6974895
2019-12-05T00:00:00.000,GMC,LL,,BLK,AE53120,IL,701 N. Sacramento,(773) 265-7605,6974906
2019-12-05T00:00:00.000,GMC,LL,,RED,AW21634,IL,10300 S. Doty,(773) 568-8495,2891029
2019-12-05T00:00:00.000,GMC,LL,,GRY,V279452,IL,10300 S. Doty,(773) 568-8495,2891086
2019-12-05T00:00:00.000,GMC,LL,,BLK,2109328,IL,10300 S. Doty,(773) 568-8495,2891095
2019-12-05T00:00:00.000,GMC,VC,,,AJ6577,AZ,701 N. Sacramento,(773) 265-7605,6974852
2019-12-05T00:00:00.000,HOND,2D,,SIL,AX94014,IL,701 N. Sacramento,(773) 265-7605,6974899
2019-12-05T00:00:00.000,HOND,4D,,RED,AG20853,IL,701 N. Sacramento,(773) 265-7605,6974887
2019-12-05T00:00:00.000,HOND,4D,,GRY,AP35791,IL,10300 S. Doty,(773) 568-8495,2891076
2019-12-05T00:00:00.000,HOND,4D,,SIL,Y940417,IL,10300 S. Doty,(773) 568-8495,2891062
2019-12-05T00:00:00.000,HOND,4D,,BLK,Z343741,IL,701 N. Sacramento,(773) 265-7605,6974900
2019-12-05T00:00:00.000,HOND,4D,,BLK,BL91316,IL,701 N. Sacramento,(773) 265-7605,6974875
2019-12-05T00:00:00.000,HOND,4D,,GRY,BC34558,IL,10300 S. Doty,(773) 568-8495,2891089
2019-12-05T00:00:00.000,HOND,4D,,SIL,Y714442,IL,10300 S. Doty,(773) 568-8495,2891077
2019-12-05T00:00:00.000,HOND,4D,,BLU,917380,IL,701 N. Sacramento,(773) 265-7605,6974862
2019-12-05T00:00:00.000,HOND,LL,,GRN,P676842,IL,400 E. Lower Wacker,(312) 744-7550,0216884
2019-12-05T00:00:00.000,HOND,LL,,GRY,H743675,IL,10300 S. Doty,(773) 568-8495,2891040
2019-12-05T00:00:00.000,HOND,LL,,GRY,S418186,IL,701 N. Sacramento,(773) 265-7605,6974886
2019-12-05T00:00:00.000,HOND,LL,,BLU,AZ27465,IL,701 N. Sacramento,(773) 265-7605,6974884
2019-12-05T00:00:00.000,HOND,LL,,GRY,V548279,IL,10300 S. Doty,(773) 568-8495,2891082
2019-12-05T00:00:00.000,HOND,LL,,GRY,POP4WS,IL,701 N. Sacramento,(773) 265-7605,6974867
2019-12-05T00:00:00.000,HOND,LL,,GRY,H743675,IL,10300 S. Doty,(773) 568-8495,2891040
2019-12-05T00:00:00.000,HYUN,4D,,WHI,BB33378,IL,701 N. Sacramento,(773) 265-7605,6974882
2019-12-05T00:00:00.000,HYUN,4D,,BLK,S471879,IL,701 N. Sacramento,(773) 265-7605,6974910
2019-12-05T00:00:00.000,HYUN,4D,,GLD,BL12267,IL,701 N. Sacramento,(773) 265-7605,6974843
2019-12-05T00:00:00.000,HYUN,4D,,BLU,BN71045,IL,701 N. Sacramento,(773) 265-7605,6974844
2019-12-05T00:00:00.000,HYUN,4D,,BLK,E961781,IL,701 N. Sacramento,(773) 265-7605,6974866
2019-12-05T00:00:00.000,HYUN,4D,,SIL,V896162,IL,400 E. Lower Wacker,(312) 744-7550,0216888
2019-12-05T00:00:00.000,HYUN,4D,,BLK,BM91500,IL,400 E. Lower Wacker,(312) 744-7550,0216881
2019-12-05T00:00:00.000,HYUN,4D,,SIL,7753,IL,10300 S. Doty,(773) 568-8495,2891092
2019-12-05T00:00:00.000,HYUN,4D,,TAN,AT93307,IL,10300 S. Doty,(773) 568-8495,2891027
2019-12-05T00:00:00.000,HYUN,4D,,WHI,BT31381,IL,400 E. Lower Wacker,(312) 744-7550,0216877
2019-12-05T00:00:00.000,HYUN,LL,,BLU,AX38224,IL,400 E. Lower Wacker,(312) 744-7550,0216859
2019-12-05T00:00:00.000,HYUN,LL,,RED,BH96251,IL,10300 S. Doty,(773) 568-8495,2891054
2019-12-05T00:00:00.000,INFI,4D,,SIL,BW65674,IL,10300 S. Doty,(773) 568-8495,2891103
2019-12-05T00:00:00.000,INFI,4D,,BLK,BR75551,IL,701 N. Sacramento,(773) 265-7605,6974861
2019-12-05T00:00:00.000,INFI,SW,,BLK,BR71585,IL,701 N. Sacramento,(773) 265-7605,6974841
2019-12-05T00:00:00.000,JAG,4D,,BLK,1946126,IL,10300 S. Doty,(773) 568-8495,2891124
2019-12-05T00:00:00.000,JEEP,4D,,BLK,R882765,IL,10300 S. Doty,(773) 568-8495,2891061
2019-12-05T00:00:00.000,JEEP,4D,,SIL,AE13865,IL,701 N. Sacramento,(773) 265-7605,6974856
2019-12-05T00:00:00.000,JEEP,4D,,BLK,BU25817,IL,10300 S. Doty,(773) 568-8495,2891097
2019-12-05T00:00:00.000,JEEP,LL,,RED,BA62703,IL,10300 S. Doty,(773) 568-8495,2891045
2019-12-05T00:00:00.000,JEEP,LL,,WHI,L647520,IL,701 N. Sacramento,(773) 265-7605,6974854
2019-12-05T00:00:00.000,JEEP,LL,,BLK,E992396,IL,400 E. Lower Wacker,(312) 744-7550,0216880
2019-12-05T00:00:00.000,JEEP,LL,,BLK,N805396,IL,701 N. Sacramento,(773) 265-7605,6974926
2019-12-05T00:00:00.000,JEEP,LL,,SIL,AY79533,IL,701 N. Sacramento,(773) 265-7605,6974863
2019-12-05T00:00:00.000,JEEP,LL,,GRY,PL0WBH,IL,701 N. Sacramento,(773) 265-7605,6974885
2019-12-05T00:00:00.000,JEEP,LL,,SIL,G878516,IL,10300 S. Doty,(773) 568-8495,2891112
2019-12-05T00:00:00.000,JEEP,LL,,GRY,V260796,IL,400 E. Lower Wacker,(312) 744-7550,0216861
2019-12-05T00:00:00.000,JEEP,LL,,BLK,AH36580,IL,701 N. Sacramento,(773) 265-7605,6974842
2019-12-05T00:00:00.000,JEEP,LL,,BLU,AFW2338,WI,400 E. Lower Wacker,(312) 744-7550,0216887
2019-12-05T00:00:00.000,KIA,4D,,LBL,EBZ9523,MI,10300 S. Doty,(773) 568-8495,2891023
2019-12-05T00:00:00.000,KIA,4D,,LBL,BB30644,IL,10300 S. Doty,(773) 568-8495,2891079
2019-12-05T00:00:00.000,KIA,4D,,BLK,885U122,IL,10300 S. Doty,(773) 568-8495,2891042
2019-12-05T00:00:00.000,KIA,4D,,WHI,BU15435,IL,701 N. Sacramento,(773) 265-7605,6974892
2019-12-05T00:00:00.000,KIA,4D,,BRO,Y992971,IL,400 E. Lower Wacker,(312) 744-7550,0216889
2019-12-05T00:00:00.000,KIA,4D,,BLU,G904423,IL,10300 S. Doty,(773) 568-8495,2891101
2019-12-05T00:00:00.000,KIA,4D,,GRY,AP20427,IL,10300 S. Doty,(773) 568-8495,2891031
2019-12-05T00:00:00.000,KIA,4D,,GRY,Q124596,IL,10300 S. Doty,(773) 568-8495,2891073
2019-12-05T00:00:00.000,KIA,4D,,TAN,BC58340,IL,10300 S. Doty,(773) 568-8495,2891018
2019-12-05T00:00:00.000,KIA,LL,,BLK,BL79965,IL,400 E. Lower Wacker,(312) 744-7550,0216876
2019-12-05T00:00:00.000,KIA,LL,TK,BLK,AZ32692,IL,400 E. Lower Wacker,(312) 744-7550,0216890
2019-12-05T00:00:00.000,KIA,LL,,WHI,BL27112,IL,10300 S. Doty,(773) 568-8495,2891083
2019-12-05T00:00:00.000,KIA,LL,,BLK,Z569756,IL,10300 S. Doty,(773) 568-8495,2891128
2019-12-05T00:00:00.000,LAND,LL,,BLK,AU34777,IL,701 N. Sacramento,(773) 265-7605,6974877
2019-12-05T00:00:00.000,LEXS,4D,,BLK,BL83517,IL,701 N. Sacramento,(773) 265-7605,6974898
2019-12-05T00:00:00.000,LINC,4D,,BLU,BA91217,IL,400 E. Lower Wacker,(312) 744-7550,0216893
2019-12-05T00:00:00.000,MAZD,4D,,GRY,BG18374,IL,701 N. Sacramento,(773) 265-7605,6974859
2019-12-05T00:00:00.000,MAZD,4D,,BLK,N717096,IL,10300 S. Doty,(773) 568-8495,2891068
2019-12-05T00:00:00.000,MAZD,4D,,BLU,AY35334,IL,701 N. Sacramento,(773) 265-7605,6974929
2019-12-05T00:00:00.000,MAZD,4D,,RED,Z575922,IL,701 N. Sacramento,(773) 265-7605,6974888
2019-12-05T00:00:00.000,MERC,2D,,GRY,AN94586,IL,701 N. Sacramento,(773) 265-7605,6974917
2019-12-05T00:00:00.000,MERC,4D,,RED,K500182,IL,701 N. Sacramento,(773) 265-7605,6974857
2019-12-05T00:00:00.000,MERC,LL,,GRY,AP82172,IL,701 N. Sacramento,(773) 265-7605,6974928
2019-12-05T00:00:00.000,MERZ,LL,TK,BLU,VMA654,IL,701 N. Sacramento,(773) 265-7605,6974946
2019-12-05T00:00:00.000,MINI,2D,,WHI,Q113189,IL,701 N. Sacramento,(773) 265-7605,6974871
2019-12-05T00:00:00.000,MITS,4D,,BLK,BD88299,IL,10300 S. Doty,(773) 568-8495,2891026
2019-12-05T00:00:00.000,MITS,4D,,GRY,8780173,IL,701 N. Sacramento,(773) 265-7605,6974919
2019-12-05T00:00:00.000,NISS,4D,,GRY,Z868619,IL,400 E. Lower Wacker,(312) 744-7550,0216862
2019-12-05T00:00:00.000,NISS,4D,,BLK,348TYC,IN,701 N. Sacramento,(773) 265-7605,6974924
2019-12-05T00:00:00.000,NISS,4D,,BLK,Y937616,IL,400 E. Lower Wacker,(312) 744-7550,0216875
2019-12-05T00:00:00.000,NISS,4D,,GRY,BP90677,IL,10300 S. Doty,(773) 568-8495,2891064
2019-12-05T00:00:00.000,NISS,4D,,GRY,BC44716,IL,10300 S. Doty,(773) 568-8495,2891041
2019-12-05T00:00:00.000,NISS,4D,,BLK,BA48898,IL,400 E. Lower Wacker,(312) 744-7550,0216860
2019-12-05T00:00:00.000,NISS,4D,,SIL,BF18916,IL,400 E. Lower Wacker,(312) 744-7550,0216894
2019-12-05T00:00:00.000,NISS,4D,,GRY,AW76485,IL,701 N. Sacramento,(773) 265-7605,6974847
2019-12-05T00:00:00.000,NISS,4D,,GRY,AL76569,IL,10300 S. Doty,(773) 568-8495,2891063
2019-12-05T00:00:00.000,NISS,4D,,BLU,BN85663,IL,10300 S. Doty,(773) 568-8495,2891047
2019-12-05T00:00:00.000,NISS,4D,,BLK,Q862871,IL,10300 S. Doty,(773) 568-8495,2891120
2019-12-05T00:00:00.000,NISS,4D,,SIL,BA52752,IL,10300 S. Doty,(773) 568-8495,2891058
2019-12-05T00:00:00.000,NISS,4D,,GRY,ZX75269,IL,10300 S. Doty,(773) 568-8495,2891110
2019-12-05T00:00:00.000,NISS,4D,,BLK,BG75677,IL,701 N. Sacramento,(773) 265-7605,6974851
2019-12-05T00:00:00.000,NISS,4D,,GRY,BH70941,IL,701 N. Sacramento,(773) 265-7605,6974908
2019-12-05T00:00:00.000,NISS,4D,,SIL,Q393822,IL,701 N. Sacramento,(773) 265-7605,6974937
2019-12-05T00:00:00.000,NISS,4D,,GRY,BE42289,IL,10300 S. Doty,(773) 568-8495,2891108
2019-12-05T00:00:00.000,NISS,4D,,BLK,E949469,IL,10300 S. Doty,(773) 568-8495,2891032
2019-12-05T00:00:00.000,NISS,4D,,BLK,AV21846,IL,10300 S. Doty,(773) 568-8495,2891030
2019-12-05T00:00:00.000,NISS,4D,,BLK,BM36522,IL,701 N. Sacramento,(773) 265-1846,1539631
2019-12-05T00:00:00.000,NISS,4D,,GRY,BE22896,IL,10300 S. Doty,(773) 568-8495,2891102
2019-12-05T00:00:00.000,NISS,4D,,WHI,BC44535,IL,10300 S. Doty,(773) 568-8495,2891099
2019-12-05T00:00:00.000,NISS,4D,,MAR,E732259,IL,400 E. Lower Wacker,(312) 744-7550,0216891
2019-12-05T00:00:00.000,NISS,4D,,GRY,890U399,IL,701 N. Sacramento,(773) 265-7605,6974925
2019-12-05T00:00:00.000,NISS,4D,,GRY,BA39537,IL,701 N. Sacramento,(773) 265-7605,6974846
2019-12-05T00:00:00.000,NISS,LL,,BLK,AS77000,IL,701 N. Sacramento,(773) 265-7605,6974911
2019-12-05T00:00:00.000,NISS,LL,,BLU,BL84597,IL,701 N. Sacramento,(773) 265-7605,6974932
2019-12-05T00:00:00.000,NISS,LL,,GRY,999U308,IL,701 N. Sacramento,(773) 265-7605,6974921
2019-12-05T00:00:00.000,NISS,LL,,BLK,AH18011,IL,10300 S. Doty,(773) 785-9752,1719795
2019-12-05T00:00:00.000,NISS,LL,,GRY,ACA3052,WI,10300 S. Doty,(773) 568-8495,2891072
2019-12-05T00:00:00.000,OLDS,4D,,BLU,BE17590,IL,701 N. Sacramento,(773) 265-7605,6974845
2019-12-05T00:00:00.000,OLDS,4D,,RED,Z489643,IL,10300 S. Doty,(773) 568-8495,2891114
2019-12-05T00:00:00.000,OLDS,4D,,GLD,,IL,701 N. Sacramento,(773) 265-7605,6974838
2019-12-05T00:00:00.000,OLDS,LL,,SIL,AT18467,IL,10300 S. Doty,(773) 568-8495,2891059
2019-12-05T00:00:00.000,PONT,4D,,RED,917U578,IL,701 N. Sacramento,(773) 265-7605,6974860
2019-12-05T00:00:00.000,PONT,4D,,SIL,AD65634,IL,10300 S. Doty,(773) 568-8495,2891051
2019-12-05T00:00:00.000,PONT,LL,,BLK,V188105,IL,701 N. Sacramento,(773) 265-7605,6974923
2019-12-05T00:00:00.000,PONT,LL,,SIL,BL53317,IL,10300 S. Doty,(773) 568-8495,2891126
2019-12-05T00:00:00.000,SATR,4D,,BLK,BN69066,IL,701 N. Sacramento,(773) 265-7605,6974850
2019-12-05T00:00:00.000,SATR,LL,,SIL,BF37910,IL,10300 S. Doty,(773) 568-8495,2891024
2019-12-05T00:00:00.000,SATU,LL,,WHI,Z264420,IL,10300 S. Doty,(773) 568-8495,2891111
2019-12-05T00:00:00.000,SMAR,2D,,WHI,AX87932,IL,701 N. Sacramento,(773) 265-7605,6974909
2019-12-05T00:00:00.000,SUBA,4D,,GRY,BB71438,IL,701 N. Sacramento,(773) 265-7605,6974897
2019-12-05T00:00:00.000,SUBA,LL,,GRY,BL59360,IL,701 N. Sacramento,(773) 265-7605,6974936
2019-12-05T00:00:00.000,SUBA,SW,,GLD,DWD2797,IL,701 N. Sacramento,(773) 265-7605,6974912
2019-12-05T00:00:00.000,TOYO,4D,,BLK,BT72526,IL,10300 S. Doty,(773) 568-8495,2891081
2019-12-05T00:00:00.000,TOYO,4D,,BLK,BK31290,IL,10300 S. Doty,(773) 568-8495,2891090
2019-12-05T00:00:00.000,TOYO,4D,,SIL,BN68802,IL,10300 S. Doty,(773) 568-8495,2891084
2019-12-05T00:00:00.000,TOYO,4D,,GRY,R824610,IL,10300 S. Doty,(773) 568-8495,2891067
2019-12-05T00:00:00.000,TOYO,4D,,SIL,3777265,IL,701 N. Sacramento,(773) 265-7605,6974903
2019-12-05T00:00:00.000,TOYO,4D,,SIL,AG21469,IL,10300 S. Doty,(773) 568-8495,2891093
2019-12-05T00:00:00.000,TOYO,4D,,SIL,FP90155,IL,701 N. Sacramento,(773) 265-7605,6974840
2019-12-05T00:00:00.000,TOYO,4D,,GRY,A107439,IL,701 N. Sacramento,(773) 265-7605,6974880
2019-12-05T00:00:00.000,TOYO,4D,,BLK,BL83064,IL,10300 S. Doty,(773) 568-8495,2891069
2019-12-05T00:00:00.000,TOYO,LL,,BLU,Z751206,IL,701 N. Sacramento,(773) 265-7605,6974870
2019-12-05T00:00:00.000,TOYO,VN,,GLD,BB95340,IL,701 N. Sacramento,(773) 265-7605,6974889
2019-12-05T00:00:00.000,TOYT,4D,,WHI,AN39697,IL,701 N. Sacramento,(773) 265-7605,6974920
2019-12-05T00:00:00.000,TOYT,4D,,BLU,FWL510,IL,400 E. Lower Wacker,(312) 744-7550,0216872
2019-12-05T00:00:00.000,TOYT,4D,,BLK,X898482,IL,701 N. Sacramento,(773) 265-7605,6974933
2019-12-05T00:00:00.000,TOYT,4D,,WHI,Q986433,IL,10300 S. Doty,(773) 568-8495,2891106
2019-12-05T00:00:00.000,TOYT,4D,,TRQ,BM15598,IL,701 N. Sacramento,(773) 265-7605,6974894
2019-12-05T00:00:00.000,TOYT,4D,,BLU,R978886,IL,10300 S. Doty,(773) 568-8495,2891115
2019-12-05T00:00:00.000,TOYT,4D,,GRY,K108655,IL,400 E. Lower Wacker,(312) 744-7550,0216871
2019-12-05T00:00:00.000,TOYT,4D,,RED,BR80068,IL,701 N. Sacramento,(773) 265-7605,6974890
2019-12-05T00:00:00.000,TOYT,4D,,GRY,Q508924,IL,400 E. Lower Wacker,(312) 744-7550,0216853
2019-12-05T00:00:00.000,TOYT,4D,,GRY,TANYA,IL,10300 S. Doty,(773) 785-9752,1719793
2019-12-05T00:00:00.000,TOYT,4D,,WHI,Z868991,IL,701 N. Sacramento,(773) 265-1846,1539634
2019-12-05T00:00:00.000,TOYT,4D,,GRY,N507150,IL,701 N. Sacramento,(773) 265-7605,6974949
2019-12-05T00:00:00.000,TOYT,4D,,GRY,BH68150,IL,400 E. Lower Wacker,(312) 744-7550,0216867
2019-12-05T00:00:00.000,TOYT,4D,,GRN,X2035L,TN,10300 S. Doty,(773) 568-8495,2891121
2019-12-05T00:00:00.000,TOYT,4D,,GRY,E238060,IL,400 E. Lower Wacker,(312) 744-7550,0216868
2019-12-05T00:00:00.000,TOYT,4D,,GRY,E818940,IL,10300 S. Doty,(773) 568-8495,2891034
2019-12-05T00:00:00.000,TOYT,4D,,YEL,3474TX,IL,701 N. Sacramento,(773) 265-7605,6974896
2019-12-05T00:00:00.000,TOYT,4D,,WHI,BG92961,IL,701 N. Sacramento,(773) 265-7605,6974905
2019-12-05T00:00:00.000,TOYT,4D,,WHI,AL96031,IL,701 N. Sacramento,(773) 265-7605,6974939
2019-12-05T00:00:00.000,TOYT,4D,,RED,BH24806,IL,701 N. Sacramento,(773) 265-7605,6974913
2019-12-05T00:00:00.000,TOYT,LL,,BLU,E800584,IL,701 N. Sacramento,(773) 265-7605,6974855
2019-12-05T00:00:00.000,TOYT,LL,,BLU,ZU71534,IL,701 N. Sacramento,(773) 265-7605,6974931
2019-12-05T00:00:00.000,TOYT,VA,,RED,9451890,IL,701 N. Sacramento,(773) 265-7605,6974922
2019-12-05T00:00:00.000,TOYT,VN,,BLK,AV43735,IL,701 N. Sacramento,(773) 265-7605,6974945
2019-12-05T00:00:00.000,VOLK,4D,,SIL,ZY81330,IL,10300 S. Doty,(773) 568-8495,2891022
2019-12-05T00:00:00.000,VOLK,4D,,GRY,SENSIBH,IL,701 N. Sacramento,(773) 265-7605,6974879
2019-12-05T00:00:00.000,VOLK,4D,,BLK,AN77363,IL,10300 S. Doty,(773) 568-8495,2891107
2019-12-05T00:00:00.000,VOLK,4D,,BLK,AQ25990,IL,701 N. Sacramento,(773) 265-7605,6974891
2019-12-05T00:00:00.000,VOLK,LL,,GRY,DEBROS,IL,10300 S. Doty,(773) 568-8495,2891087
2019-12-05T00:00:00.000,VOLV,4D,,WHI,,IL,701 N. Sacramento,(773) 265-7605,6974948
2019-12-05T00:00:00.000,,TF,,BLK,,IL,701 N. Sacramento,(773) 265-1846,1539632
2019-12-04T00:00:00.000,ACUR,2D,,WHI,ZX52583,IL,701 N. Sacramento,(773) 265-7605,6974831
2019-12-04T00:00:00.000,AUDI,LL,,BLK,AP85403,IL,701 N. Sacramento,(773) 265-1846,1539627
2019-12-04T00:00:00.000,AUDI,LL,,WHI,CJP1647,MA,10300 S. Doty,(773) 568-8495,2890983
2019-12-04T00:00:00.000,BMW,4D,,GRY,LNDR,IL,701 N. Sacramento,(773) 265-7605,6974704
2019-12-04T00:00:00.000,BUIC,4D,,LBL,,IL,10300 S. Doty,(773) 568-8495,2890900
2019-12-04T00:00:00.000,BUIC,LL,,BLU,R208449,IL,10300 S. Doty,(773) 568-8495,2890888
2019-12-04T00:00:00.000,CADI,4D,,SIL,QHSN5ZJ,TN,701 N. Sacramento,(773) 265-7605,6974711
2019-12-04T00:00:00.000,CADI,LL,,BLK,AN26310,IL,10300 S. Doty,(773) 568-8495,2890996
2019-12-04T00:00:00.000,CHEV,2D,,SIL,100V486,IL,701 N. Sacramento,(773) 265-7605,6974822
2019-12-04T00:00:00.000,CHEV,2D,,MAR,,IL,10300 S. Doty,(773) 568-8495,2890925
2019-12-04T00:00:00.000,CHEV,4D,,WHI,M64XW,FL,10300 S. Doty,(773) 568-8495,2890984
2019-12-04T00:00:00.000,CHEV,4D,,BLK,AX35983,IL,701 N. Sacramento,(773) 265-1846,1539628
2019-12-04T00:00:00.000,CHEV,4D,,GRY,AX31453,IL,10300 S. Doty,(773) 568-8495,2890974
2019-12-04T00:00:00.000,CHEV,4D,,SIL,ZY93549,IL,701 N. Sacramento,(773) 265-7605,6974696
2019-12-04T00:00:00.000,CHEV,4D,,BLK,AU27293,IL,10300 S. Doty,(773) 568-8495,2891004
2019-12-04T00:00:00.000,CHEV,4D,,BLU,AK64974,IL,10300 S. Doty,(773) 568-8495,2890990
2019-12-04T00:00:00.000,CHEV,4D,,TAN,E554968,IL,10300 S. Doty,(773) 568-8495,2890899
2019-12-04T00:00:00.000,CHEV,4D,,SIL,AT50125,IL,701 N. Sacramento,(773) 265-7605,6974823
2019-12-04T00:00:00.000,CHEV,4D,,SIL,813400,IL,10300 S. Doty,(773) 568-8495,2890911
2019-12-04T00:00:00.000,CHEV,4D,,GRY,372736,IL,701 N. Sacramento,(773) 265-7605,6974835
2019-12-04T00:00:00.000,CHEV,4D,,GRY,R263981,IL,701 N. Sacramento,(773) 265-7605,6974712
2019-12-04T00:00:00.000,CHEV,4D,,SIL,,IL,701 N. Sacramento,(773) 265-7605,6974701
2019-12-04T00:00:00.000,CHEV,4D,,WHI,BT95566,IL,701 N. Sacramento,(773) 265-7605,6974702
2019-12-04T00:00:00.000,CHEV,4D,,SIL,BL83684,IL,701 N. Sacramento,(773) 265-7605,6974818
2019-12-04T00:00:00.000,CHEV,4D,,SIL,,,10300 S. Doty,(773) 568-8495,2890907
2019-12-04T00:00:00.000,CHEV,LL,,SIL,V428468,IL,701 N. Sacramento,(773) 265-1846,1539629
2019-12-04T00:00:00.000,CHEV,LL,,GRN,BH16434,IL,701 N. Sacramento,(773) 265-7605,6974812
2019-12-04T00:00:00.000,CHEV,LL,,BRZ,AD55382,IL,10300 S. Doty,(773) 568-8495,2890892
2019-12-04T00:00:00.000,CHEV,LL,,RED,AY79258,IL,10300 S. Doty,(773) 568-8495,2890986
2019-12-04T00:00:00.000,CHEV,LL,,TAN,BF21507,IL,10300 S. Doty,(773) 568-8495,2890975
2019-12-04T00:00:00.000,CHEV,VC,,,N556384,IL,10300 S. Doty,(773) 568-8495,2890988
2019-12-04T00:00:00.000,CHEV,VN,TK,GRN,R215149,IL,701 N. Sacramento,(773) 265-7605,6974720
2019-12-04T00:00:00.000,CHEV,VN,TK,RED,,,701 N. Sacramento,(773) 265-7605,6974836
2019-12-04T00:00:00.000,CHRY,4D,,SIL,BB29029,IL,10300 S. Doty,(773) 568-8495,2890923
2019-12-04T00:00:00.000,CHRY,LL,,SIL,BR75659,IL,701 N. Sacramento,(773) 265-7605,6974829
2019-12-04T00:00:00.000,CHRY,VN,,SIL,304716,IL,701 N. Sacramento,(773) 265-7605,6974826
2019-12-04T00:00:00.000,DODG,4D,,RED,BU74113,IL,10300 S. Doty,(773) 568-8495,2890960
2019-12-04T00:00:00.000,DODG,4D,,RED,Y953021,IL,10300 S. Doty,(773) 568-8495,2890992
2019-12-04T00:00:00.000,DODG,4D,,SIL,8059094,IL,701 N. Sacramento,(773) 265-1846,1539625
2019-12-04T00:00:00.000,DODG,4D,,WHI,676TUX,IN,400 E. Lower Wacker,(312) 744-7550,0216793
2019-12-04T00:00:00.000,DODG,4D,,WHI,AV91123,IL,701 N. Sacramento,(773) 265-7605,6974721
2019-12-04T00:00:00.000,DODG,LL,,RED,611U624,IL,10300 S. Doty,(773) 568-8495,2890893
2019-12-04T00:00:00.000,DODG,LL,,SIL,998U466,IL,10300 S. Doty,(773) 568-8495,2890966
2019-12-04T00:00:00.000,DODG,LL,,GRN,BA64065,IL,10300 S. Doty,(773) 568-8495,2890879
2019-12-04T00:00:00.000,DODG,LL,,BLU,BE90546,IL,10300 S. Doty,(773) 568-8495,2890995
2019-12-04T00:00:00.000,DODG,LL,,BLK,V240795,IL,10300 S. Doty,(773) 568-8495,2890898
2019-12-04T00:00:00.000,DODG,VC,,GRN,,IL,701 N. Sacramento,(773) 265-7605,6974698
2019-12-04T00:00:00.000,DODG,VN,TK,GRN,BR79311,IL,701 N. Sacramento,(773) 265-7605,6974827
2019-12-04T00:00:00.000,FORD,2D,,GRN,BE5350,IL,10300 S. Doty,(773) 568-8495,2890896
2019-12-04T00:00:00.000,FORD,4D,,YEL,AT12631,IL,10300 S. Doty,(773) 568-8495,2890897
2019-12-04T00:00:00.000,FORD,4D,,BLK,,IL,10300 S. Doty,(773) 568-8495,2890942
2019-12-04T00:00:00.000,FORD,4D,,SIL,BA45145,IL,701 N. Sacramento,(773) 265-7605,6974718
2019-12-04T00:00:00.000,FORD,4D,,SIL,BA30735,IL,701 N. Sacramento,(773) 265-7605,6974699
2019-12-04T00:00:00.000,FORD,4D,,WHI,BB19008,IL,10300 S. Doty,(773) 568-8495,2890922
2019-12-04T00:00:00.000,FORD,4D,,GRN,BE16484,IL,701 N. Sacramento,(773) 265-1846,1539626
2019-12-04T00:00:00.000,FORD,4D,,WHI,Q153159,IL,701 N. Sacramento,(773) 265-7605,6974709
2019-12-04T00:00:00.000,FORD,4D,,SIL,AX14549,IL,10300 S. Doty,(773) 568-8495,2890887
2019-12-04T00:00:00.000,FORD,4D,,RED,AW83260,IL,10300 S. Doty,(773) 568-8495,2890985
2019-12-04T00:00:00.000,FORD,4D,,WHI,BF65541,IL,10300 S. Doty,(773) 568-8495,2890981
2019-12-04T00:00:00.000,FORD,4D,,BLK,AQ42787,IL,701 N. Sacramento,(773) 265-7605,6974706
2019-12-04T00:00:00.000,FORD,4D,,RED,BE88357,IL,701 N. Sacramento,(773) 265-7605,2890904
2019-12-04T00:00:00.000,FORD,4H,,GRY,Q814540,IL,400 E. Lower Wacker,(312) 744-7550,0216825
2019-12-04T00:00:00.000,FORD,LL,,TAN,2378401,IL,10300 S. Doty,(773) 568-8495,2891010
2019-12-04T00:00:00.000,FORD,LL,,WHI,AH68649,AZ,701 N. Sacramento,(773) 265-7605,6974762
2019-12-04T00:00:00.000,FORD,LL,,RED,BL87323,IL,701 N. Sacramento,(773) 265-7605,6974694
2019-12-04T00:00:00.000,FORD,LL,,RED,BB91685,IL,10300 S. Doty,(773) 568-8495,2890884
2019-12-04T00:00:00.000,FORD,LL,,WHI,422VPT,WI,701 N. Sacramento,(773) 265-7605,6974837
2019-12-04T00:00:00.000,FORD,LL,,SIL,Z446028,IL,10300 S. Doty,(773) 568-8495,2890921
2019-12-04T00:00:00.000,FORD,LL,,WHI,340833,IL,10300 S. Doty,(773) 568-8495,2890880
2019-12-04T00:00:00.000,FORD,LL,,SIL,294270,IL,10300 S. Doty,(773) 568-8495,2890944
2019-12-04T00:00:00.000,FORD,PK,,SIL,2445801,IL,701 N. Sacramento,(773) 265-7605,6974710
2019-12-04T00:00:00.000,FORD,VC,,WHI,1757575B,IL,10300 S. Doty,(773) 568-8495,2890913
2019-12-04T00:00:00.000,FORD,VN,,TAN,AU88219,IL,10300 S. Doty,(773) 568-8495,2891006
2019-12-04T00:00:00.000,FORD,VN,,WHI,355RET,KY,701 N. Sacramento,(773) 265-7605,6974738
2019-12-04T00:00:00.000,GMC,PK,,ONG,2475280B,IL,701 N. Sacramento,(773) 265-7605,6974821
2019-12-04T00:00:00.000,GMC,PK,,BLU,2328547,IL,10300 S. Doty,(773) 568-8495,2891019
2019-12-04T00:00:00.000,HOND,2D,,GRN,BG85842,IL,701 N. Sacramento,(773) 265-7605,6974717
2019-12-04T00:00:00.000,HOND,2D,,GRY,AE60890,IL,10300 S. Doty,(773) 568-8495,2891014
2019-12-04T00:00:00.000,HOND,4D,,GRN,Q181034,IL,10300 S. Doty,(773) 568-8495,2890993
2019-12-04T00:00:00.000,HOND,4D,,BLU,UN4W5W,MT,701 N. Sacramento,(773) 265-7605,6974816
2019-12-04T00:00:00.000,HOND,4D,,RED,AQ18734,IL,10300 S. Doty,(773) 568-8495,2891011
2019-12-04T00:00:00.000,HOND,LL,,GRY,L265877,IL,701 N. Sacramento,(773) 265-7605,6974700
2019-12-04T00:00:00.000,HOND,LL,TK_,BLK,AGV8503,WI,10300 S. Doty,(773) 568-8495,2890920
2019-12-04T00:00:00.000,HUME,LL,,GRY,Q324645,IL,10300 S. Doty,(773) 568-8495,2890908
2019-12-04T00:00:00.000,HYUN,4D,,SIL,BQ42951,IL,701 N. Sacramento,(773) 265-7605,6974775
2019-12-04T00:00:00.000,HYUN,4D,,BLU,BD22198,IL,10300 S. Doty,(773) 568-8495,2890903
2019-12-04T00:00:00.000,HYUN,4D,,RED,BP82312,IL,10300 S. Doty,(773) 568-8495,2890965
2019-12-04T00:00:00.000,HYUN,4D,,GRY,00237335,IL,10300 S. Doty,(773) 568-8495,2890886
2019-12-04T00:00:00.000,HYUN,4D,,GRY,0896XF,FL,10300 S. Doty,(773) 568-8495,2890916
2019-12-04T00:00:00.000,HYUN,4H,,SIL,AY60812,IL,400 E. Lower Wacker,(312) 744-7550,0216828
2019-12-04T00:00:00.000,INFI,2D,,GRY,348221,IL,701 N. Sacramento,(773) 265-7605,6974832
2019-12-04T00:00:00.000,JEEP,LL,,BLU,ZU52457,IL,10300 S. Doty,(773) 785-9752,1719791
2019-12-04T00:00:00.000,JEEP,LL,,BLK,AT82519,IL,701 N. Sacramento,(773) 265-7605,6974740
2019-12-04T00:00:00.000,JEEP,LL,,BLU,849SPP,IL,701 N. Sacramento,(773) 265-7605,6974808
2019-12-04T00:00:00.000,KIA,4D,,WHI,AZ92877,IL,400 E. Lower Wacker,(312) 744-7550,0216800
2019-12-04T00:00:00.000,KIA,4D,,RED,AQ71277,IL,701 N. Sacramento,(773) 265-7605,6974707
2019-12-04T00:00:00.000,KIA,4D,,RED,DUZ5561,MI,10300 S. Doty,(773) 568-8495,2890961
2019-12-04T00:00:00.000,KIA,LL,,BLK,BB68437,IL,10300 S. Doty,(773) 568-8495,2890918
2019-12-04T00:00:00.000,LAND,LL,,GRY,BW62718,IL,701 N. Sacramento,(773) 265-7605,6974813
2019-12-04T00:00:00.000,LEXS,4D,,WHI,BK84834,IL,701 N. Sacramento,(773) 265-1846,1539630
2019-12-04T00:00:00.000,LEXS,4D,,SIL,V376375,IL,10300 S. Doty,(773) 568-8495,2890910
2019-12-04T00:00:00.000,LINC,4D,,BRO,BT28091,IL,10300 S. Doty,(773) 568-8495,289100
2019-12-04T00:00:00.000,LINC,4D,,RED,AP52777,IL,10300 S. Doty,(773) 568-8495,2890890
2019-12-04T00:00:00.000,LINC,LL,,BLK,BK33856,IL,10300 S. Doty,(773) 568-8495,2890976
2019-12-04T00:00:00.000,MAZD,4D,,RED,Q593161,IL,701 N. Sacramento,(773) 265-7605,6974834
2019-12-04T00:00:00.000,MERC,4D,,GRY,348272,IL,701 N. Sacramento,(773) 265-7605,6974716
2019-12-04T00:00:00.000,MERC,4D,,BLU,AX90385,IL,10300 S. Doty,(773) 568-8495,2890979
2019-12-04T00:00:00.000,MITS,4D,,SIL,AX73150,IL,10300 S. Doty,(773) 568-8495,2890912
2019-12-04T00:00:00.000,NISS,4D,,BLK,BG28759,IL,10300 S. Doty,(773) 568-8495,2890883
2019-12-04T00:00:00.000,NISS,4D,,GRY,Q124053,IL,701 N. Sacramento,(773) 265-7605,6974697
2019-12-04T00:00:00.000,NISS,4D,,BLK,6784689,IL,10300 S. Doty,(773) 568-8495,2890980
2019-12-04T00:00:00.000,NISS,4D,,GRY,1SJV54,MA,701 N. Sacramento,(773) 265-7605,6974767
2019-12-04T00:00:00.000,NISS,4D,,SIL,668323,IL,701 N. Sacramento,(773) 265-7605,6974828
2019-12-04T00:00:00.000,NISS,4D,,LBL,,IL,10300 S. Doty,(773) 568-8495,2890905
2019-12-04T00:00:00.000,NISS,4D,,BLK,521U333,IL,10300 S. Doty,(773) 568-8495,2890895
2019-12-04T00:00:00.000,NISS,4D,,SIL,E698185,IL,701 N. Sacramento,(773) 265-7605,6974714
2019-12-04T00:00:00.000,NISS,4D,,BLU,BP82763,IL,10300 S. Doty,(773) 568-8495,2891007
2019-12-04T00:00:00.000,NISS,4D,,BLK,BF19322,IL,10300 S. Doty,(773) 568-8495,2890924
2019-12-04T00:00:00.000,NISS,4H,,WHI,BA90882,IL,400 E. Lower Wacker,(312) 744-7550,0216843
2019-12-04T00:00:00.000,NISS,LL,,PLE,BN28699,IL,10300 S. Doty,(773) 568-8495,2891005
2019-12-04T00:00:00.000,NISS,LL,,SIL,BE77588,IL,10300 S. Doty,(773) 568-8495,2891003
2019-12-04T00:00:00.000,NISS,LL,,BLU,GHH5015,OH,701 N. Sacramento,(773) 265-7605,6974830
2019-12-04T00:00:00.000,NISS,LL,,BRZ,,IL,701 N. Sacramento,(773) 265-7605,6974713
2019-12-04T00:00:00.000,NISS,SW,,GRY,948U118,IL,701 N. Sacramento,(773) 265-7605,6974783
2019-12-04T00:00:00.000,NISS,VN,TK,BLK,AL55873,IL,400 E. Lower Wacker,(312) 744-7550,0216838
2019-12-04T00:00:00.000,PONT,4D,,GRN,AS45723,IL,701 N. Sacramento,(773) 265-7605,6974722
2019-12-04T00:00:00.000,PONT,4D,,TAN,,,10300 S. Doty,(773) 568-8495,2891015
2019-12-04T00:00:00.000,PONT,4D,,BLK,2258473,IL,701 N. Sacramento,(773) 265-7605,6974825
2019-12-04T00:00:00.000,PONT,VC,,,BA39288,IL,10300 S. Doty,(773) 568-8495,2890989
2019-12-04T00:00:00.000,SATR,4D,,RED,H180495,IL,10300 S. Doty,(773) 568-8495,2890994
2019-12-04T00:00:00.000,SATR,LL,,BLU,509721,IL,10300 S. Doty,(773) 568-8495,485631
2019-12-04T00:00:00.000,SCIO,4D,,PLE,AP44459,IL,10300 S. Doty,(773) 568-8495,2891016
2019-12-04T00:00:00.000,SUBA,LL,,RED,AV21831,IL,10300 S. Doty,(773) 568-8495,2890919
2019-12-04T00:00:00.000,SUZU,LL,,SIL,BLL551,IL,10300 S. Doty,(773) 568-8495,2891012
2019-12-04T00:00:00.000,TOYO,4D,,MAR,BF75281,IL,701 N. Sacramento,(773) 265-7605,6974796
2019-12-04T00:00:00.000,TOYT,2D,,BLK,BA57948,IL,10300 S. Doty,(773) 568-8495,2890999
2019-12-04T00:00:00.000,TOYT,4D,,GLD,S497618,IL,10300 S. Doty,(773) 568-8495,2890945
2019-12-04T00:00:00.000,TOYT,4D,,BLK,BWS313,MI,400 E. Lower Wacker,(312) 744-7550,0216841
2019-12-04T00:00:00.000,TOYT,4D,,BLK,S624979,IL,10300 S. Doty,(773) 568-8495,2890978
2019-12-04T00:00:00.000,TOYT,4D,,PLE,P333450,IL,10300 S. Doty,(773) 568-8495,2890902
2019-12-04T00:00:00.000,TOYT,4D,,WHI,BK68830,IL,10300 S. Doty,(773) 568-8495,2890894
2019-12-04T00:00:00.000,TOYT,4D,,WHI,AEM6821,WI,10300 S. Doty,(773) 568-8495,2890991
2019-12-04T00:00:00.000,TOYT,4D,,BLU,Z408449,IL,10300 S. Doty,(773) 568-8495,2890997
2019-12-04T00:00:00.000,TOYT,LL,,TAN,962U656,IL,701 N. Sacramento,(773) 265-7605,6974708
2019-12-04T00:00:00.000,TOYT,VN,,GRN,BP39702,IL,10300 S. Doty,(773) 568-8495,2890909
2019-12-04T00:00:00.000,UTIL,UT,,WHI,670856ST,IL,701 N. Sacramento,(773) 265-7605,6974824
2019-12-04T00:00:00.000,VOLK,4D,,WHI,AV25347,IL,701 N. Sacramento,(773) 265-7605,6974778
2019-12-04T00:00:00.000,VOLK,4D,,TAN,AH95649,IL,400 E. Lower Wacker,(312) 744-7550,0216814
2019-12-04T00:00:00.000,VOLK,4D,,BLK,BL90606,IL,701 N. Sacramento,(773) 265-7605,6974820
2019-12-04T00:00:00.000,VOLK,4D,,WHI,BT80119,IL,701 N. Sacramento,(773) 265-7605,6974791
2019-12-04T00:00:00.000,VOLV,4D,,BLK,AR13250,IL,701 N. Sacramento,(773) 265-7605,6974724
2019-12-04T00:00:00.000,,MC,,BLU,,IL,10300 S. Doty,(773) 568-8495,2891017
2019-12-04T00:00:00.000,,TC,,WHI,697856ST,IL,701 N. Sacramento,(773) 265-7605,6974819
2019-12-04T00:00:00.000,,TF,,WHI,,IL,10300 S. Doty,(773) 568-8495,2890987
2019-12-04T00:00:00.000,,UT,,BLK,106650TE,IL,701 N. Sacramento,(773) 265-7605,6974833
2019-12-03T00:00:00.000,ACUR,4T,,BLK,916U827,IL,701 N. Sacramento,(773) 265-7605,6974520
2019-12-03T00:00:00.000,ACUR,LL,,SIL,,IL,10300 S. Doty,(773) 568-8495,2890754
2019-12-03T00:00:00.000,AUDI,4D,,WHI,M58FNM,NJ,10300 S. Doty,(773) 568-8495,2890833
2019-12-03T00:00:00.000,BMW,4D,,GRY,W581AB,MO,701 N. Sacramento,(773) 265-7605,6974602
2019-12-03T00:00:00.000,BMW,CV,,BLU,BB27135,IL,10300 S. Doty,(773) 568-8495,2890837
2019-12-03T00:00:00.000,BMW,LL,,BLU,BN73740,IL,10300 S. Doty,(773) 568-8495,2890878
2019-12-03T00:00:00.000,BUIC,4D,,SIL,AL90764,IL,701 N. Sacramento,(773) 265-7605,6974675
2019-12-03T00:00:00.000,BUIC,4D,,WHI,BG54480,IL,701 N. Sacramento,(773) 265-7605,6974507
2019-12-03T00:00:00.000,BUIC,4D,,SIL,BT32470,IL,10300 S. Doty,(773) 568-8495,2890822
2019-12-03T00:00:00.000,BUIC,4D,,GRY,BT18253,IL,701 N. Sacramento,(773) 265-7605,6974684
2019-12-03T00:00:00.000,BUIC,4D,,GLD,BE20974,IL,10300 S. Doty,(773) 568-8495,2890782
2019-12-03T00:00:00.000,BUIC,4T,,BLK,Y995142,IL,10300 S. Doty,(773) 568-8495,2890789
2019-12-03T00:00:00.000,BUIC,4T,,BLK,BB26959,IL,10300 S. Doty,(773) 568-8495,2890807
2019-12-03T00:00:00.000,CADI,4D,,BLK,BL92217,IL,701 N. Sacramento,(773) 265-7605,6974677
2019-12-03T00:00:00.000,CADI,LL,,WHI,693025,IL,10300 S. Doty,(773) 568-8495,2890858
2019-12-03T00:00:00.000,CADI,LL,,DBL,AX58768,IL,701 N. Sacramento,(773) 265-7605,6974591
2019-12-03T00:00:00.000,CHEV,2H,,BLK,ZU88523,IL,701 N. Sacramento,(773) 265-7605,6974501
2019-12-03T00:00:00.000,CHEV,4D,,GLD,BF14950,IL,10300 S. Doty,(773) 568-8495,2890850
2019-12-03T00:00:00.000,CHEV,4D,,BLU,495889,IL,701 N. Sacramento,(773) 265-7605,6974674
2019-12-03T00:00:00.000,CHEV,4D,,BLK,BF25422,IL,10300 S. Doty,(773) 568-8495,2890863
2019-12-03T00:00:00.000,CHEV,4D,,GRY,V781634,IL,701 N. Sacramento,(773) 265-7605,6974550
2019-12-03T00:00:00.000,CHEV,4D,,BLK,W581,MO,701 N. Sacramento,(773) 265-7605,6974607
2019-12-03T00:00:00.000,CHEV,4D,,BLU,,IL,701 N. Sacramento,(773) 265-1846,1539623
2019-12-03T00:00:00.000,CHEV,4D,,BLK,AR77264,IL,10300 S. Doty,(773) 568-8495,2890784
2019-12-03T00:00:00.000,CHEV,4D,,GRY,BH20203,IL,10300 S. Doty,(773) 568-8495,2890869
2019-12-03T00:00:00.000,CHEV,4D,,WHI,AV90746,IL,10300 S. Doty,(773) 568-8495,2890756
2019-12-03T00:00:00.000,CHEV,4D,,PLE,ZZ15259,IL,701 N. Sacramento,(773) 265-7605,6974667
2019-12-03T00:00:00.000,CHEV,4D,,BLK,,IL,701 N. Sacramento,(773) 265-7605,6974497
2019-12-03T00:00:00.000,CHEV,4D,,RED,V706940,IL,701 N. Sacramento,(773) 265-7605,6974691
2019-12-03T00:00:00.000,CHEV,4D,,WHI,STJ8918,,400 E. Lower Wacker,(312) 744-7550,0216777
2019-12-03T00:00:00.000,CHEV,4T,,BLK,ZZ72565,IL,10300 S. Doty,(773) 568-8495,2890800
2019-12-03T00:00:00.000,CHEV,4T,,SIL,AQ47711,IL,10300 S. Doty,(773) 568-8495,2890803
2019-12-03T00:00:00.000,CHEV,4T,,WHI,BK46550,IL,10300 S. Doty,(773) 568-8495,2890785
2019-12-03T00:00:00.000,CHEV,4T,,DBL,S946064,IL,10300 S. Doty,(773) 568-8495,2890788
2019-12-03T00:00:00.000,CHEV,4T,,RED,805RMP,IN,10300 S. Doty,(773) 568-8495,2890815
2019-12-03T00:00:00.000,CHEV,4T,,SIL,BU49512,IL,10300 S. Doty,(773) 568-8495,2890808
2019-12-03T00:00:00.000,CHEV,4T,,SIL,R847791,IL,701 N. Sacramento,(773) 265-7605,6974543
2019-12-03T00:00:00.000,CHEV,LL,,BLK,363215,IL,10300 S. Doty,(773) 568-8495,2890786
2019-12-03T00:00:00.000,CHEV,LL,,BLK,,IL,701 N. Sacramento,(773) 265-7605,6974594
2019-12-03T00:00:00.000,CHEV,LL,TK,TAN,,,10300 S. Doty,(773) 568-8495,2890762
2019-12-03T00:00:00.000,CHEV,LL,,GRY,Z678628,IL,10300 S. Doty,(773) 568-8495,2890776
2019-12-03T00:00:00.000,CHEV,PK,,WHI,134639H,IL,701 N. Sacramento,(773) 265-7605,6974659
2019-12-03T00:00:00.000,CHRY,4D,,BLK,AX37751,IL,10300 S. Doty,(773) 568-8495,2890877
2019-12-03T00:00:00.000,CHRY,4D,,WHI,AK48899,IL,10300 S. Doty,(773) 568-8495,2890851
2019-12-03T00:00:00.000,CHRY,4D,,BLK,AN26092,IL,701 N. Sacramento,(773) 265-7605,6974498
2019-12-03T00:00:00.000,CHRY,4T,,BLK,BF21636,IL,10300 S. Doty,(773) 568-8495,2890805
2019-12-03T00:00:00.000,CHRY,VN,,GRY,6349FH,IL,701 N. Sacramento,(773) 265-7605,6974615
2019-12-03T00:00:00.000,CHRY,VN,,SIL,BE75473,IL,701 N. Sacramento,(773) 265-7605,6974670
2019-12-03T00:00:00.000,CHRY,VN,,BLU,BG23184,IL,701 N. Sacramento,(773) 265-7605,6974613
2019-12-03T00:00:00.000,DODG,2D,,BLK,Y880646,IL,701 N. Sacramento,(773) 265-7605,6974676
2019-12-03T00:00:00.000,DODG,4D,,DBL,ZY75721,IL,10300 S. Doty,(773) 568-8495,2890855
2019-12-03T00:00:00.000,DODG,4D,,SIL,Z329990,IL,701 N. Sacramento,(773) 265-7605,6974513
2019-12-03T00:00:00.000,DODG,4T,,BLU,BU23997,IL,10300 S. Doty,(773) 568-8495,2890813
2019-12-03T00:00:00.000,DODG,4T,,BLK,ZU55497,IL,10300 S. Doty,(773) 568-8495,2890757
2019-12-03T00:00:00.000,DODG,LL,,RED,BN82222,IL,10300 S. Doty,(773) 568-8495,2890810
2019-12-03T00:00:00.000,DODG,LL,,GRY,BK72850,IL,10300 S. Doty,(773) 568-8495,2890840
2019-12-03T00:00:00.000,DODG,LL,,BLK,Q963031,IL,10300 S. Doty,(773) 568-8495,2890849
2019-12-03T00:00:00.000,DODG,LL,,BLU,,IL,10300 S. Doty,(773) 785-9752,1719789
2019-12-03T00:00:00.000,DODG,VN,,SIL,,IL,10300 S. Doty,(773) 568-8495,2890864
2019-12-03T00:00:00.000,DODG,VN,,GLD,AV91399,IL,10300 S. Doty,(773) 568-8495,2890845
2019-12-03T00:00:00.000,DODG,VN,,SIL,Q620826,IL,701 N. Sacramento,(773) 265-7605,6974672
2019-12-03T00:00:00.000,FORD,4D,,WHI,W581AA,MO,701 N. Sacramento,(773) 265-7605,6974603
2019-12-03T00:00:00.000,FORD,4D,,BLK,AK68018,IL,701 N. Sacramento,(773) 265-7605,6974494
2019-12-03T00:00:00.000,FORD,4D,,TAN,AM49549,IL,10300 S. Doty,(773) 568-8495,2890843
2019-12-03T00:00:00.000,FORD,4D,,BLK,BF40915,IL,701 N. Sacramento,(773) 265-7605,6974496
2019-12-03T00:00:00.000,FORD,4D,,SIL,BN82181,IL,10300 S. Doty,(773) 568-8495,2890771
2019-12-03T00:00:00.000,FORD,4D,,BLU,754572,IL,701 N. Sacramento,(773) 265-7605,6974658
2019-12-03T00:00:00.000,FORD,4T,,GRY,BU76762,IL,10300 S. Doty,(773) 568-8495,2890814
2019-12-03T00:00:00.000,FORD,4T,,RED,AP45920,IL,10300 S. Doty,(773) 568-8495,2890767
2019-12-03T00:00:00.000,FORD,LL,,SIL,BA42083,IL,10300 S. Doty,(773) 568-8495,2890844
2019-12-03T00:00:00.000,FORD,LL,,WHI,W581AC,MO,701 N. Sacramento,(773) 265-7605,6974604
2019-12-03T00:00:00.000,FORD,LL,,GRY,AL18051,IL,701 N. Sacramento,(773) 265-1846,1539619
2019-12-03T00:00:00.000,FORD,LL,TK,WHI,EC63689,WI,701 N. Sacramento,(773) 265-7605,6974662
2019-12-03T00:00:00.000,FORD,PK,TK,GRN,,,701 N. Sacramento,(773) 265-7605,6974683
2019-12-03T00:00:00.000,FORD,PK,,GRN,,IL,701 N. Sacramento,(773) 265-7605,6697468
2019-12-03T00:00:00.000,FORD,PK,,WHI,WH8319C,WI,701 N. Sacramento,(773) 265-7605,6974592
2019-12-03T00:00:00.000,FORD,PK,,BLK,2210420,IL,10300 S. Doty,(773) 568-8495,2890773
2019-12-03T00:00:00.000,FORD,SW,,TRQ,AM99958,IL,10300 S. Doty,(773) 568-8495,2890848
2019-12-03T00:00:00.000,FORD,VN,,GRY,2006662B,IL,10300 S. Doty,(773) 568-8495,2890774
2019-12-03T00:00:00.000,GMC,LL,,GRN,,IL,10300 S. Doty,(773) 568-8495,2890755
2019-12-03T00:00:00.000,GMC,LL,,RED,AW24726,IL,10300 S. Doty,(773) 785-9752,1719790
2019-12-03T00:00:00.000,GMC,LL,,BLK,AN76916,IL,10300 S. Doty,(773) 568-8495,2890783
2019-12-03T00:00:00.000,GMC,LL,,GRY,P207712,IL,10300 S. Doty,(773) 568-8495,2890804
2019-12-03T00:00:00.000,GMC,VN,,BLU,2266888B,IL,10300 S. Doty,(773) 568-8495,2890871
2019-12-03T00:00:00.000,HOND,4D,,GRN,287457,IL,701 N. Sacramento,(773) 265-1846,1539622
2019-12-03T00:00:00.000,HOND,4D,,GRY,BG19474,IL,10300 S. Doty,(773) 568-8495,2890832
2019-12-03T00:00:00.000,HOND,4D,,WHI,R358847,IL,701 N. Sacramento,(773) 265-7605,6974679
2019-12-03T00:00:00.000,HOND,4D,,GRY,BK45101,IL,10300 S. Doty,(773) 568-8495,2890779
2019-12-03T00:00:00.000,HOND,4D,,SIL,Z138172,IL,10300 S. Doty,(773) 568-8495,2890825
2019-12-03T00:00:00.000,HOND,4D,,DGR,525373,IL,10300 S. Doty,(773) 568-8495,2890857
2019-12-03T00:00:00.000,HOND,4D,,TAN,102V700,IL,701 N. Sacramento,(773) 265-7605,6974500
2019-12-03T00:00:00.000,HOND,4T,,GRY,BH22563,IL,10300 S. Doty,(773) 568-8495,2890797
2019-12-03T00:00:00.000,HOND,LL,,GRY,AV77730,IL,10300 S. Doty,(773) 568-8495,2890812
2019-12-03T00:00:00.000,HOND,LL,CRV,GRN,,,701 N. Sacramento,(773) 265-7605,6974671
2019-12-03T00:00:00.000,HOND,LL,,WHI,AC45023,IL,400 E. Lower Wacker,(312) 744-7550,0216733
2019-12-03T00:00:00.000,HOND,LL,,MAR,Z141550,IL,701 N. Sacramento,(773) 265-1846,1539616
2019-12-03T00:00:00.000,HYUN,4D,,SIL,IUVP38,FL,701 N. Sacramento,(773) 265-7605,6974510
2019-12-03T00:00:00.000,HYUN,4D,,GRY,BA50567,IL,701 N. Sacramento,(773) 265-1846,1539621
2019-12-03T00:00:00.000,HYUN,4D,,GRY,BQ64095,IL,10300 S. Doty,(773) 568-8495,2890775
2019-12-03T00:00:00.000,HYUN,4D,,GRY,971U365,IL,10300 S. Doty,(773) 568-8495,2890868
2019-12-03T00:00:00.000,HYUN,4D,,BLU,P494463,IL,701 N. Sacramento,(773) 265-7605,6974536
2019-12-03T00:00:00.000,HYUN,4D,,WHI,BE43521,IL,10300 S. Doty,(773) 568-8495,2890861
2019-12-03T00:00:00.000,HYUN,LL,,LBL,BG39763,IL,10300 S. Doty,(773) 568-8495,2890802
2019-12-03T00:00:00.000,HYUN,LL,,WHI,806662,IL,10300 S. Doty,(773) 785-9752,1719787
2019-12-03T00:00:00.000,HYUN,LL,,BLK,BV88999,IL,701 N. Sacramento,(773) 265-7605,6974611
2019-12-03T00:00:00.000,INFI,4D,,GRY,AV40075,IL,701 N. Sacramento,(773) 265-7605,6974673
2019-12-03T00:00:00.000,INFI,LL,,WHI,BH54954,IL,701 N. Sacramento,(773) 265-7605,6974692
2019-12-03T00:00:00.000,JAGU,4D,,GRN,BR69611,IL,701 N. Sacramento,(773) 265-7605,6974689
2019-12-03T00:00:00.000,JEEP,LL,,BLU,BF38380,IL,10300 S. Doty,(773) 568-8495,2890829
2019-12-03T00:00:00.000,JEEP,LL,,BLK,AG40069,IL,10300 S. Doty,(773) 568-8495,2890820
2019-12-03T00:00:00.000,JEEP,LL,,WHI,AX14937,IL,701 N. Sacramento,(773) 265-7605,6974499
2019-12-03T00:00:00.000,JEEP,LL,,BLK,942U828,IL,701 N. Sacramento,(773) 265-7605,6974614
2019-12-03T00:00:00.000,JEEP,LL,,WHI,,IL,10300 S. Doty,(773) 568-8495,2890852
2019-12-03T00:00:00.000,JEEP,LL,,WHI,AW48482,IL,10300 S. Doty,(773) 568-8495,2890821
2019-12-03T00:00:00.000,JEEP,LL,TK,GRY,708ABP,IL,10300 S. Doty,(773) 568-8495,2890853
2019-12-03T00:00:00.000,JEEP,LL,,BLU,S956643,IL,10300 S. Doty,(773) 568-8495,2890777
2019-12-03T00:00:00.000,JEEP,LL,,ONG,Z928660,IL,10300 S. Doty,(773) 568-8495,2890798
2019-12-03T00:00:00.000,JEEP,LL,,BLK,MIA7WS,FL,10300 S. Doty,(773) 568-8495,2890826
2019-12-03T00:00:00.000,JEEP,LL,,SIL,ZU49791,IL,10300 S. Doty,(773) 785-9752,1719788
2019-12-03T00:00:00.000,KIA,4D,,SIL,BB88429,IL,701 N. Sacramento,(773) 265-7605,6974685
2019-12-03T00:00:00.000,KIA,LL,,MAR,Z478483,IL,10300 S. Doty,(773) 568-8495,2890770
2019-12-03T00:00:00.000,KIA,LL,,GRY,AV54907,IL,10300 S. Doty,(773) 568-8495,2890787
2019-12-03T00:00:00.000,KIA,VN,,SIL,Z663971,IL,10300 S. Doty,(773) 568-8495,2890847
2019-12-03T00:00:00.000,LEXS,4D,,MAR,7898139,IL,10300 S. Doty,(773) 568-8495,2890764
2019-12-03T00:00:00.000,LEXS,4D,,DBL,BB20519,IL,10300 S. Doty,(773) 568-8495,2890860
2019-12-03T00:00:00.000,LEXS,4D,,WHI,BHX282,MI,701 N. Sacramento,(773) 265-7605,6974680
2019-12-03T00:00:00.000,LEXS,4D,,PLE,BN82484,IL,10300 S. Doty,(773) 568-8495,2890818
2019-12-03T00:00:00.000,LEXS,LL,,GRY,E420574,IL,701 N. Sacramento,(773) 265-1846,1539624
2019-12-03T00:00:00.000,MERC,4D,,GLD,D600197,IL,701 N. Sacramento,(773) 265-7605,6974547
2019-12-03T00:00:00.000,MERC,LL,,SIL,BN58871,IL,10300 S. Doty,(773) 568-8495,2890824
2019-12-03T00:00:00.000,MERZ,4D,,GLD,QB32601,IL,10300 S. Doty,(773) 568-8495,2890846
2019-12-03T00:00:00.000,MERZ,4D,,SIL,BQ76676,IL,10300 S. Doty,(773) 568-8495,2890828
2019-12-03T00:00:00.000,MITS,LL,,RED,527ZAD,KY,701 N. Sacramento,(773) 265-7605,6974505
2019-12-03T00:00:00.000,NISS,4D,,SIL,BT60098,IL,10300 S. Doty,(773) 568-8495,2890865
2019-12-03T00:00:00.000,NISS,4D,,GRY,843662,IL,10300 S. Doty,(773) 568-8495,2890830
2019-12-03T00:00:00.000,NISS,4D,,WHI,BF56286,IL,10300 S. Doty,(773) 568-8495,2890781
2019-12-03T00:00:00.000,NISS,4D,,GRY,V903330,IL,10300 S. Doty,(773) 568-8495,2890778
2019-12-03T00:00:00.000,NISS,4D,ALT,WHI,,,701 N. Sacramento,(773) 265-7605,6974669
2019-12-03T00:00:00.000,NISS,4D,ALT,SIL,,,10300 S. Doty,(773) 568-8495,2890862
2019-12-03T00:00:00.000,NISS,4D,,BLK,BE54236,IL,701 N. Sacramento,(773) 265-7605,6974493
2019-12-03T00:00:00.000,NISS,4T,,RED,BQ18803,IL,10300 S. Doty,(773) 568-8495,2890809
2019-12-03T00:00:00.000,NISS,4T,,RED,Q130092,IL,10300 S. Doty,(773) 568-8495,2890811
2019-12-03T00:00:00.000,NISS,4T,,SIL,CIDD77,FL,10300 S. Doty,(773) 568-8495,2890801
2019-12-03T00:00:00.000,NISS,LL,,BLU,AH29966,IL,701 N. Sacramento,(773) 265-7605,6974512
2019-12-03T00:00:00.000,OLDS,4D,,BLU,BH96802,IL,701 N. Sacramento,(773) 265-7605,6974693
2019-12-03T00:00:00.000,PONT,4D,,RED,AR88986,IL,10300 S. Doty,(773) 568-8495,2890780
2019-12-03T00:00:00.000,PONT,4D,,RED,BE24266,IL,701 N. Sacramento,(773) 265-7605,6974688
2019-12-03T00:00:00.000,PONT,4D,,DBL,AP16469,IL,701 N. Sacramento,(773) 265-7605,6974509
2019-12-03T00:00:00.000,PONT,4D,,SIL,WS581,MO,701 N. Sacramento,(773) 265-7605,6974596
2019-12-03T00:00:00.000,PONT,4D,,GRY,,IL,701 N. Sacramento,(773) 265-7605,6974687
2019-12-03T00:00:00.000,PONT,4D,,WHI,793653,IL,10300 S. Doty,(773) 568-8495,2890870
2019-12-03T00:00:00.000,PONT,4D,,GLD,BB80758,IL,701 N. Sacramento,(773) 265-1846,1539620
2019-12-03T00:00:00.000,PONT,4D,,SIL,ZAA363,IN,10300 S. Doty,(773) 568-8495,2890838
2019-12-03T00:00:00.000,PONT,LL,,ONG,AH18831,IL,10300 S. Doty,(773) 568-8495,2890827
2019-12-03T00:00:00.000,SUZI,LL,,YEL,BN33794,IL,701 N. Sacramento,(773) 265-1846,1539618
2019-12-03T00:00:00.000,SUZU,4T,,RED,129V029,IL,10300 S. Doty,(773) 568-8495,2890799
2019-12-03T00:00:00.000,TOYT,4D,,RED,BN85912,IL,10300 S. Doty,(773) 568-8495,2890819
2019-12-03T00:00:00.000,TOYT,4D,,TAN,Q169927,IL,701 N. Sacramento,(773) 265-7605,6974686
2019-12-03T00:00:00.000,TOYT,4D,,WHI,BL96217,IL,701 N. Sacramento,(773) 265-7605,6974682
2019-12-03T00:00:00.000,TOYT,4D,,GRY,ZZ83549,IL,701 N. Sacramento,(773) 265-7605,6974681
2019-12-03T00:00:00.000,TOYT,4D,,BLK,BT17016,IL,701 N. Sacramento,(773) 265-7605,6974495
2019-12-03T00:00:00.000,TOYT,4D,,BLU,720ARH,IN,10300 S. Doty,(773) 568-8495,2890834
2019-12-03T00:00:00.000,TOYT,4D,,GRY,DXB9037,MI,10300 S. Doty,(773) 568-8495,2890768
2019-12-03T00:00:00.000,TOYT,4D,,BLK,K793836,IN,701 N. Sacramento,(773) 265-7605,6974663
2019-12-03T00:00:00.000,TOYT,4D,,GRY,X122218,IL,10300 S. Doty,(773) 568-8495,2890835
2019-12-03T00:00:00.000,TOYT,4T,,WHI,BL84892,IL,10300 S. Doty,(773) 568-8495,2890769
2019-12-03T00:00:00.000,TOYT,LL,,RED,LF9658,WI,10300 S. Doty,(773) 568-8495,2890763
2019-12-03T00:00:00.000,TOYT,PK,,BLK,2137402B,IL,10300 S. Doty,(773) 568-8495,2890772
2019-12-03T00:00:00.000,VOLK,2D,,RED,R962829,IL,10300 S. Doty,(773) 568-8495,2890867
2019-12-03T00:00:00.000,VOLK,4D,,WHI,BM90102,IL,10300 S. Doty,(773) 568-8495,2890836
2019-12-03T00:00:00.000,VOLK,4D,,GRY,E535801,IL,701 N. Sacramento,(773) 265-1846,1539617
2019-12-03T00:00:00.000,VOLK,4D,,LGR,BB14651,IL,10300 S. Doty,(773) 568-8495,2890859
2019-12-03T00:00:00.000,VOLK,4D,,WHI,BL61669,IL,701 N. Sacramento,(773) 265-7605,6974506
2019-12-03T00:00:00.000,ZCZY,TN,,BLK,,IL,701 N. Sacramento,(773) 265-7605,6974593
2019-12-03T00:00:00.000,,PK,,BLK,FP11931,IL,701 N. Sacramento,(773) 265-7605,6974557
2019-12-02T00:00:00.000,ACUR,4D,,BLK,,IL,701 N. Sacramento,(773) 265-7605,6974483
2019-12-02T00:00:00.000,AUDI,LL,,GRY,BT16052,IL,10300 S. Doty,(773) 568-8495,2890684
2019-12-02T00:00:00.000,BUIC,4D,,BLU,847U148,IL,10300 S. Doty,(773) 568-8495,2890652
2019-12-02T00:00:00.000,BUIC,4D,,BLK,AT52456,IL,701 N. Sacramento,(773) 265-7605,6974307
2019-12-02T00:00:00.000,BUIC,4D,,SIL,AE75673,IL,10300 S. Doty,(773) 568-8495,2890664
2019-12-02T00:00:00.000,BUIC,4D,,WHI,BH96842,IL,701 N. Sacramento,(773) 265-7605,6974304
2019-12-02T00:00:00.000,BUIC,4D,,BLK,BE31606,IL,10300 S. Doty,(773) 568-8495,2890687
2019-12-02T00:00:00.000,CADI,LL,,WHI,E187521,IL,701 N. Sacramento,(773) 265-7605,6974376
2019-12-02T00:00:00.000,CHEV,2D,,SIL,,IL,10300 S. Doty,(773) 568-8495,2890655
2019-12-02T00:00:00.000,CHEV,4D,,BLK,BF28289,IL,10300 S. Doty,(773) 568-8495,2890668
2019-12-02T00:00:00.000,CHEV,4D,,RED,,,10300 S. Doty,(773) 568-8495,2890738
2019-12-02T00:00:00.000,CHEV,4D,,BLK,,,10300 S. Doty,(773) 568-8495,2890657
2019-12-02T00:00:00.000,CHEV,4D,,SIL,AZ77672,IL,10300 S. Doty,(773) 568-8495,2890741
2019-12-02T00:00:00.000,CHEV,4D,,SIL,,,10300 S. Doty,(773) 568-8495,2890734
2019-12-02T00:00:00.000,CHEV,4D,,PLE,ACM4249,WI,701 N. Sacramento,(773) 265-7605,6974444
2019-12-02T00:00:00.000,CHEV,4D,,SIL,AU18407,IL,701 N. Sacramento,(773) 265-7605,6974475
2019-12-02T00:00:00.000,CHEV,4D,,WHI,BF26943,IL,10300 S. Doty,(773) 568-8495,2890670
2019-12-02T00:00:00.000,CHEV,4D,,BLU,BR74082,IL,701 N. Sacramento,(773) 265-7605,6974488
2019-12-02T00:00:00.000,CHEV,4D,,BLK,G578342,IL,10300 S. Doty,(773) 568-8495,2890740
2019-12-02T00:00:00.000,CHEV,4D,,SIL,978U196,IL,701 N. Sacramento,(773) 265-7605,6974492
2019-12-02T00:00:00.000,CHEV,4D,,WHI,BN14382,IL,10300 S. Doty,(773) 568-8495,2890697
2019-12-02T00:00:00.000,CHEV,4D,,GRN,BL88301,IL,701 N. Sacramento,(773) 265-1846,1539611
2019-12-02T00:00:00.000,CHEV,4D,,GRY,ZY85483,IL,10300 S. Doty,(773) 568-8495,2890748
2019-12-02T00:00:00.000,CHEV,LL,,BLU,AMQ672,IL,701 N. Sacramento,(773) 265-7605,6974393
2019-12-02T00:00:00.000,CHEV,LL,,RED,BU72950,IL,10300 S. Doty,(773) 568-8495,2890685
2019-12-02T00:00:00.000,CHEV,LL,TK,GRY,2692471B,IL,10300 S. Doty,(773) 568-8495,2890729
2019-12-02T00:00:00.000,CHEV,LL,,GRY,AX48564,IL,701 N. Sacramento,(773) 265-7605,6974322
2019-12-02T00:00:00.000,CHEV,PK,,MAR,G83G8B,WI,701 N. Sacramento,(773) 265-7605,6974432
2019-12-02T00:00:00.000,CHEV,VN,,GLD,BH36496,IL,701 N. Sacramento,(773) 265-7605,6974313
2019-12-02T00:00:00.000,CHRY,4D,,BLU,Z393089,IL,701 N. Sacramento,(773) 265-7605,6974325
2019-12-02T00:00:00.000,CHRY,4D,,GRY,,IL,10300 S. Doty,(773) 568-8495,2890737
2019-12-02T00:00:00.000,CHRY,LL,,WHI,E687127,IL,10300 S. Doty,(773) 568-8495,2890718
2019-12-02T00:00:00.000,DODG,4D,,MAR,,,10300 S. Doty,(773) 785-9752,1719786
2019-12-02T00:00:00.000,DODG,LL,,GRN,BD17466,IL,10300 S. Doty,(773) 568-8495,2890730
2019-12-02T00:00:00.000,DODG,VN,,GRY,BM73964,IL,701 N. Sacramento,(773) 265-7605,6974324
2019-12-02T00:00:00.000,FORD,4D,,BLK,V521958,IL,10300 S. Doty,(773) 568-8495,2890662
2019-12-02T00:00:00.000,FORD,4D,,GRY,,,10300 S. Doty,(773) 568-8495,2890736
2019-12-02T00:00:00.000,FORD,4D,,BLK,BH86592,IL,701 N. Sacramento,(773) 265-7605,6974484
2019-12-02T00:00:00.000,FORD,4D,,BLK,,IL,10300 S. Doty,(773) 568-8495,2890700
2019-12-02T00:00:00.000,FORD,LL,,SIL,2605514,IL,10300 S. Doty,(773) 568-8495,2890692
2019-12-02T00:00:00.000,FORD,LL,,SIL,G852988,IL,701 N. Sacramento,(773) 265-7605,6974358
2019-12-02T00:00:00.000,FORD,LL,TK,BLK,BP45030,IL,701 N. Sacramento,(773) 265-7605,6974491
2019-12-02T00:00:00.000,FORD,LL,,SIL,9029990,IL,10300 S. Doty,(773) 568-8495,2890747
2019-12-02T00:00:00.000,FORD,LL,,WHI,BC47128,IL,10300 S. Doty,(773) 568-8495,2890675
2019-12-02T00:00:00.000,FORD,LL,TK,BLK,ZV82739,IL,400 E. Lower Wacker,(312) 744-7550,0216720
2019-12-02T00:00:00.000,FORD,PK,TK,RED,2503502B,IL,10300 S. Doty,(773) 568-8495,2890651
2019-12-02T00:00:00.000,FORD,VN,,MAR,,IL,701 N. Sacramento,(773) 265-1846,1539613
2019-12-02T00:00:00.000,FORD,VN,TK,RED,436FUR,WI,701 N. Sacramento,(773) 265-7605,6974321
2019-12-02T00:00:00.000,GMC,LL,TK,BLK,AQ24818,IL,10300 S. Doty,(773) 568-8495,2890665
2019-12-02T00:00:00.000,GMC,LL,,RED,BU17044,IL,701 N. Sacramento,(773) 265-7605,6974319
2019-12-02T00:00:00.000,GMC,PK,,WHI,2669375B,IL,10300 S. Doty,(773) 785-9752,1719783
2019-12-02T00:00:00.000,HOND,2D,,WHI,BE48933,IL,701 N. Sacramento,(773) 265-7605,6974474
2019-12-02T00:00:00.000,HOND,2D,,BLK,BQ74947,IL,10300 S. Doty,(773) 568-8495,2890654
2019-12-02T00:00:00.000,HOND,4D,,GRY,ABL6247,WI,400 E. Lower Wacker,(312) 744-7550,0216723
2019-12-02T00:00:00.000,HOND,4D,,GRY,AN25419,IL,701 N. Sacramento,(773) 265-7605,6974396
2019-12-02T00:00:00.000,HOND,4D,,BLK,BH18435,IL,10300 S. Doty,(773) 568-8495,2890660
2019-12-02T00:00:00.000,HOND,4D,,BLU,ZV62409,IL,10300 S. Doty,(773) 568-8495,2890744
2019-12-02T00:00:00.000,HOND,4D,,WHI,AY53790,IL,400 E. Lower Wacker,(312) 744-7550,0216729
2019-12-02T00:00:00.000,HOND,4D,,WHI,AY53790,IL,400 E. Lower Wacker,(312) 744-7550,0216729
2019-12-02T00:00:00.000,HOND,4T,,BLU,00230439,IL,701 N. Sacramento,(773) 265-1846,1539615
2019-12-02T00:00:00.000,HOND,VN,,SIL,AN15654,IL,701 N. Sacramento,(773) 265-7605,6974477
2019-12-02T00:00:00.000,HOND,VN,,TAN,AX26565,IL,701 N. Sacramento,(773) 265-7605,6974468
2019-12-02T00:00:00.000,HYUN,4D,,BLK,LDB453,SC,400 E. Lower Wacker,(312) 744-7550,0216719
2019-12-02T00:00:00.000,HYUN,4D,,WHI,BD25849,IL,10300 S. Doty,(773) 568-8495,2890735
2019-12-02T00:00:00.000,HYUN,4D,,WHI,L401215,IL,10300 S. Doty,(773) 568-8495,2890731
2019-12-02T00:00:00.000,HYUN,4D,,GRY,AX25175,IL,701 N. Sacramento,(773) 265-7605,6974486
2019-12-02T00:00:00.000,HYUN,4T,,WHI,AK22540,IL,10300 S. Doty,(773) 568-8495,2890676
2019-12-02T00:00:00.000,JEEP,LL,TK,BLK,AU84078,IL,701 N. Sacramento,(773) 265-7605,6974490
2019-12-02T00:00:00.000,JEEP,LL,,TAN,BF42195,IL,701 N. Sacramento,(773) 265-1846,1539614
2019-12-02T00:00:00.000,KIA,4D,,RED,ZY36414,IL,701 N. Sacramento,(773) 265-7605,6974485
2019-12-02T00:00:00.000,KIA,4D,,BLU,BH29038,IL,10300 S. Doty,(773) 568-8495,2890750
2019-12-02T00:00:00.000,KIA,LL,,BLK,ZU55909,IL,701 N. Sacramento,(773) 265-7605,6974489
2019-12-02T00:00:00.000,MERC,4D,,WHI,169LXJ,KS,701 N. Sacramento,(773) 265-7605,6974458
2019-12-02T00:00:00.000,MERC,VN,,TAN,AGE8346,WI,701 N. Sacramento,(773) 265-7605,6974454
2019-12-02T00:00:00.000,MITS,4D,,BLK,BC71672,IL,10300 S. Doty,(773) 568-8495,2890669
2019-12-02T00:00:00.000,NISS,4D,,RED,BP25707,IL,10300 S. Doty,(773) 568-8495,2890701
2019-12-02T00:00:00.000,NISS,4D,,BLU,BN16232,IL,10300 S. Doty,(773) 568-8495,2890653
2019-12-02T00:00:00.000,NISS,4D,,SIL,BH95142,IL,10300 S. Doty,(773) 568-8495,2890742
2019-12-02T00:00:00.000,NISS,4D,,BLK,873U833,IL,701 N. Sacramento,(773) 265-7605,6974480
2019-12-02T00:00:00.000,NISS,4D,,WHI,AB93408,IL,701 N. Sacramento,(773) 265-7605,6974326
2019-12-02T00:00:00.000,NISS,4D,,SIL,991U029,IL,701 N. Sacramento,(773) 265-7605,6974342
2019-12-02T00:00:00.000,NISS,4D,,GRY,2372297,IL,701 N. Sacramento,(773) 265-7605,6974318
2019-12-02T00:00:00.000,NISS,4D,,BLK,387329,IL,701 N. Sacramento,(773) 265-7605,6974426
2019-12-02T00:00:00.000,NISS,4D,,RED,AE72220,IL,701 N. Sacramento,(773) 265-7605,6974317
2019-12-02T00:00:00.000,OLDS,4D,,RED,BH50090,IL,10300 S. Doty,(773) 568-8495,2890727
2019-12-02T00:00:00.000,OTTE,MC,,GRY,,IL,701 N. Sacramento,(773) 265-7605,6974470
2019-12-02T00:00:00.000,OTTE,MC,,SIL,,IL,10300 S. Doty,(773) 785-9752,1719785
2019-12-02T00:00:00.000,PONT,2D,,BLK,BN75448,IL,10300 S. Doty,(773) 568-8495,2890661
2019-12-02T00:00:00.000,PONT,2D,,RED,BQ83968,IL,10300 S. Doty,(773) 568-8495,2890743
2019-12-02T00:00:00.000,PONT,4D,,RED,AFU4682,WI,10300 S. Doty,(773) 568-8495,2890745
2019-12-02T00:00:00.000,PONT,4D,,BLU,AD45701,IL,701 N. Sacramento,(773) 265-7605,6974355
2019-12-02T00:00:00.000,SCIO,LL,,BLK,869QGY,FL,10300 S. Doty,(773) 568-8495,2890715
2019-12-02T00:00:00.000,SMAR,2D,,YEL,,IL,10300 S. Doty,(773) 568-8495,2890717
2019-12-02T00:00:00.000,SUBA,4D,,SIL,,,10300 S. Doty,(773) 568-8495,2890733
2019-12-02T00:00:00.000,SUBA,4D,,BLU,134V454,IL,701 N. Sacramento,(773) 265-7605,6974309
2019-12-02T00:00:00.000,SUBA,LL,,TAN,BH65781,IL,10300 S. Doty,(773) 568-8495,2890691
2019-12-02T00:00:00.000,TOYT,4D,,GRY,BB87264,IL,701 N. Sacramento,(773) 265-7605,6974311
2019-12-02T00:00:00.000,TOYT,4D,,GRY,GBEAR86,IL,400 E. Lower Wacker,(312) 744-7550,0216717
2019-12-02T00:00:00.000,TOYT,4H,,BLU,526724,DE,701 N. Sacramento,(773) 265-7605,6974471
2019-12-02T00:00:00.000,TOYT,LL,,TAN,6916390,IL,701 N. Sacramento,(773) 265-7605,6974315
2019-12-02T00:00:00.000,TOYT,LL,,GRY,KCZ2117,PA,701 N. Sacramento,(773) 265-7605,6974308
2019-12-02T00:00:00.000,TOYT,LL,,SIL,165738,IL,400 E. Lower Wacker,(312) 744-7550,0216696
2019-12-02T00:00:00.000,VOLK,4D,,BLK,BG71377,IL,10300 S. Doty,(773) 568-8495,2890658
2019-12-01T00:00:00.000,ACUR,4D,,TAN,BR77253,IL,10300 S. Doty,(773) 568-8495,2890566
2019-12-01T00:00:00.000,ACUR,4D,,DBL,BW43486,IL,701 N. Sacramento,(773) 265-7605,6974299
2019-12-01T00:00:00.000,BMW,4D,,SIL,BP65456,IL,701 N. Sacramento,(773) 265-7605,6974088
2019-12-01T00:00:00.000,BMW,4D,,BLK,,IL,701 N. Sacramento,(773) 265-7605,6974288
2019-12-01T00:00:00.000,BUIC,4D,,RED,,IL,701 N. Sacramento,(773) 265-7605,6974092
2019-12-01T00:00:00.000,BUIC,4D,,WHI,P865126,IL,10300 S. Doty,(773) 568-8495,2890554
2019-12-01T00:00:00.000,BUIC,4D,,MAR,Q940907,IL,10300 S. Doty,(773) 568-8495,2890562
2019-12-01T00:00:00.000,CADI,4D,,WHI,UN6997,IN,10300 S. Doty,(773) 568-8495,2890638
2019-12-01T00:00:00.000,CHEV,4D,,SIL,BK88950,IL,701 N. Sacramento,(773) 265-7605,6974286
2019-12-01T00:00:00.000,CHEV,4D,,RED,948239,IL,701 N. Sacramento,(773) 265-7605,6974291
2019-12-01T00:00:00.000,CHEV,4D,,GRY,,IL,10300 S. Doty,(773) 568-8495,2890642
2019-12-01T00:00:00.000,CHEV,4D,,GLD,256892,IL,701 N. Sacramento,(773) 265-7605,6974302
2019-12-01T00:00:00.000,CHEV,4D,,BLU,R269883,IL,701 N. Sacramento,(773) 265-7605,6974290
2019-12-01T00:00:00.000,CHEV,4D,,RED,BQ69354,IL,701 N. Sacramento,(773) 265-7605,6974086
2019-12-01T00:00:00.000,CHEV,LL,TK,SIL,E323641,IL,10300 S. Doty,(773) 568-8495,2890646
2019-12-01T00:00:00.000,CHEV,PK,,BLK,2032003B,IL,701 N. Sacramento,(773) 265-7605,6974083
2019-12-01T00:00:00.000,CHRY,2D,,RED,AJ54708,IL,701 N. Sacramento,(773) 265-7605,6974093
2019-12-01T00:00:00.000,CHRY,4D,,SIL,962U757,IL,10300 S. Doty,(773) 568-8495,2890555
2019-12-01T00:00:00.000,CHRY,LL,,DBL,3A872FF,IL,10300 S. Doty,(773) 568-8495,2890597
2019-12-01T00:00:00.000,FORD,4D,,RED,141607,IL,701 N. Sacramento,(773) 265-7605,6974080
2019-12-01T00:00:00.000,FORD,4D,,RED,Q524000,IL,10300 S. Doty,(773) 568-8495,2890557
2019-12-01T00:00:00.000,FORD,4D,,GRY,ACV1058,WI,701 N. Sacramento,(773) 265-7605,6974073
2019-12-01T00:00:00.000,FORD,LL,TK,SIL,BQ99876,IL,701 N. Sacramento,(773) 265-7605,6974287
2019-12-01T00:00:00.000,FORD,LL,,SIL,AX3773,IL,10300 S. Doty,(773) 568-8495,2890561
2019-12-01T00:00:00.000,FORD,LL,,BLU,Z147825,IL,701 N. Sacramento,(773) 265-7605,6974289
2019-12-01T00:00:00.000,FORD,VN,,MAR,BQ72484,IL,701 N. Sacramento,(773) 265-7605,6974200
2019-12-01T00:00:00.000,GMC,LL,,GRY,S711969,IL,701 N. Sacramento,(773) 265-7605,6974094
2019-12-01T00:00:00.000,GMC,LL,TK,GLD,286ZFU,WI,701 N. Sacramento,(773) 265-7605,6974076
2019-12-01T00:00:00.000,HOND,4D,,BLU,BQ77507,IL,10300 S. Doty,(773) 568-8495,2890565
2019-12-01T00:00:00.000,HOND,4D,,GRN,BN32384,IL,701 N. Sacramento,(773) 265-7605,6974303
2019-12-01T00:00:00.000,HOND,LL,,WHI,MAC63,IL,400 E. Lower Wacker,(312) 744-7550,0216639
2019-12-01T00:00:00.000,HOND,LL,,SIL,LCJ1425,PA,10300 S. Doty,(773) 568-8495,2890568
2019-12-01T00:00:00.000,HYUN,2D,,WHI,,IL,10300 S. Doty,(773) 568-8495,2890636
2019-12-01T00:00:00.000,HYUN,4D,,BLU,860070,IL,10300 S. Doty,(773) 568-8495,2890635
2019-12-01T00:00:00.000,HYUN,4D,,SIL,BE16045,IL,701 N. Sacramento,(773) 265-7605,6974085
2019-12-01T00:00:00.000,HYUN,LL,,MAR,AT46098,IL,10300 S. Doty,(773) 568-8495,2890643
2019-12-01T00:00:00.000,HYUN,LL,,SIL,,IL,701 N. Sacramento,(773) 265-7605,6974079
2019-12-01T00:00:00.000,JEEP,LL,,GRY,P126766,IL,701 N. Sacramento,(773) 265-7605,6974157
2019-12-01T00:00:00.000,JEEP,LL,,SIL,924U622,IL,10300 S. Doty,(773) 568-8495,2890648
2019-12-01T00:00:00.000,JEEP,LL,,DBL,ZY83784,IL,701 N. Sacramento,(773) 265-7605,6974296
2019-12-01T00:00:00.000,JEEP,PK,,BLK,2385218B,IL,701 N. Sacramento,(773) 265-7605,6974283
2019-12-01T00:00:00.000,KIA,4D,,SIL,K529259,IN,10300 S. Doty,(773) 568-8495,2890570
2019-12-01T00:00:00.000,LEXS,4D,,WHI,DHD089,MN,701 N. Sacramento,(773) 265-7605,6974278
2019-12-01T00:00:00.000,MAZD,4D,,BLK,ZV41789,IL,701 N. Sacramento,(773) 265-7605,6974281
2019-12-01T00:00:00.000,MERC,4D,,BLK,709RCM,IN,10300 S. Doty,(773) 568-8495,2890645
2019-12-01T00:00:00.000,NISS,4D,,BLU,61FJ952,AL,701 N. Sacramento,(773) 265-7605,6974078
2019-12-01T00:00:00.000,NISS,4D,,BLK,AS74934,IL,701 N. Sacramento,(773) 265-7605,6974292
2019-12-01T00:00:00.000,NISS,4D,,WHI,Q933417,IL,701 N. Sacramento,(773) 265-7605,6974294
2019-12-01T00:00:00.000,NISS,4D,,WHI,HJN7383,OH,10300 S. Doty,(773) 568-8495,2890606
2019-12-01T00:00:00.000,NISS,4D,,TAN,AG57147,IL,10300 S. Doty,(773) 568-8495,2890559
2019-12-01T00:00:00.000,NISS,LL,,BLK,MV2195AG,WI,701 N. Sacramento,(773) 265-7605,6974095
2019-12-01T00:00:00.000,PONT,2D,,GRY,AG55470,IL,10300 S. Doty,(773) 568-8495,2890640
2019-12-01T00:00:00.000,PONT,4D,,BLU,L525740,IL,10300 S. Doty,(773) 568-8495,2890569
2019-12-01T00:00:00.000,SUZI,4D,,RED,9045721,IL,701 N. Sacramento,(773) 265-7605,6974270
2019-12-01T00:00:00.000,TOYT,2D,,BLK,HKMW43,FL,701 N. Sacramento,(773) 265-7605,6974074
2019-12-01T00:00:00.000,TOYT,4D,,GRY,K803291,IL,701 N. Sacramento,(773) 265-7605,6974221
2019-12-01T00:00:00.000,TOYT,4D,,BLU,BK14395,IL,701 N. Sacramento,(773) 265-7605,6974285
2019-12-01T00:00:00.000,TOYT,4D,,SIL,Z253080,IL,701 N. Sacramento,(773) 265-7605,6974284
2019-12-01T00:00:00.000,TOYT,4D,,SIL,144U643,IL,701 N. Sacramento,(773) 265-7605,6974072
2019-12-01T00:00:00.000,TOYT,PK,,BLK,DE1922,IN,701 N. Sacramento,(773) 265-7605,6974209
2019-12-01T00:00:00.000,,LL,,BLK,976U288,IL,701 N. Sacramento,(773) 265-7605,6974230
2019-11-30T00:00:00.000,AUDI,4D,,BLK,406AEH,IN,10300 S. Doty,(773) 568-8495,2890516
2019-11-30T00:00:00.000,AUDI,LL,,LBL,AU22815,IL,701 N. Sacramento,(773) 265-7605,6974042
2019-11-30T00:00:00.000,BUIC,4D,,SIL,BF18052,IL,10300 S. Doty,(773) 568-8495,2890545
2019-11-30T00:00:00.000,BUIC,4D,,GRY,2891683B,IL,10300 S. Doty,(773) 568-8495,2890553
2019-11-30T00:00:00.000,BUIC,4D,,WHI,,IL,701 N. Sacramento,(773) 265-7605,6974011
2019-11-30T00:00:00.000,BUIC,4D,,SIL,BF14919,IL,10300 S. Doty,(773) 568-8495,2890552
2019-11-30T00:00:00.000,BUIC,4D,,GRN,BV49880,IL,701 N. Sacramento,(773) 265-7605,6974024
2019-11-30T00:00:00.000,CADI,4D,,BLK,AS22849,IL,701 N. Sacramento,(773) 265-7605,6974045
2019-11-30T00:00:00.000,CADI,4D,,SIL,880U725,IL,701 N. Sacramento,(773) 265-7605,6974019
2019-11-30T00:00:00.000,CADI,4D,,RED,AW24852,IL,10300 S. Doty,(773) 568-8495,2890520
2019-11-30T00:00:00.000,CHEV,4D,,RED,,IL,10300 S. Doty,(773) 568-8495,2890547
2019-11-30T00:00:00.000,CHEV,4D,,GLD,,IL,10300 S. Doty,(773) 568-8495,2890536
2019-11-30T00:00:00.000,CHEV,4D,,TAN,923967,IL,10300 S. Doty,(773) 568-8495,2890531
2019-11-30T00:00:00.000,CHEV,4D,,WHI,AP50049,IL,10300 S. Doty,(773) 568-8495,2890528
2019-11-30T00:00:00.000,CHEV,4D,,TAN,V847353,IL,10300 S. Doty,(773) 568-8495,2890515
2019-11-30T00:00:00.000,CHEV,4D,,SIL,BG14747,IL,701 N. Sacramento,(773) 265-7605,6974056
2019-11-30T00:00:00.000,CHEV,LL,TK,BLU,Z678991,IL,701 N. Sacramento,(773) 265-7605,6974015
2019-11-30T00:00:00.000,CHEV,LL,,GRY,,IL,701 N. Sacramento,(773) 265-7605,6974016
2019-11-30T00:00:00.000,CHEV,LL,TK,MAR,BE84629,IL,10300 S. Doty,(773) 568-8495,2890524
2019-11-30T00:00:00.000,CHRY,4D,,GRY,BQ60855,IL,10300 S. Doty,(773) 568-8495,2890537
2019-11-30T00:00:00.000,DODG,2D,,BLK,AUJ563,IN,10300 S. Doty,(773) 568-8495,2890567
2019-11-30T00:00:00.000,DODG,4D,,GRY,BD80794,IL,10300 S. Doty,(773) 568-8495,2890534
2019-11-30T00:00:00.000,DODG,LL,,WHI,100860,IL,10300 S. Doty,(773) 568-8495,2890533
2019-11-30T00:00:00.000,DODG,LL,,RED,402U063,IL,10300 S. Doty,(773) 568-8495,2890539
2019-11-30T00:00:00.000,DODG,LL,,BLU,BP89127,IL,10300 S. Doty,(773) 568-8495,2890535
2019-11-30T00:00:00.000,DODG,VN,,WHI,AT94707,IL,701 N. Sacramento,(773) 265-7605,6974039
2019-11-30T00:00:00.000,FORD,4D,,BLK,BF22215,IL,10300 S. Doty,(773) 568-8495,2890514
2019-11-30T00:00:00.000,FORD,LL,,WHI,AV13812,IL,10300 S. Doty,(773) 568-8495,2890538
2019-11-30T00:00:00.000,FORD,LL,,BLU,BB28838,IL,10300 S. Doty,(773) 568-8495,2890544
2019-11-30T00:00:00.000,FORD,LL,TK,DBL,AG19409,IL,701 N. Sacramento,(773) 265-7605,6974018
2019-11-30T00:00:00.000,GMC,LL,TK,WHI,BG19618,IL,10300 S. Doty,(773) 568-8495,2890522
2019-11-30T00:00:00.000,GMC,LL,TK,GRN,883U512,IL,10300 S. Doty,(773) 568-8495,2890521
2019-11-30T00:00:00.000,HOND,4D,,GRN,HOT771,IA,701 N. Sacramento,(773) 265-7605,6974031
2019-11-30T00:00:00.000,HOND,4D,,RED,AW23447,IL,701 N. Sacramento,(773) 265-7605,6974038
2019-11-30T00:00:00.000,HOND,4D,,SIL,679311,IL,701 N. Sacramento,(773) 265-7605,6974052
2019-11-30T00:00:00.000,HOND,4D,,WHI,LHQA76,FL,701 N. Sacramento,(773) 265-7605,6974067
2019-11-30T00:00:00.000,HOND,4D,,MAR,983U419,IL,701 N. Sacramento,(773) 265-7605,6974047
2019-11-30T00:00:00.000,HOND,4D,,BGE,W325AA,MS,701 N. Sacramento,(773) 265-7605,6974025
2019-11-30T00:00:00.000,HOND,4D,,BLU,Q686898,IL,701 N. Sacramento,(773) 265-7605,6974061
2019-11-30T00:00:00.000,HOND,4D,,SIL,AT81138,IL,701 N. Sacramento,(773) 265-7605,6974030
2019-11-30T00:00:00.000,HOND,4D,,GRY,BF21393,IL,10300 S. Doty,(773) 568-8495,2890513
2019-11-30T00:00:00.000,HOND,LL,TK,GRN,BN12800,IL,701 N. Sacramento,(773) 265-7605,6974023
2019-11-30T00:00:00.000,HOND,LL,,TAN,ZU50463,IL,701 N. Sacramento,(773) 265-7605,6974048
2019-11-30T00:00:00.000,HYUN,4D,,MAR,BF42078,IL,701 N. Sacramento,(773) 265-7605,6974058
2019-11-30T00:00:00.000,HYUN,4D,,GRY,BU77536,IL,10300 S. Doty,(773) 568-8495,2890530
2019-11-30T00:00:00.000,INFI,LL,,GRY,,IL,701 N. Sacramento,(773) 265-7605,6974050
2019-11-30T00:00:00.000,JEEP,LL,,MAR,BG42468,IL,10300 S. Doty,(773) 568-8495,2890508
2019-11-30T00:00:00.000,JEEP,LL,,WHI,AR16315,IL,701 N. Sacramento,(773) 265-7605,6974041
2019-11-30T00:00:00.000,KIA,LL,,BRO,AU48878,IL,10300 S. Doty,(773) 568-8495,2890523
2019-11-30T00:00:00.000,LINC,4D,,BLK,769945,IL,701 N. Sacramento,(773) 265-7605,6974059
2019-11-30T00:00:00.000,MAZD,4D,,WHI,,IL,701 N. Sacramento,(773) 265-7605,6974062
2019-11-30T00:00:00.000,MERC,LL,,BLU,,IL,10300 S. Doty,(773) 568-8495,2890526
2019-11-30T00:00:00.000,MERZ,LL,,GRY,AP45026,IL,701 N. Sacramento,(773) 265-7605,6974036
2019-11-30T00:00:00.000,MERZ,LL,,BLK,FP121438,IL,10300 S. Doty,(773) 568-8495,2890540
2019-11-30T00:00:00.000,MITS,LL,TK,BLU,BR89801,IL,10300 S. Doty,(773) 568-8495,0890556
2019-11-30T00:00:00.000,NISS,4D,,BLK,BB58598,IL,10300 S. Doty,(773) 568-8495,2890551
2019-11-30T00:00:00.000,NISS,4D,,GRY,BF86398,IL,400 E. Lower Wacker,(312) 744-7550,0216586
2019-11-30T00:00:00.000,NISS,4D,,BLK,146U283,IL,701 N. Sacramento,(773) 265-7605,6974014
2019-11-30T00:00:00.000,NISS,4D,,TAN,BH85934,IL,10300 S. Doty,(773) 568-8495,2890529
2019-11-30T00:00:00.000,OLDS,4D,,TAN,BM17314,IL,701 N. Sacramento,(773) 265-7605,6974065
2019-11-30T00:00:00.000,PONT,4D,,SIL,BM23419,IL,701 N. Sacramento,(773) 265-7605,6974063
2019-11-30T00:00:00.000,PONT,4T,,DBL,727U117,IL,701 N. Sacramento,(773) 265-7605,6974012
2019-11-30T00:00:00.000,SATR,4D,,RED,BF23093,IL,10300 S. Doty,(773) 568-8495,2890548
2019-11-30T00:00:00.000,TOYO,4D,,BLK,H118881,IL,400 E. Lower Wacker,(312) 744-7550,0216574
2019-11-30T00:00:00.000,TOYT,4D,,GRY,Y982458,IL,701 N. Sacramento,(773) 265-7605,6974029
2019-11-30T00:00:00.000,TOYT,4D,,BLK,AU88794,IL,701 N. Sacramento,(773) 265-7605,6974053
2019-11-30T00:00:00.000,TOYT,4D,,BLK,634KUT,KS,10300 S. Doty,(773) 568-8495,2890543
2019-11-30T00:00:00.000,VOLV,LL,TK,BLU,BF26392,IL,10300 S. Doty,(773) 568-8495,2890518
2019-11-29T00:00:00.000,BMW,4T,,GRY,2101404,IL,10300 S. Doty,(773) 568-8495,2890485
2019-11-29T00:00:00.000,BUIC,4D,,TAN,BF91238,IL,10300 S. Doty,(773) 568-8495,2890504
2019-11-29T00:00:00.000,BUIC,4D,,SIL,AY83579,IL,10300 S. Doty,(773) 568-8495,5890502
2019-11-29T00:00:00.000,BUIC,LL,,TAN,,IL,10300 S. Doty,(773) 568-8495,2890500
2019-11-29T00:00:00.000,CADI,4D,,BLK,BE21199,IL,701 N. Sacramento,(773) 265-7605,6973999
2019-11-29T00:00:00.000,CADI,4D,,TAN,BA35235,IL,701 N. Sacramento,(773) 265-7605,6973987
2019-11-29T00:00:00.000,CADI,4D,,BLK,A721347,IL,701 N. Sacramento,(773) 265-1846,1539605
2019-11-29T00:00:00.000,CHEV,2D,,GRY,AU29002,IL,701 N. Sacramento,(773) 265-7605,6974000
2019-11-29T00:00:00.000,CHEV,4D,,BLK,2210828,IL,701 N. Sacramento,(773) 265-7605,6973994
2019-11-29T00:00:00.000,CHEV,4D,,GRY,,,701 N. Sacramento,(773) 265-7605,6973970
2019-11-29T00:00:00.000,CHEV,4D,,WHI,Q655252,IL,701 N. Sacramento,(773) 265-7605,6973974
2019-11-29T00:00:00.000,CHEV,4D,,PLE,DL5836V,IL,10300 S. Doty,(773) 568-8495,2890506
2019-11-29T00:00:00.000,CHEV,4D,,BLK,AX99762,IL,701 N. Sacramento,(773) 265-7605,6973971
2019-11-29T00:00:00.000,CHEV,LL,,RED,X112523,IL,701 N. Sacramento,(773) 265-1846,1539604
2019-11-29T00:00:00.000,CHEV,LL,,WHI,H851334,IL,701 N. Sacramento,(773) 265-7605,6973963
2019-11-29T00:00:00.000,CHEV,PK,,BLK,2349797B,IL,701 N. Sacramento,(773) 265-1846,1539608
2019-11-29T00:00:00.000,CHEV,VN,,SIL,BD92075,IL,701 N. Sacramento,(773) 265-7605,6974001
2019-11-29T00:00:00.000,CHRY,4D,,WHI,BD97838,IL,701 N. Sacramento,(773) 265-7605,6973995
2019-11-29T00:00:00.000,CHRY,4D,,TAN,BF14686,IL,10300 S. Doty,(773) 785-9752,1719779
2019-11-29T00:00:00.000,CHRY,4D,,BLK,D3222,IA,10300 S. Doty,(773) 785-9752,1719778
2019-11-29T00:00:00.000,CHRY,4D,,BLK,BL13813,IL,701 N. Sacramento,(773) 265-7605,6973982
2019-11-29T00:00:00.000,CHRY,VN,TK,SIL,Y757000,IL,10300 S. Doty,(773) 568-8495,2890490
2019-11-29T00:00:00.000,DODG,LL,,GRY,2303510B,IL,10300 S. Doty,(773) 785-9752,1719780
2019-11-29T00:00:00.000,FORD,4D,,WHI,X381708,IL,701 N. Sacramento,(773) 265-1846,1719775
2019-11-29T00:00:00.000,FORD,4D,,WHI,BA42285,IL,701 N. Sacramento,(773) 265-7605,6974004
2019-11-29T00:00:00.000,FORD,4D,,GRY,BF38850,IL,701 N. Sacramento,(773) 265-7605,6973986
2019-11-29T00:00:00.000,FORD,4D,,WHI,D835452,IL,701 N. Sacramento,(773) 265-1846,1539606
2019-11-29T00:00:00.000,FORD,4D,,GRN,AP72997,IL,10300 S. Doty,(773) 568-8495,2890494
2019-11-29T00:00:00.000,FORD,4D,,BLK,BXS039,MN,400 E. Lower Wacker,(312) 744-7550,0216547
2019-11-29T00:00:00.000,FORD,LL,TK,BLU,1506349B,IL,10300 S. Doty,(773) 568-8495,2890478
2019-11-29T00:00:00.000,HOND,LL,,BLU,BH94441,IL,701 N. Sacramento,(773) 265-7605,6973961
2019-11-29T00:00:00.000,HOND,VN,TK,SIL,,,10300 S. Doty,(773) 568-8495,2890495
2019-11-29T00:00:00.000,HYUN,4D,,WHI,BR64104,IL,701 N. Sacramento,(773) 265-7605,6973977
2019-11-29T00:00:00.000,HYUN,LL,TK,SIL,BT44074,IL,10300 S. Doty,(773) 568-8495,2890492
2019-11-29T00:00:00.000,INFI,LL,,BLK,BKK128,IN,10300 S. Doty,(773) 568-8495,2890487
2019-11-29T00:00:00.000,JEEP,LL,,BLK,AF49706,IL,10300 S. Doty,(773) 568-8495,2890499
2019-11-29T00:00:00.000,JEEP,LL,,BLK,BH32145,IL,701 N. Sacramento,(773) 265-7605,6973990
2019-11-29T00:00:00.000,JEEP,LL,,GRY,V555815,IL,701 N. Sacramento,(773) 265-7605,6973976
2019-11-29T00:00:00.000,KIA,4D,,BLU,,IL,10300 S. Doty,(773) 568-8495,2890496
2019-11-29T00:00:00.000,KIA,4D,,WHI,BH68592,IL,701 N. Sacramento,(773) 265-7605,6973973
2019-11-29T00:00:00.000,KIA,LL,,SIL,BF39150,IL,701 N. Sacramento,(773) 265-7605,6973991
2019-11-29T00:00:00.000,LINC,LL,,WHI,BC41383,IL,701 N. Sacramento,(773) 265-7605,6973989
2019-11-29T00:00:00.000,MAZD,4D,,BLU,DL6158,IL,400 E. Lower Wacker,(312) 744-7550,0216541
2019-11-29T00:00:00.000,MERZ,4D,,BLK,BQ42893,IL,701 N. Sacramento,(773) 265-1846,1539610
2019-11-29T00:00:00.000,MITS,LL,TK,SIL,AY76188,IL,701 N. Sacramento,(773) 265-7605,6974010
2019-11-29T00:00:00.000,NISS,4D,,BLK,Q230423,IL,701 N. Sacramento,(773) 265-7605,6973992
2019-11-29T00:00:00.000,NISS,4D,,GRY,BA30705,IL,701 N. Sacramento,(773) 265-1846,1539602
2019-11-29T00:00:00.000,NISS,4D,,BLU,,,701 N. Sacramento,(773) 265-7605,6974005
2019-11-29T00:00:00.000,NISS,4D,,WHI,AY55982,IL,10300 S. Doty,(773) 568-8495,2890479
2019-11-29T00:00:00.000,NISS,4T,,GRY,BE52066,IL,701 N. Sacramento,(773) 265-7605,6973964
2019-11-29T00:00:00.000,OLDS,4D,,RED,BF16911,IL,701 N. Sacramento,(773) 265-1846,1539609
2019-11-29T00:00:00.000,PONT,4D,,TAN,,,10300 S. Doty,(773) 568-8495,2890512
2019-11-29T00:00:00.000,PONT,4D,,SIL,BE84898,IL,10300 S. Doty,(773) 568-8495,2890503
2019-11-29T00:00:00.000,TOYT,4D,,TAN,G940712,IL,10300 S. Doty,(773) 568-8495,2890498
2019-11-29T00:00:00.000,TOYT,4D,,RED,,IL,10300 S. Doty,(773) 568-8495,2890486
2019-11-29T00:00:00.000,TOYT,4D,,WHI,K877541,IN,10300 S. Doty,(773) 568-8495,2890484
2019-11-29T00:00:00.000,TOYT,LL,TK,SIL,Y757217,IL,10300 S. Doty,(773) 568-8495,2890525
2019-11-29T00:00:00.000,VOLK,4D,,WHI,Q514569,IL,701 N. Sacramento,(773) 265-7605,6973978
2019-11-29T00:00:00.000,VOLK,4D,,BLK,BM36840,IL,10300 S. Doty,(773) 568-8495,2890507
2019-11-28T00:00:00.000,ACUR,4D,,GRY,BA51391,IL,400 E. Lower Wacker,(312) 744-7550,0216497
2019-11-28T00:00:00.000,ACUR,LL,,BLU,167QBB,IN,10300 S. Doty,(773) 568-8495,2890457
2019-11-28T00:00:00.000,BMW,4D,,WHI,HAI7733,MS,701 N. Sacramento,(773) 265-7605,6973953
2019-11-28T00:00:00.000,BUIC,4D,,SIL,N302552,IL,701 N. Sacramento,(773) 265-7605,6973920
2019-11-28T00:00:00.000,BUIC,4D,,WHI,BE35825,IL,701 N. Sacramento,(773) 265-7605,6973913
2019-11-28T00:00:00.000,BUIC,4D,,WHI,,,10300 S. Doty,(773) 568-8495,2890474
2019-11-28T00:00:00.000,BUIC,4T,,RED,BL55901,IL,10300 S. Doty,(773) 568-8495,2890448
2019-11-28T00:00:00.000,CADI,4D,,BLK,AY31244,IL,701 N. Sacramento,(773) 265-7605,6973942
2019-11-28T00:00:00.000,CHEV,4D,,BLK,AM91995,IL,701 N. Sacramento,(773) 265-7605,6973932
2019-11-28T00:00:00.000,CHEV,4D,,WHI,917U594,IL,400 E. Lower Wacker,(312) 744-7550,0216495
2019-11-28T00:00:00.000,CHEV,4D,,DBL,DP4ROC,MO,10300 S. Doty,(773) 568-8495,2890476
2019-11-28T00:00:00.000,CHEV,4D,,SIL,BCX369,IN,10300 S. Doty,(773) 568-8495,2890450
2019-11-28T00:00:00.000,CHEV,4D,,BLK,BB88676,IL,400 E. Lower Wacker,(312) 744-7550,0216504
2019-11-28T00:00:00.000,CHEV,LL,TK,BLK,BN35043,IL,10300 S. Doty,(773) 568-8495,2890477
2019-11-28T00:00:00.000,CHEV,LL,,TAN,BF30022,IL,10300 S. Doty,(773) 568-8495,2890452
2019-11-28T00:00:00.000,CHEV,VN,,WHI,ZU50903,IL,701 N. Sacramento,(773) 265-7605,6973928
2019-11-28T00:00:00.000,CHRY,4D,,GRY,AL46060,IL,701 N. Sacramento,(773) 265-7605,6973934
2019-11-28T00:00:00.000,CHRY,SW,,TAN,AG20801,IL,701 N. Sacramento,(773) 265-7605,6973919
2019-11-28T00:00:00.000,CHRY,SW,,SIL,,IL,701 N. Sacramento,(773) 265-7605,6973925
2019-11-28T00:00:00.000,CHRY,VN,,TAN,533873,IL,10300 S. Doty,(773) 568-8495,2890469
2019-11-28T00:00:00.000,CHRY,VN,,RED,,IL,10300 S. Doty,(773) 568-8495,2890470
2019-11-28T00:00:00.000,DODG,4D,,BLK,S830200,IL,701 N. Sacramento,(773) 265-7605,6973933
2019-11-28T00:00:00.000,DODG,LL,,GRY,ZX28698,IL,10300 S. Doty,(773) 568-8495,2890451
2019-11-28T00:00:00.000,DODG,VN,TK,SIL,,IL,10300 S. Doty,(773) 568-8495,2890440
2019-11-28T00:00:00.000,DODG,VN,,SIL,Z538788,IL,10300 S. Doty,(773) 568-8495,2890465
2019-11-28T00:00:00.000,FORD,2D,,LGR,FP54985,IL,701 N. Sacramento,(773) 265-7605,6973915
2019-11-28T00:00:00.000,FORD,4D,,RED,BK90156,IL,10300 S. Doty,(773) 568-8495,2890437
2019-11-28T00:00:00.000,FORD,4D,,WHI,AY9203,IL,701 N. Sacramento,(773) 265-7605,6973945
2019-11-28T00:00:00.000,FORD,4D,,MAR,Q119803,IL,701 N. Sacramento,(773) 265-7605,6973939
2019-11-28T00:00:00.000,FORD,LL,TK,GRY,BT47855,IL,701 N. Sacramento,(773) 265-7605,6973906
2019-11-28T00:00:00.000,FORD,LL,,BLK,BK48644,IL,10300 S. Doty,(773) 568-8495,485552
2019-11-28T00:00:00.000,GMC,LL,,TAN,BG83222,IL,701 N. Sacramento,(773) 265-7605,6973950
2019-11-28T00:00:00.000,HOND,2D,,BLK,BN36411,IL,701 N. Sacramento,(773) 265-7605,6973947
2019-11-28T00:00:00.000,HOND,2D,,WHI,AL46647,IL,701 N. Sacramento,(773) 265-7605,6973937
2019-11-28T00:00:00.000,HOND,SD,,GRN,,IL,701 N. Sacramento,(773) 265-7605,6973941
2019-11-28T00:00:00.000,HOND,VN,TK,TAN,BK85901,IL,701 N. Sacramento,(773) 265-7605,6973944
2019-11-28T00:00:00.000,HYUN,2D,,BLK,405831,IL,701 N. Sacramento,(773) 265-7605,6973929
2019-11-28T00:00:00.000,HYUN,4D,,BLU,BE24024,IL,701 N. Sacramento,(773) 265-7605,6973914
2019-11-28T00:00:00.000,HYUN,4D,,SIL,RJSMITH,IL,10300 S. Doty,(773) 568-8495,2890436
2019-11-28T00:00:00.000,INFI,4T,,SIL,,IL,10300 S. Doty,(773) 568-8495,2890446
2019-11-28T00:00:00.000,ISU,LL,TK,SIL,808U878,IL,701 N. Sacramento,(773) 265-7605,6973910
2019-11-28T00:00:00.000,JEEP,LL,TK,BLU,865U469,IL,10300 S. Doty,(773) 568-8495,2890455
2019-11-28T00:00:00.000,JEEP,LL,,SIL,BA36237,IL,701 N. Sacramento,(773) 265-7605,6973895
2019-11-28T00:00:00.000,JEEP,LL,TK,MAR,,,10300 S. Doty,(773) 568-8495,2890472
2019-11-28T00:00:00.000,KIA,4D,,WHI,E214309,IL,701 N. Sacramento,(773) 265-7605,6973905
2019-11-28T00:00:00.000,KIA,4D,,MAR,AX78595,IL,701 N. Sacramento,(773) 265-7605,6973940
2019-11-28T00:00:00.000,KIA,LL,,BLK,AB33429,IL,701 N. Sacramento,(773) 265-7605,6973930
2019-11-28T00:00:00.000,LEXS,4D,,WHI,S626995,IL,701 N. Sacramento,(773) 265-7605,6973904
2019-11-28T00:00:00.000,LINC,4D,,WHI,K719761,IN,10300 S. Doty,(773) 568-8495,2890445
2019-11-28T00:00:00.000,MERC,4D,,WHI,BK17816,IL,10300 S. Doty,(773) 568-8495,2890458
2019-11-28T00:00:00.000,MINI,2D,,BLK,ZY34522,IL,400 E. Lower Wacker,(312) 744-7550,0216501
2019-11-28T00:00:00.000,MITS,2D,,SIL,BT80337,IL,10300 S. Doty,(773) 568-8495,2890468
2019-11-28T00:00:00.000,MITS,LL,,GRY,VXH3514,VA,10300 S. Doty,(773) 568-8495,2890456
2019-11-28T00:00:00.000,NISS,4D,,BLK,BW59085,IL,10300 S. Doty,(773) 568-8495,2890447
2019-11-28T00:00:00.000,NISS,4D,,TAN,,IL,10300 S. Doty,(773) 568-8495,2890464
2019-11-28T00:00:00.000,NISS,4D,,BLK,BQ74117,IL,701 N. Sacramento,(773) 265-7605,6973909
2019-11-28T00:00:00.000,NISS,LL,,SIL,275893,IL,701 N. Sacramento,(773) 265-7605,6973957
2019-11-28T00:00:00.000,NISS,LL,,MAR,Z657711,IL,10300 S. Doty,(773) 568-8495,2890441
2019-11-28T00:00:00.000,PONT,2D,,TAN,BA45103,IL,701 N. Sacramento,(773) 265-7605,6973899
2019-11-28T00:00:00.000,PONT,4D,,GRY,BU68705,IL,701 N. Sacramento,(773) 265-7605,6973960
2019-11-28T00:00:00.000,PONT,4D,,RED,AN16295,IL,701 N. Sacramento,(773) 265-7605,6973949
2019-11-28T00:00:00.000,SATR,4D,,RED,AP55930,IL,10300 S. Doty,(773) 568-8495,2890444
2019-11-28T00:00:00.000,TOYT,4D,,BLK,AE16162,IL,701 N. Sacramento,(773) 265-7605,6973959
2019-11-28T00:00:00.000,TOYT,4D,,BLK,V813674,IL,400 E. Lower Wacker,(312) 744-7550,0216499
2019-11-28T00:00:00.000,TOYT,4D,,BLU,AP17100,IL,10300 S. Doty,(773) 568-8495,2890467
2019-11-28T00:00:00.000,TOYT,4D,,WHI,AE72188,IL,701 N. Sacramento,(773) 265-7605,6973900
2019-11-28T00:00:00.000,TOYT,LL,,SIL,DTX100,CO,10300 S. Doty,(773) 568-8495,2890461
2019-11-28T00:00:00.000,TOYT,LL,,BLK,GSN3212,NY,701 N. Sacramento,(773) 265-7605,6973958
2019-11-28T00:00:00.000,TOYT,VN,,RED,AX31227,IL,701 N. Sacramento,(773) 265-7605,6973921
2019-11-28T00:00:00.000,VOLK,4D,,BLK,,IL,10300 S. Doty,(773) 568-8495,2890462
2019-11-27T00:00:00.000,BMW,2D,,BLK,BA37208,IL,701 N. Sacramento,(773) 265-7605,6973868
2019-11-27T00:00:00.000,BMW,4D,,GRY,V652758,IL,701 N. Sacramento,(773) 265-7605,6973825
2019-11-27T00:00:00.000,BMW,4D,,TAN,Z239963,IL,701 N. Sacramento,(773) 265-7605,6973846
2019-11-27T00:00:00.000,BUIC,4D,,TAN,BF23049,IL,10300 S. Doty,(773) 785-9752,1719772
2019-11-27T00:00:00.000,CHEV,2D,,SIL,BT86500,IL,701 N. Sacramento,(773) 265-7605,6973859
2019-11-27T00:00:00.000,CHEV,4D,,RED,BF90420,IL,701 N. Sacramento,(773) 265-1846,1539596
2019-11-27T00:00:00.000,CHEV,4D,,BLU,2349454,IL,701 N. Sacramento,(773) 265-7605,6973890
2019-11-27T00:00:00.000,CHEV,4D,,RED,BA40656,IL,701 N. Sacramento,(773) 265-7605,6973851
2019-11-27T00:00:00.000,CHEV,LL,,GRN,,IL,701 N. Sacramento,(773) 265-7605,6973864
2019-11-27T00:00:00.000,CHEV,LL,,BLU,AT11432,IL,701 N. Sacramento,(773) 265-7605,6973886
2019-11-27T00:00:00.000,CHEV,LL,,GRY,BF21327,IL,10300 S. Doty,(773) 785-9752,1719771
2019-11-27T00:00:00.000,CHEV,LL,,BLU,Q135448,IL,701 N. Sacramento,(773) 265-7605,6973814
2019-11-27T00:00:00.000,CHEV,PK,,GRY,1560030B,IL,10300 S. Doty,(773) 568-8495,2890433
2019-11-27T00:00:00.000,CHEV,PK,,WHI,161120F,IL,701 N. Sacramento,(773) 265-1846,1539589
2019-11-27T00:00:00.000,CHEV,PK,,GRY,,IL,701 N. Sacramento,(773) 265-7605,6973855
2019-11-27T00:00:00.000,CHEV,VN,,WHI,77071MB,IL,701 N. Sacramento,(773) 265-7605,6973818
2019-11-27T00:00:00.000,CHEV,VN,,WHI,2011927B,IL,701 N. Sacramento,(773) 265-7605,6973816
2019-11-27T00:00:00.000,CHRY,SW,,SIL,792U492,IL,10300 S. Doty,(773) 568-8495,2890431
2019-11-27T00:00:00.000,DODG,4D,,SIL,BR17627,IL,701 N. Sacramento,(773) 265-1846,1539598
2019-11-27T00:00:00.000,DODG,4D,,RED,BK61239,IL,701 N. Sacramento,(773) 265-7605,6973810
2019-11-27T00:00:00.000,DODG,LL,,SIL,,IL,701 N. Sacramento,(773) 265-7605,6973821
2019-11-27T00:00:00.000,DODG,PK,,BLK,1441798B,IL,10300 S. Doty,(773) 568-8495,2890421
2019-11-27T00:00:00.000,DODG,VN,,WHI,,IL,10300 S. Doty,(773) 785-9752,1539591
2019-11-27T00:00:00.000,FORD,2D,,BLK,BE87171,IL,701 N. Sacramento,(773) 265-7605,6973853
2019-11-27T00:00:00.000,FORD,4D,,SIL,AY97082,IL,701 N. Sacramento,(773) 265-7605,6973854
2019-11-27T00:00:00.000,FORD,4D,,BLK,ZY21307,IL,400 E. Lower Wacker,(312) 744-7550,0216482
2019-11-27T00:00:00.000,FORD,4D,,GRY,BA61183,IL,10300 S. Doty,(773) 568-8495,2890435
2019-11-27T00:00:00.000,FORD,4D,,MAR,BB28993,IL,10300 S. Doty,(773) 568-8495,2890434
2019-11-27T00:00:00.000,FORD,4D,,SIL,BE79650,IL,701 N. Sacramento,(773) 265-7605,6973847
2019-11-27T00:00:00.000,FORD,LL,,WHI,,IL,10300 S. Doty,(773) 785-9752,1719770
2019-11-27T00:00:00.000,FORD,LL,,BLU,BC79241,IL,701 N. Sacramento,(773) 265-7605,6973823
2019-11-27T00:00:00.000,FORD,VN,,WHI,AW24585,IL,701 N. Sacramento,(773) 265-1846,1539600
2019-11-27T00:00:00.000,FORD,VN,,WHI,AJ35912,AZ,701 N. Sacramento,(773) 265-7605,6973877
2019-11-27T00:00:00.000,GMC,LL,,WHI,459TU,IN,701 N. Sacramento,(773) 265-1846,1539595
2019-11-27T00:00:00.000,HARL,MC,,BLK,DT8048,IL,701 N. Sacramento,(773) 265-7605,6973874
2019-11-27T00:00:00.000,HOND,4D,,GRY,AH49195,IL,701 N. Sacramento,(773) 265-7605,6973833
2019-11-27T00:00:00.000,HOND,4D,,BLK,PJM475,NM,400 E. Lower Wacker,(312) 744-7550,0216443
2019-11-27T00:00:00.000,HOND,4D,,LBL,Q432179,IL,701 N. Sacramento,(773) 265-1846,1539590
2019-11-27T00:00:00.000,HOND,4D,,WHI,AS68137,IL,701 N. Sacramento,(773) 265-1846,1539599
2019-11-27T00:00:00.000,HOND,4D,,SIL,1438596,IL,701 N. Sacramento,(773) 265-7605,6973826
2019-11-27T00:00:00.000,HOND,LL,,BLK,,IL,10300 S. Doty,(773) 568-8495,2890426
2019-11-27T00:00:00.000,HYUN,4D,,RED,7356588,IL,701 N. Sacramento,(773) 265-1846,1539597
2019-11-27T00:00:00.000,HYUN,4D,,BLU,HND5504,OH,701 N. Sacramento,(773) 265-7605,6973841
2019-11-27T00:00:00.000,HYUN,4D,,TAN,AN54739,IL,701 N. Sacramento,(773) 265-7605,6973850
2019-11-27T00:00:00.000,HYUN,4D,,GRY,BK56058,IL,701 N. Sacramento,(773) 265-7605,6973858
2019-11-27T00:00:00.000,JEEP,LL,,BLK,AP37920,IL,10300 S. Doty,(773) 785-9752,1719773
2019-11-27T00:00:00.000,JEEP,LL,,GRY,924U657,IL,701 N. Sacramento,(773) 265-7605,6973888
2019-11-27T00:00:00.000,JEEP,LL,,SIL,111V363,IL,10300 S. Doty,(773) 568-8495,2890427
2019-11-27T00:00:00.000,JEEP,LL,,GRN,H310028,IL,701 N. Sacramento,(773) 265-7605,6973860
2019-11-27T00:00:00.000,LEXS,4D,,BLK,119V521,IL,701 N. Sacramento,(773) 265-7605,6973806
2019-11-27T00:00:00.000,LEXS,4D,,GLD,S1288C,WI,701 N. Sacramento,(773) 265-7605,6973822
2019-11-27T00:00:00.000,LEXS,4D,,WHI,AX94282,IL,701 N. Sacramento,(773) 265-1846,1539601
2019-11-27T00:00:00.000,LINC,4D,,WHI,ZU55894,IL,10300 S. Doty,(773) 568-8495,2890419
2019-11-27T00:00:00.000,LINC,4D,,TAN,BE79644,IL,701 N. Sacramento,(773) 265-7605,6973848
2019-11-27T00:00:00.000,LINC,LL,,TAN,Q287088,IL,701 N. Sacramento,(773) 265-7605,6973812
2019-11-27T00:00:00.000,MAZD,4D,,SIL,574117,IL,701 N. Sacramento,(773) 265-7605,6973839
2019-11-27T00:00:00.000,MITS,4D,,WHI,P913190,IL,701 N. Sacramento,(773) 265-7605,6973819
2019-11-27T00:00:00.000,NISS,4D,,RED,BB41485,IL,701 N. Sacramento,(773) 265-7605,6973830
2019-11-27T00:00:00.000,NISS,4D,,RED,AX32154,IL,701 N. Sacramento,(773) 265-7605,6973887
2019-11-27T00:00:00.000,NISS,4D,,SIL,BL64836,IL,701 N. Sacramento,(773) 265-7605,6973836
2019-11-27T00:00:00.000,NISS,4D,,,RKF471,IN,701 N. Sacramento,(773) 265-7605,6973856
2019-11-27T00:00:00.000,NISS,4D,,SIL,BP25556,IL,701 N. Sacramento,(773) 265-7605,6973834
2019-11-27T00:00:00.000,NISS,4D,,SIL,BG53798,IL,701 N. Sacramento,(773) 265-7605,6973882
2019-11-27T00:00:00.000,NISS,4D,,BLK,N549625,IL,701 N. Sacramento,(773) 265-7605,6973873
2019-11-27T00:00:00.000,NISS,4D,,WHI,E397511,IL,701 N. Sacramento,(773) 265-1846,1539592
2019-11-27T00:00:00.000,NISS,4D,,BLK,BD35803,IL,701 N. Sacramento,(773) 265-7605,6973811
2019-11-27T00:00:00.000,NISS,LL,,WHI,BL85070,IL,701 N. Sacramento,(773) 265-7605,6973876
2019-11-27T00:00:00.000,PONT,4D,,RED,,IL,701 N. Sacramento,(773) 265-7605,6973840
2019-11-27T00:00:00.000,PONT,4D,,BLU,,IL,701 N. Sacramento,(773) 265-7605,6973866
2019-11-27T00:00:00.000,PONT,4D,,BLK,,IL,701 N. Sacramento,(773) 265-7605,6973832
2019-11-27T00:00:00.000,PONT,4D,,GRY,BD65113,IL,10300 S. Doty,(773) 568-8495,2890416
2019-11-27T00:00:00.000,PONT,4D,,BLU,BK12072,IL,10300 S. Doty,(773) 568-8495,2890432
2019-11-27T00:00:00.000,SATU,2D,,SIL,638794,IL,701 N. Sacramento,(773) 265-7605,6973885
2019-11-27T00:00:00.000,SUBA,LL,,SIL,BL12847,IL,701 N. Sacramento,(773) 265-7605,6973824
2019-11-27T00:00:00.000,TOYT,4D,,GRY,BG39897,IL,701 N. Sacramento,(773) 265-7605,6973883
2019-11-27T00:00:00.000,TOYT,4D,,SIL,R704086,IL,10300 S. Doty,(773) 568-8495,2890422
2019-11-27T00:00:00.000,TOYT,4D,,TAN,BK45194,IL,701 N. Sacramento,(773) 265-7605,6973861
2019-11-27T00:00:00.000,TOYT,4D,,BLU,BL20061,IL,701 N. Sacramento,(773) 265-7605,6973808
2019-11-27T00:00:00.000,TOYT,4D,,SIL,BG53851,IL,701 N. Sacramento,(773) 265-7605,6973872
2019-11-27T00:00:00.000,TOYT,VN,,GRY,E531639,IL,701 N. Sacramento,(773) 265-7605,6973881
2019-11-27T00:00:00.000,VOLK,2D,,GRY,,IL,701 N. Sacramento,(773) 265-7605,6973817
2019-11-27T00:00:00.000,VOLK,4D,,GLD,Z920139,IL,10300 S. Doty,(773) 568-8495,2890429
2019-11-27T00:00:00.000,VOLK,LL,,GRY,AQ75186,IL,701 N. Sacramento,(773) 265-7605,6973880
2019-11-27T00:00:00.000,VOLV,LL,,BLK,594362,IL,10300 S. Doty,(773) 568-8495,2890418
2019-11-26T00:00:00.000,ACUR,4D,,GRY,BM21893,IL,10300 S. Doty,(773) 568-8495,2890402
2019-11-26T00:00:00.000,AUDI,4D,,WHI,K600068,IN,10300 S. Doty,(773) 568-8495,2890403
2019-11-26T00:00:00.000,AUDI,4D,,SIL,BP65014,IL,701 N. Sacramento,(773) 265-7605,6973746
2019-11-26T00:00:00.000,CADI,4D,,GRY,Q437798,IL,10300 S. Doty,(773) 568-8495,2890385
2019-11-26T00:00:00.000,CADI,4D,,WHI,BE72161,IL,10300 S. Doty,(773) 568-8495,2890399
2019-11-26T00:00:00.000,CADI,4D,,BLK,BG59684,IL,701 N. Sacramento,(773) 265-7605,6973755
2019-11-26T00:00:00.000,CADI,LL,,TAN,S874351,IL,10300 S. Doty,(773) 568-8495,2890378
2019-11-26T00:00:00.000,CHEV,2D,,RED,562291,IL,10300 S. Doty,(773) 568-8495,2890411
2019-11-26T00:00:00.000,CHEV,4D,,TAN,,IL,10300 S. Doty,(773) 568-8495,2890381
2019-11-26T00:00:00.000,CHEV,4D,,BRZ,BN17360,IL,10300 S. Doty,(773) 568-8495,2890384
2019-11-26T00:00:00.000,CHEV,LL,,RED,AS27038,IL,701 N. Sacramento,(773) 265-7605,6973759
2019-11-26T00:00:00.000,CHEV,LL,TK,TAN,BN49330,IL,701 N. Sacramento,(773) 265-7605,6973767
2019-11-26T00:00:00.000,CHEV,PK,,BLU,AVA391,IL,10300 S. Doty,(773) 568-8495,2890388
2019-11-26T00:00:00.000,CHEV,VN,TK,GLD,517U139,IL,701 N. Sacramento,(773) 265-7605,6973748
2019-11-26T00:00:00.000,CHRY,4D,,SIL,BN75756,IL,701 N. Sacramento,(773) 265-7605,6973775
2019-11-26T00:00:00.000,CHRY,4D,,WHI,ADX8538,WI,701 N. Sacramento,(773) 265-7605,6973745
2019-11-26T00:00:00.000,CHRY,VN,,RED,BB34468,IL,10300 S. Doty,(773) 568-8495,2890395
2019-11-26T00:00:00.000,DODG,4D,,SIL,BB13106,IL,10300 S. Doty,(773) 568-8495,2890396
2019-11-26T00:00:00.000,FORD,4D,,WHI,18824PT,IL,10300 S. Doty,(773) 568-8495,2890408
2019-11-26T00:00:00.000,FORD,4D,,BLU,,IL,10300 S. Doty,(773) 568-8495,2890380
2019-11-26T00:00:00.000,FORD,LL,,GRY,7R04Y6,TN,701 N. Sacramento,(773) 265-7605,6973776
2019-11-26T00:00:00.000,FORD,LL,,BLU,BE86683,IL,701 N. Sacramento,(773) 265-7605,6973792
2019-11-26T00:00:00.000,GMC,LL,,GRY,AN34261,IL,10300 S. Doty,(773) 568-8495,2890400
2019-11-26T00:00:00.000,GMC,LL,YUK,BLU,,,10300 S. Doty,(773) 568-8495,2890405
2019-11-26T00:00:00.000,HOND,4D,,MAR,BB14169,IL,701 N. Sacramento,(773) 265-7605,6973790
2019-11-26T00:00:00.000,HOND,4D,,GRN,BD48793,IL,701 N. Sacramento,(773) 265-7605,6973774
2019-11-26T00:00:00.000,HOND,LL,,BLK,H994530,IL,10300 S. Doty,(773) 568-8495,2890412
2019-11-26T00:00:00.000,HOND,SW,TK,SIL,BB97306,IL,701 N. Sacramento,(773) 265-7605,6973743
2019-11-26T00:00:00.000,HYUN,2D,,SIL,BL83651,IL,701 N. Sacramento,(773) 265-7605,6973798
2019-11-26T00:00:00.000,HYUN,4D,,MAR,L838554,IL,400 E. Lower Wacker,(312) 744-7550,0216425
2019-11-26T00:00:00.000,INFI,4D,,BLK,BW60673,IL,701 N. Sacramento,(773) 265-7605,6973754
2019-11-26T00:00:00.000,JEEP,LL,,RED,BG14863,IL,701 N. Sacramento,(773) 265-7605,6973786
2019-11-26T00:00:00.000,JEEP,LL,,RED,BA68508,IL,701 N. Sacramento,(773) 265-7605,6973768
2019-11-26T00:00:00.000,JEEP,LL,,BLU,V818879,IL,701 N. Sacramento,(773) 265-7605,6973793
2019-11-26T00:00:00.000,JEEP,LL,,BLK,AT56195,IL,701 N. Sacramento,(773) 265-7605,6973757
2019-11-26T00:00:00.000,JEEP,LL,,BLK,BK76681,IL,701 N. Sacramento,(773) 265-7605,6973781
2019-11-26T00:00:00.000,LEXS,4D,,GRN,BA77551,IL,10300 S. Doty,(773) 568-8495,2890394
2019-11-26T00:00:00.000,LEXS,4D,,GRY,E892112,IL,10300 S. Doty,(773) 568-8495,2890382
2019-11-26T00:00:00.000,MAZD,4D,,BLK,ZIE875,LA,701 N. Sacramento,(773) 265-7605,6973794
2019-11-26T00:00:00.000,MAZD,LL,,BLK,WFV225,IN,10300 S. Doty,(773) 568-8495,2890410
2019-11-26T00:00:00.000,NISS,4D,,SIL,AS94774,IL,10300 S. Doty,(773) 568-8495,2890409
2019-11-26T00:00:00.000,NISS,4D,,SIL,,,10300 S. Doty,(773) 568-8495,2890393
2019-11-26T00:00:00.000,NISS,4D,,GRY,Z844787,IL,701 N. Sacramento,(773) 265-7605,6973758
2019-11-26T00:00:00.000,NISS,4D,,TAN,BG85507,IL,701 N. Sacramento,(773) 265-7605,6973762
2019-11-26T00:00:00.000,NISS,4D,,WHI,BB74176,IL,701 N. Sacramento,(773) 265-7605,6973788
2019-11-26T00:00:00.000,NISS,4D,,SIL,,,10300 S. Doty,(773) 568-8495,2890407
2019-11-26T00:00:00.000,NISS,4D,,BGE,,,701 N. Sacramento,(773) 265-7605,6973771
2019-11-26T00:00:00.000,NISS,LL,,GRY,647R052,IL,10300 S. Doty,(773) 568-8495,2890401
2019-11-26T00:00:00.000,NISS,LL,TK,BLK,G839743,IL,701 N. Sacramento,(773) 265-7605,6973799
2019-11-26T00:00:00.000,OLDS,4D,,MAR,,IL,701 N. Sacramento,(773) 265-7605,6973789
2019-11-26T00:00:00.000,PONT,4D,,GRY,AQ44465,IL,10300 S. Doty,(773) 568-8495,2890390
2019-11-26T00:00:00.000,TOYT,4D,,BLK,Z226157,IL,701 N. Sacramento,(773) 265-7605,6973752
2019-11-26T00:00:00.000,TOYT,4D,,RED,,IL,10300 S. Doty,(773) 568-8495,2890383
2019-11-26T00:00:00.000,TOYT,4D,,SIL,AP14841,IL,701 N. Sacramento,(773) 265-7605,6973753
2019-11-26T00:00:00.000,TOYT,HB,,BLK,656VO,IN,400 E. Lower Wacker,(312) 744-7550,0216412
2019-11-25T00:00:00.000,BMW,LL,,RED,AG94579,IL,10300 S. Doty,(773) 568-8495,2890331
2019-11-25T00:00:00.000,CHEV,2D,,RED,77700E,IL,701 N. Sacramento,(773) 265-7605,6973728
2019-11-25T00:00:00.000,CHEV,2D,,RED,X937001,IL,10300 S. Doty,(773) 568-8495,2890375
2019-11-25T00:00:00.000,CHEV,2D,,SIL,AB46796,IL,10300 S. Doty,(773) 568-8495,2890341
2019-11-25T00:00:00.000,CHEV,4D,,SIL,N485834,LA,701 N. Sacramento,(773) 265-7605,6973722
2019-11-25T00:00:00.000,CHEV,LL,TK,BLK,ZU51294,IL,10300 S. Doty,(773) 568-8495,2890335
2019-11-25T00:00:00.000,CHEV,VN,,WHI,AH16858,IL,701 N. Sacramento,(773) 265-7605,6973720
2019-11-25T00:00:00.000,DODG,4D,,BLK,A388374,IL,701 N. Sacramento,(773) 265-7605,6973724
2019-11-25T00:00:00.000,FORD,4D,,TAN,BU69711,IL,10300 S. Doty,(773) 568-8495,2890349
2019-11-25T00:00:00.000,FORD,LL,,RED,BA58387,IL,10300 S. Doty,(773) 568-8495,2890371
2019-11-25T00:00:00.000,FORD,VN,,WHI,FL347AAV,IN,10300 S. Doty,(773) 568-8495,2890362
2019-11-25T00:00:00.000,GMC,PK,,MAR,BR65901,IL,701 N. Sacramento,(773) 265-7605,6973702
2019-11-25T00:00:00.000,HOND,2D,,RED,972U919,IL,10300 S. Doty,(773) 568-8495,2890366
2019-11-25T00:00:00.000,HOND,4D,,SIL,AH91194,IL,701 N. Sacramento,(773) 265-7605,6973733
2019-11-25T00:00:00.000,HOND,VN,,WHI,Q465862,IL,10300 S. Doty,(773) 568-8495,2890365
2019-11-25T00:00:00.000,HYUN,4D,,BLU,A423459,IL,10300 S. Doty,(773) 568-8495,2890355
2019-11-25T00:00:00.000,HYUN,4D,,BLU,BF31870,IL,701 N. Sacramento,(773) 265-7605,6973736
2019-11-25T00:00:00.000,HYUN,4D,,SIL,AU14092,IL,10300 S. Doty,(773) 568-8495,2890347
2019-11-25T00:00:00.000,HYUN,4D,,BLK,BV49857,IL,701 N. Sacramento,(773) 265-7605,6973715
2019-11-25T00:00:00.000,HYUN,LL,TK,GRY,BT93896,IL,10300 S. Doty,(773) 568-8495,6973716
2019-11-25T00:00:00.000,HYUN,LL,,WHI,AG41745,IL,701 N. Sacramento,(773) 265-7605,6973734
2019-11-25T00:00:00.000,JEEP,LL,,GRY,BG53349,IL,701 N. Sacramento,(773) 265-1846,1539587
2019-11-25T00:00:00.000,LINC,LL,,TAN,K482642,IL,701 N. Sacramento,(773) 265-7605,6973735
2019-11-25T00:00:00.000,MAZD,LL,,RED,C6899,IL,10300 S. Doty,(773) 568-8495,2890350
2019-11-25T00:00:00.000,MERC,4D,,GLD,BM21131,IL,701 N. Sacramento,(773) 265-7605,6973739
2019-11-25T00:00:00.000,MERC,4D,,GLD,BL26296,IL,10300 S. Doty,(773) 568-8495,2890333
2019-11-25T00:00:00.000,MERC,4T,,TAN,,IL,10300 S. Doty,(773) 568-8495,2890338
2019-11-25T00:00:00.000,MERC,LL,,BLK,Z478644,IL,701 N. Sacramento,(773) 265-7605,6973726
2019-11-25T00:00:00.000,MERZ,LL,,BLK,BE72335,IL,701 N. Sacramento,(773) 265-7605,6973723
2019-11-25T00:00:00.000,NISS,4D,,GRY,,IL,10300 S. Doty,(773) 568-8495,2890345
2019-11-25T00:00:00.000,NISS,4D,,RED,GHH7003,TX,10300 S. Doty,(773) 568-8495,2890360
2019-11-25T00:00:00.000,PONT,4D,,GRY,BL92898,IL,10300 S. Doty,(773) 568-8495,2890348
2019-11-25T00:00:00.000,PONT,4D,,BLK,,,10300 S. Doty,(773) 568-8495,2890357
2019-11-25T00:00:00.000,SATR,LL,,BRO,E382118,IL,10300 S. Doty,(773) 568-8495,2890346
2019-11-25T00:00:00.000,TOYT,2D,,BLK,BE36138,IL,10300 S. Doty,(773) 568-8495,2890332
2019-11-25T00:00:00.000,TOYT,4D,,SIL,,,10300 S. Doty,(773) 568-8495,2890358
2019-11-25T00:00:00.000,TOYT,VN,,DBL,Q837658,IL,10300 S. Doty,(773) 568-8495,2890361
2019-11-25T00:00:00.000,VOLK,2D,,RED,BQ18934,IL,701 N. Sacramento,(773) 265-7605,6973714
2019-11-25T00:00:00.000,YAMA,MC,,SIL,,IL,701 N. Sacramento,(773) 265-1846,1539588
2019-11-24T00:00:00.000,BMW,4D,,WHI,BE22995,IL,10300 S. Doty,(773) 568-8495,2890248
2019-11-24T00:00:00.000,BUIC,4D,,WHI,AN35751,IL,701 N. Sacramento,(773) 265-7605,6973682
2019-11-24T00:00:00.000,BUIC,4T,,GRY,Q904601,IL,701 N. Sacramento,(773) 265-7605,6973643
2019-11-24T00:00:00.000,BUIC,4T,,RED,BG74094,IL,10300 S. Doty,(773) 568-8495,2890269
2019-11-24T00:00:00.000,BUIC,LL,TK,SIL,BF17853,IL,10300 S. Doty,(773) 568-8495,2890328
2019-11-24T00:00:00.000,CADI,4D,,SIL,Y761621,IL,701 N. Sacramento,(773) 265-7605,6973689
2019-11-24T00:00:00.000,CHEV,2D,,BLK,G558214,IL,701 N. Sacramento,(773) 265-7605,6973668
2019-11-24T00:00:00.000,CHEV,4D,,GRN,AS47193,IL,701 N. Sacramento,(773) 265-7605,6973664
2019-11-24T00:00:00.000,CHEV,4D,,BLK,R113040,IL,701 N. Sacramento,(773) 265-7605,6973675
2019-11-24T00:00:00.000,CHEV,4D,,RED,BU24036,IL,10300 S. Doty,(773) 568-8495,2890254
2019-11-24T00:00:00.000,CHEV,4D,,WHI,Q457900,IL,10300 S. Doty,(773) 568-8495,2890312
2019-11-24T00:00:00.000,CHEV,4D,,SIL,BF23151,IL,10300 S. Doty,(773) 568-8495,2890279
2019-11-24T00:00:00.000,CHEV,4D,,BLK,AT26707,IL,10300 S. Doty,(773) 568-8495,2890274
2019-11-24T00:00:00.000,CHEV,4D,,BLK,BDJ227,IN,10300 S. Doty,(773) 568-8495,2890315
2019-11-24T00:00:00.000,CHEV,4D,,WHI,AN56720,IL,10300 S. Doty,(773) 568-8495,2890278
2019-11-24T00:00:00.000,CHEV,4D,,WHI,BF26192,IL,10300 S. Doty,(773) 568-8495,2890255
2019-11-24T00:00:00.000,CHEV,4D,,RED,Q659678,IL,701 N. Sacramento,(773) 265-7605,6973690
2019-11-24T00:00:00.000,CHEV,4T,,LBL,AW39082,IL,701 N. Sacramento,(773) 265-7605,6973654
2019-11-24T00:00:00.000,CHEV,LL,,BLK,AX92699,IL,10300 S. Doty,(773) 568-8495,2890285
2019-11-24T00:00:00.000,CHEV,LL,,WHI,BH62763,IL,10300 S. Doty,(773) 568-8495,2890327
2019-11-24T00:00:00.000,CHEV,LL,,TAN,288219,IL,701 N. Sacramento,(773) 265-7605,6973652
2019-11-24T00:00:00.000,CHEV,LL,,SIL,,IL,10300 S. Doty,(773) 568-8495,2890300
2019-11-24T00:00:00.000,CHEV,PK,,WHI,AJ80752,AZ,10300 S. Doty,(773) 568-8495,2890318
2019-11-24T00:00:00.000,CHRY,4D,,BLK,BE22133,IL,701 N. Sacramento,(773) 265-7605,6973687
2019-11-24T00:00:00.000,CHRY,LL,,RED,AT74593,IL,10300 S. Doty,(773) 568-8495,2890282
2019-11-24T00:00:00.000,CHRY,VN,,GLD,BL95889,IL,701 N. Sacramento,(773) 265-7605,6973680
2019-11-24T00:00:00.000,DODG,4T,,RED,AN93963,IL,10300 S. Doty,(773) 568-8495,2890286
2019-11-24T00:00:00.000,DODG,LL,,RED,LGLJ01,FL,701 N. Sacramento,(773) 265-7605,6973669
2019-11-24T00:00:00.000,DODG,LL,,GRN,K698701,IL,10300 S. Doty,(773) 568-8495,2890317
2019-11-24T00:00:00.000,DODG,VN,,GLD,AS72307,IL,10300 S. Doty,(773) 568-8495,2890280
2019-11-24T00:00:00.000,FORD,4D,,BLK,,IL,10300 S. Doty,(773) 568-8495,2890320
2019-11-24T00:00:00.000,FORD,4D,,GRY,,IL,10300 S. Doty,(773) 568-8495,2890277
2019-11-24T00:00:00.000,FORD,4T,,WHI,AB72615,IL,10300 S. Doty,(773) 568-8495,2890283
2019-11-24T00:00:00.000,FORD,LL,,WHI,,IL,10300 S. Doty,(773) 568-8495,2890329
2019-11-24T00:00:00.000,FORD,LL,,SIL,AV36039,IL,10300 S. Doty,(773) 568-8495,2890302
2019-11-24T00:00:00.000,FORD,VN,,WHI,72547KB,IL,10300 S. Doty,(773) 568-8495,2890290
2019-11-24T00:00:00.000,FORD,VN,,LBL,AH43685,IL,701 N. Sacramento,(773) 265-7605,6973678
2019-11-24T00:00:00.000,FORD,VN,,GRN,BE94683,IL,10300 S. Doty,(773) 568-8495,2890276
2019-11-24T00:00:00.000,FORD,VN,,DBL,2030351B,IL,701 N. Sacramento,(773) 265-7605,6973662
2019-11-24T00:00:00.000,GMC,LL,,DBL,ZZ45711,IL,701 N. Sacramento,(773) 265-7605,6973649
2019-11-24T00:00:00.000,GMC,PK,,SIL,70809K,IL,701 N. Sacramento,(773) 265-7605,6973677
2019-11-24T00:00:00.000,HOND,2D,,SIL,431277,IL,701 N. Sacramento,(773) 265-7605,6973660
2019-11-24T00:00:00.000,HOND,4D,,SIL,591CMA,IN,701 N. Sacramento,(773) 265-7605,6973661
2019-11-24T00:00:00.000,HOND,4T,,WHI,Z650637,IL,10300 S. Doty,(773) 568-8495,2890257
2019-11-24T00:00:00.000,HOND,SW,TK,GRN,AX30888,IL,10300 S. Doty,(773) 568-8495,2890289
2019-11-24T00:00:00.000,HYUN,4D,,WHI,ZX32344,IL,10300 S. Doty,(773) 568-8495,2890288
2019-11-24T00:00:00.000,HYUN,4D,,WHI,AS85963,IL,10300 S. Doty,(773) 568-8495,2890325
2019-11-24T00:00:00.000,HYUN,4D,,RED,BN80478,IL,10300 S. Doty,(773) 568-8495,2890266
2019-11-24T00:00:00.000,HYUN,4D,,GRY,BF28554,IL,701 N. Sacramento,(773) 265-7605,6973697
2019-11-24T00:00:00.000,HYUN,4D,,BLU,,IL,10300 S. Doty,(773) 568-8495,2890330
2019-11-24T00:00:00.000,HYUN,LL,,GRY,P930410,IL,701 N. Sacramento,(773) 265-7605,6973653
2019-11-24T00:00:00.000,INFI,4D,,WHI,BQ68494,IL,701 N. Sacramento,(773) 265-7605,6973667
2019-11-24T00:00:00.000,INFI,4T,,BLU,AW68118,IL,10300 S. Doty,(773) 568-8495,2890293
2019-11-24T00:00:00.000,INFI,4T,,GRY,V431475,IL,10300 S. Doty,(773) 568-8495,2890284
2019-11-24T00:00:00.000,JEEP,LL,,BLK,ZY31432,IL,10300 S. Doty,(773) 568-8495,2890295
2019-11-24T00:00:00.000,KIA,4D,,SIL,212170,IL,10300 S. Doty,(773) 568-8495,2890301
2019-11-24T00:00:00.000,KIA,4D,,RED,BE25081,IL,10300 S. Doty,(773) 568-8495,2890260
2019-11-24T00:00:00.000,KIA,LL,,WHI,Y724779,IL,10300 S. Doty,(773) 568-8495,2890281
2019-11-24T00:00:00.000,LINC,4T,,TAN,,IL,701 N. Sacramento,(773) 265-7605,6973655
2019-11-24T00:00:00.000,MAZD,4D,,BLK,BQ69315,IL,701 N. Sacramento,(773) 265-7605,6973673
2019-11-24T00:00:00.000,MERC,LL,,BLK,AV34270,IL,10300 S. Doty,(773) 568-8495,2890275
2019-11-24T00:00:00.000,MERZ,4D,,SIL,,IL,701 N. Sacramento,(773) 265-7605,6973671
2019-11-24T00:00:00.000,MITS,LL,,BLK,BR86777,IL,10300 S. Doty,(773) 568-8495,2890261
2019-11-24T00:00:00.000,NISS,4D,,MAR,BP47808,IL,701 N. Sacramento,(773) 265-7605,6973650
2019-11-24T00:00:00.000,NISS,4D,,RED,BT60853,IL,10300 S. Doty,(773) 568-8495,2890259
2019-11-24T00:00:00.000,NISS,4D,,BLK,,IL,10300 S. Doty,(773) 568-8495,2890324
2019-11-24T00:00:00.000,NISS,4D,,WHI,BH92356,IL,10300 S. Doty,(773) 568-8495,2890307
2019-11-24T00:00:00.000,NISS,4T,,GLD,BA46695,IL,10300 S. Doty,(773) 568-8495,2890263
2019-11-24T00:00:00.000,NISS,LL,,BLK,BM78368,IL,10300 S. Doty,(773) 568-8495,2890314
2019-11-24T00:00:00.000,NISS,LL,,BLK,BG86324,IL,10300 S. Doty,(773) 568-8495,2890268
2019-11-24T00:00:00.000,PONT,2D,,SIL,BQ75891,IL,10300 S. Doty,(773) 568-8495,2890321
2019-11-24T00:00:00.000,PONT,2D,,GRY,AV87387,IL,10300 S. Doty,(773) 568-8495,2890270
2019-11-24T00:00:00.000,PONT,4D,,BLK,,IL,10300 S. Doty,(773) 568-8495,2890309
2019-11-24T00:00:00.000,PONT,4D,,DBL,,IL,701 N. Sacramento,(773) 265-7605,6973698
2019-11-24T00:00:00.000,PONT,4D,,BLU,AX17226,IL,10300 S. Doty,(773) 568-8495,2890250
2019-11-24T00:00:00.000,PONT,LL,,GRY,AS87167,IL,10300 S. Doty,(773) 568-8495,2890267
2019-11-24T00:00:00.000,SUBA,LL,,BLK,,IL,701 N. Sacramento,(773) 265-7605,6973676
2019-11-24T00:00:00.000,TOYT,4D,,SIL,BL95884,IL,10300 S. Doty,(773) 568-8495,2890296
2019-11-24T00:00:00.000,TOYT,4D,,GRY,KVE5857,PA,10300 S. Doty,(773) 568-8495,2890319
2019-11-24T00:00:00.000,TOYT,4D,,BLU,K591283,IL,400 E. Lower Wacker,(312) 744-7550,0216314
2019-11-24T00:00:00.000,TOYT,4D,,GRY,AB21620,IL,701 N. Sacramento,(773) 265-7605,6973645
2019-11-24T00:00:00.000,TOYT,4D,,GRY,BA32777,IL,701 N. Sacramento,(773) 265-7605,6973672
2019-11-24T00:00:00.000,TOYT,4D,,BLU,,IL,10300 S. Doty,(773) 568-8495,2890316
2019-11-24T00:00:00.000,TOYT,4T,,GRY,AF43933,IL,10300 S. Doty,(773) 568-8495,2890253
2019-11-24T00:00:00.000,TOYT,4T,,WHI,S837321,IL,10300 S. Doty,(773) 568-8495,2890292
2019-11-24T00:00:00.000,VOLK,4T,,BLK,Z969647,IL,701 N. Sacramento,(773) 265-7605,6973658
2019-11-23T00:00:00.000,ACUR,4D,,GLD,BF58130,IL,701 N. Sacramento,(773) 265-7605,6973599
2019-11-23T00:00:00.000,ACUR,4D,,WHI,X935329,IL,701 N. Sacramento,(773) 265-7605,6973590
2019-11-23T00:00:00.000,BMW,4D,,SIL,BE37354,IL,10300 S. Doty,(773) 568-8495,2890246
2019-11-23T00:00:00.000,BMW,4D,,BLK,BH9699,IL,10300 S. Doty,(773) 568-8495,2890214
2019-11-23T00:00:00.000,BMW,4D,,BLK,,IL,10300 S. Doty,(773) 568-8495,2890219
2019-11-23T00:00:00.000,BMW,LL,,BLK,D676132,TN,701 N. Sacramento,(773) 265-7605,6973607
2019-11-23T00:00:00.000,BUIC,4D,,RED,BE194119,IL,10300 S. Doty,(773) 568-8495,2890210
2019-11-23T00:00:00.000,CADI,4D,,GRY,BR68106,IL,10300 S. Doty,(773) 568-8495,2890180
2019-11-23T00:00:00.000,CADI,LL,,GLD,E702349,IL,10300 S. Doty,(773) 568-8495,2890185
2019-11-23T00:00:00.000,CHEV,4D,,TAN,BR68370,IL,701 N. Sacramento,(773) 265-7605,6973605
2019-11-23T00:00:00.000,CHEV,4D,,BRO,ARK632,IN,10300 S. Doty,(773) 568-8495,2890204
2019-11-23T00:00:00.000,CHEV,4D,,RED,E379471,IL,10300 S. Doty,(773) 568-8495,2890207
2019-11-23T00:00:00.000,CHEV,4D,,WHI,AL15194,IL,10300 S. Doty,(773) 568-8495,2890235
2019-11-23T00:00:00.000,CHEV,4D,,RED,BL53264,IL,701 N. Sacramento,(773) 265-7605,6973615
2019-11-23T00:00:00.000,CHEV,4D,,BLK,ILN813,IA,701 N. Sacramento,(773) 265-7605,6973632
2019-11-23T00:00:00.000,CHEV,LL,,GRY,D306YA,IN,10300 S. Doty,(773) 568-8495,2890239
2019-11-23T00:00:00.000,CHEV,LL,,WHI,BL85455,IL,701 N. Sacramento,(773) 265-7605,6973595
2019-11-23T00:00:00.000,CHEV,LL,,BLU,BW42638,IL,10300 S. Doty,(773) 568-8495,2890206
2019-11-23T00:00:00.000,CHEV,LL,,RED,BE22458,IL,10300 S. Doty,(773) 568-8495,2890208
2019-11-23T00:00:00.000,CHEV,LL,,WHI,AE25956,IL,10300 S. Doty,(773) 568-8495,2890181
2019-11-23T00:00:00.000,CHEV,PK,,WHI,2430931B,IL,701 N. Sacramento,(773) 265-7605,6973609
2019-11-23T00:00:00.000,CHRY,VN,,BLU,BB27416,IL,10300 S. Doty,(773) 568-8495,2890190
2019-11-23T00:00:00.000,DODG,4D,,GRY,776U912,IL,10300 S. Doty,(773) 568-8495,2890202
2019-11-23T00:00:00.000,DODG,4T,,SIL,BE77392,IL,10300 S. Doty,(773) 568-8495,2890198
2019-11-23T00:00:00.000,DODG,LL,,BLU,827HLR,KY,10300 S. Doty,(773) 568-8495,2890212
2019-11-23T00:00:00.000,DODG,VN,,BLU,BR76915,IL,10300 S. Doty,(773) 568-8495,2890196
2019-11-23T00:00:00.000,FORD,2D,,GRN,2621587B,IL,10300 S. Doty,(773) 568-8495,2890244
2019-11-23T00:00:00.000,FORD,4D,,RED,ZU41155,IL,10300 S. Doty,(773) 568-8495,2890201
2019-11-23T00:00:00.000,FORD,LL,,ONG,LE7700,IN,10300 S. Doty,(773) 568-8495,2890223
2019-11-23T00:00:00.000,FORD,LL,,WHI,ZU48505,IL,10300 S. Doty,(773) 568-8495,2890200
2019-11-23T00:00:00.000,FORD,LL,,GRY,AG50525,IL,10300 S. Doty,(773) 568-8495,2890179
2019-11-23T00:00:00.000,FORD,PK,,RED,2468587B,IL,400 E. Lower Wacker,(312) 744-7550,0216211
2019-11-23T00:00:00.000,GMC,LL,,BLK,2671905B,IL,10300 S. Doty,(773) 568-8495,2890234
2019-11-23T00:00:00.000,GMC,PK,,BLK,,IL,10300 S. Doty,(773) 568-8495,2890237
2019-11-23T00:00:00.000,HOND,4D,,MAR,BA31236,IL,701 N. Sacramento,(773) 265-7605,6973637
2019-11-23T00:00:00.000,HOND,LL,,BLK,BA45639,IL,10300 S. Doty,(773) 568-8495,2890203
2019-11-23T00:00:00.000,HOND,LL,,GRY,,IL,10300 S. Doty,(773) 568-8495,2890175
2019-11-23T00:00:00.000,HOND,VN,,GRY,AP955521,IL,10300 S. Doty,(773) 568-8495,2890183
2019-11-23T00:00:00.000,HYUN,4D,,GRY,AW23023,IL,701 N. Sacramento,(773) 265-7605,6973608
2019-11-23T00:00:00.000,HYUN,4D,,SIL,629792,IL,10300 S. Doty,(773) 568-8495,2890193
2019-11-23T00:00:00.000,HYUN,4T,,SIL,796197,IL,10300 S. Doty,(773) 568-8495,2890194
2019-11-23T00:00:00.000,INFI,4D,,BLK,CID777,OK,10300 S. Doty,(773) 568-8495,2890222
2019-11-23T00:00:00.000,INFI,4D,,GRY,BF52445,IL,701 N. Sacramento,(773) 265-7605,6973603
2019-11-23T00:00:00.000,JEEP,4D,,BLK,,,10300 S. Doty,(773) 568-8495,2890192
2019-11-23T00:00:00.000,JEEP,LL,,BLU,BP34326,IL,10300 S. Doty,(773) 568-8495,2890238
2019-11-23T00:00:00.000,JEEP,LL,TK,BLK,852U855,IL,10300 S. Doty,(773) 568-8495,2890243
2019-11-23T00:00:00.000,KIA,4D,,BRZ,BL42564,IL,10300 S. Doty,(773) 568-8495,2890241
2019-11-23T00:00:00.000,LEXS,4D,,BLU,BE91119,IL,10300 S. Doty,(773) 568-8495,2890229
2019-11-23T00:00:00.000,LEXS,4T,,BLK,AQ59938,IL,10300 S. Doty,(773) 568-8495,2890182
2019-11-23T00:00:00.000,MERC,4D,,GLD,,IL,10300 S. Doty,(773) 568-8495,2890218
2019-11-23T00:00:00.000,MERC,4D,,TAN,BL22578,IL,701 N. Sacramento,(773) 265-7605,6973640
2019-11-23T00:00:00.000,MERC,LL,,WHI,AP37530,IL,10300 S. Doty,(773) 568-8495,2890217
2019-11-23T00:00:00.000,MERZ,4D,,BLK,Z926331,IL,10300 S. Doty,(773) 568-8495,2890195
2019-11-23T00:00:00.000,MERZ,LL,,BLK,RAU6122,GA,10300 S. Doty,(773) 568-8495,2890225
2019-11-23T00:00:00.000,NISS,4D,,GRY,BL87668,IL,701 N. Sacramento,(773) 265-7605,6973622
2019-11-23T00:00:00.000,NISS,4D,,DBL,Q813438,IL,10300 S. Doty,(773) 568-8495,2890220
2019-11-23T00:00:00.000,NISS,4D,,RED,62219B,IL,10300 S. Doty,(773) 568-8495,2890228
2019-11-23T00:00:00.000,NISS,4D,,BLK,Z894211,IL,701 N. Sacramento,(773) 265-7605,6973621
2019-11-23T00:00:00.000,NISS,4D,,SIL,ZV21730,IL,701 N. Sacramento,(773) 265-7605,6973600
2019-11-23T00:00:00.000,NISS,4D,,SIL,,IL,701 N. Sacramento,(773) 265-7605,6973638
2019-11-23T00:00:00.000,NISS,4T,,WHI,BH58711,IL,10300 S. Doty,(773) 568-8495,2890184
2019-11-23T00:00:00.000,NISS,4T,,GRY,Q589551,IL,701 N. Sacramento,(773) 265-7605,6973593
2019-11-23T00:00:00.000,NISS,LL,,SIL,BG40917,IL,701 N. Sacramento,(773) 265-7605,6973614
2019-11-23T00:00:00.000,PONT,2D,,BLK,H243673,IL,701 N. Sacramento,(773) 265-7605,6973619
2019-11-23T00:00:00.000,PONT,4D,,TRQ,BC35577,IL,10300 S. Doty,(773) 568-8495,2890247
2019-11-23T00:00:00.000,PONT,4D,,WHI,8039116,IL,701 N. Sacramento,(773) 265-7605,6973620
2019-11-23T00:00:00.000,PONT,VN,,BLU,Q456865,IL,10300 S. Doty,(773) 568-8495,2890188
2019-11-23T00:00:00.000,TOYT,2D,,RED,YPD947,IL,701 N. Sacramento,(773) 265-7605,6973639
2019-11-23T00:00:00.000,TOYT,4D,,GRY,BL94179,IL,10300 S. Doty,(773) 568-8495,2890242
2019-11-23T00:00:00.000,TOYT,4T,,BLU,BD71731,IL,701 N. Sacramento,(773) 265-7605,6973588
2019-11-23T00:00:00.000,TOYT,LL,,GRN,1400321,IL,701 N. Sacramento,(773) 265-7605,6973628
2019-11-23T00:00:00.000,VOLK,4D,,BLK,937U318,IL,10300 S. Doty,(773) 568-8495,2890245
2019-11-22T00:00:00.000,ACUR,4D,,SIL,Q771089,IL,701 N. Sacramento,(773) 265-1846,1539582
2019-11-22T00:00:00.000,AUDI,LL,,BLK,AP34608,IL,10300 S. Doty,(773) 568-8495,2890135
2019-11-22T00:00:00.000,BMW,2D,,WHI,BM91116,IL,701 N. Sacramento,(773) 265-7605,6973564
2019-11-22T00:00:00.000,BUIC,4D,,TAN,BF26984,IL,10300 S. Doty,(773) 568-8495,2890129
2019-11-22T00:00:00.000,BUIC,4D,,TAN,BL94936,IL,10300 S. Doty,(773) 568-8495,2890163
2019-11-22T00:00:00.000,BUIC,LL,,WHI,BE77389,IL,10300 S. Doty,(773) 568-8495,2890166
2019-11-22T00:00:00.000,BUIC,VN,,RED,AM78315,IL,10300 S. Doty,(773) 568-8495,2890139
2019-11-22T00:00:00.000,CADI,4D,,BLK,,IL,10300 S. Doty,(773) 568-8495,2890142
2019-11-22T00:00:00.000,CHEV,2D,,RED,K578224,IN,10300 S. Doty,(773) 568-8495,2890160
2019-11-22T00:00:00.000,CHEV,4D,,BLU,BG88716,IL,10300 S. Doty,(773) 785-9752,1719768
2019-11-22T00:00:00.000,CHEV,4D,,GRY,BN27970,IL,10300 S. Doty,(773) 568-8495,2890158
2019-11-22T00:00:00.000,CHEV,4D,,TAN,,IL,10300 S. Doty,(773) 785-9752,1719767
2019-11-22T00:00:00.000,CHEV,4T,,BLK,765294,IL,10300 S. Doty,(773) 568-8495,2890104
2019-11-22T00:00:00.000,CHEV,4T,,SIL,AF56025,IL,10300 S. Doty,(773) 568-8495,2890107
2019-11-22T00:00:00.000,CHEV,4T,,RED,AS74352,IL,701 N. Sacramento,(773) 265-7605,2890098
2019-11-22T00:00:00.000,CHEV,4T,,WHI,AT14810,IL,10300 S. Doty,(773) 568-8495,2890106
2019-11-22T00:00:00.000,CHEV,4T,,BLU,BN34812,IL,10300 S. Doty,(773) 568-8495,2890103
2019-11-22T00:00:00.000,CHEV,LL,,RED,BL93689,IL,10300 S. Doty,(773) 568-8495,2890153
2019-11-22T00:00:00.000,CHEV,PK,,RED,2705012,IL,10300 S. Doty,(773) 568-8495,2890145
2019-11-22T00:00:00.000,CHEV,PK,,ONG,234588B,IL,701 N. Sacramento,(773) 265-7605,6973549
2019-11-22T00:00:00.000,CHRY,2D,,BLK,BA69969,IL,10300 S. Doty,(773) 568-8495,2890155
2019-11-22T00:00:00.000,CHRY,LL,,BLK,Q776526,IL,10300 S. Doty,(773) 568-8495,2890140
2019-11-22T00:00:00.000,CHRY,LL,,BLK,BG69964,IL,10300 S. Doty,(773) 568-8495,2890116
2019-11-22T00:00:00.000,CHRY,LL,,SIL,BH39251,IL,701 N. Sacramento,(773) 265-1846,1539581
2019-11-22T00:00:00.000,CHRY,VN,,SIL,BK83734,IL,10300 S. Doty,(773) 568-8495,2890150
2019-11-22T00:00:00.000,CHRY,VN,,SIL,,IL,10300 S. Doty,(773) 568-8495,2890119
2019-11-22T00:00:00.000,DODG,4D,,GRY,BM62064,IL,10300 S. Doty,(773) 568-8495,2890115
2019-11-22T00:00:00.000,DODG,4H,,ONG,H236507,IL,701 N. Sacramento,(773) 265-7605,6973556
2019-11-22T00:00:00.000,DODG,LL,,BLK,852U857,IL,10300 S. Doty,(773) 568-8495,2890121
2019-11-22T00:00:00.000,DODG,LL,,TAN,AG32915,IL,10300 S. Doty,(773) 568-8495,2890086
2019-11-22T00:00:00.000,DODG,PK,,BLK,2614757,IL,10300 S. Doty,(773) 568-8495,2890112
2019-11-22T00:00:00.000,DODG,VN,,WHI,709N355,IL,701 N. Sacramento,(773) 265-1846,1539583
2019-11-22T00:00:00.000,DODG,VN,TK,MAR,BG74490,IL,10300 S. Doty,(773) 568-8495,2890096
2019-11-22T00:00:00.000,FORD,4D,,BLK,BC60137,IL,10300 S. Doty,(773) 568-8495,2890124
2019-11-22T00:00:00.000,FORD,4D,,WHI,AM92568,IL,10300 S. Doty,(773) 568-8495,2890091
2019-11-22T00:00:00.000,FORD,4D,,BLK,Z721287,IL,10300 S. Doty,(773) 568-8495,2890123
2019-11-22T00:00:00.000,FORD,LL,,SIL,BA45667,IL,701 N. Sacramento,(773) 265-7605,6973585
2019-11-22T00:00:00.000,FORD,LL,,BLK,4179267,IL,701 N. Sacramento,(773) 265-7605,6973569
2019-11-22T00:00:00.000,GMC,LL,TK,GRY,BA40929,IL,701 N. Sacramento,(773) 265-7605,6973573
2019-11-22T00:00:00.000,GMC,LL,,BLK,ZV73506,IL,10300 S. Doty,(773) 568-8495,2890138
2019-11-22T00:00:00.000,GMC,LL,,WHI,E67224,IL,10300 S. Doty,(773) 568-8495,2890131
2019-11-22T00:00:00.000,GMC,LL,,MAR,509THO,IN,10300 S. Doty,(773) 785-9752,1719766
2019-11-22T00:00:00.000,HOND,4D,,GRY,BE81898,IL,10300 S. Doty,(773) 568-8495,2890159
2019-11-22T00:00:00.000,HOND,4D,,BLK,,IL,701 N. Sacramento,(773) 265-7605,6973546
2019-11-22T00:00:00.000,HOND,4D,,WHI,BL73958,IL,10300 S. Doty,(773) 568-8495,2890100
2019-11-22T00:00:00.000,HOND,4D,,WHI,DTL1973,MI,10300 S. Doty,(773) 568-8495,2890172
2019-11-22T00:00:00.000,HOND,VN,,BLU,929727,IL,10300 S. Doty,(773) 785-9752,1719769
2019-11-22T00:00:00.000,HYUN,4D,,WHI,,IL,10300 S. Doty,(773) 568-8495,2890114
2019-11-22T00:00:00.000,HYUN,4D,,BLU,Q460645,IL,10300 S. Doty,(773) 568-8495,2890120
2019-11-22T00:00:00.000,HYUN,4D,,BLK,BLW9387,TX,701 N. Sacramento,(773) 265-7605,6973565
2019-11-22T00:00:00.000,HYUN,4D,,SIL,BN72592,IL,10300 S. Doty,(773) 568-8495,2890143
2019-11-22T00:00:00.000,HYUN,4D,,BLK,763984,IL,10300 S. Doty,(773) 568-8495,2890152
2019-11-22T00:00:00.000,INFI,4D,,BLK,BK16805,IL,10300 S. Doty,(773) 568-8495,2890127
2019-11-22T00:00:00.000,JEEP,LL,,SIL,X835097,IL,701 N. Sacramento,(773) 265-1846,1539585
2019-11-22T00:00:00.000,JEEP,LL,,BLU,AG59552,IL,701 N. Sacramento,(773) 265-7605,6973562
2019-11-22T00:00:00.000,JEEP,LL,TK,BLU,AX27403,IL,10300 S. Doty,(773) 568-8495,2890151
2019-11-22T00:00:00.000,JEEP,LL,,RED,Q532903,IL,701 N. Sacramento,(773) 265-7605,6973570
2019-11-22T00:00:00.000,KIA,4D,,MAR,DLW6488,MI,10300 S. Doty,(773) 568-8495,2890156
2019-11-22T00:00:00.000,LEXS,LL,,TAN,829401,IL,10300 S. Doty,(773) 568-8495,2890146
2019-11-22T00:00:00.000,LNDR,LL,,WHI,AN95780,IL,701 N. Sacramento,(773) 265-7605,6973579
2019-11-22T00:00:00.000,MERC,2T,,WHI,AR76860,IL,10300 S. Doty,(773) 568-8495,2890089
2019-11-22T00:00:00.000,MERC,4D,,SIL,,IL,701 N. Sacramento,(773) 265-7605,6973545
2019-11-22T00:00:00.000,MERC,4T,,GRY,BF38639,IL,701 N. Sacramento,(773) 265-7605,6973557
2019-11-22T00:00:00.000,MERZ,4D,,SIL,L707861,IL,10300 S. Doty,(773) 568-8495,2890111
2019-11-22T00:00:00.000,MERZ,LL,TK,GRY,,,701 N. Sacramento,(773) 265-7605,6973581
2019-11-22T00:00:00.000,MERZ,LL,,WHI,AP38514,IL,10300 S. Doty,(773) 568-8495,2890136
2019-11-22T00:00:00.000,NISS,4D,,WHI,BF22408,IL,10300 S. Doty,(773) 568-8495,2890162
2019-11-22T00:00:00.000,NISS,LL,,SIL,BB25008,IL,701 N. Sacramento,(773) 265-7605,6973551
2019-11-22T00:00:00.000,PONT,4D,,RED,,,10300 S. Doty,(773) 568-8495,2890161
2019-11-22T00:00:00.000,TOYT,4D,,SIL,BR88021,IL,400 E. Lower Wacker,(312) 744-7550,0216154
2019-11-22T00:00:00.000,TOYT,4D,,MAR,BB15105,IL,10300 S. Doty,(773) 568-8495,2890113
2019-11-22T00:00:00.000,TOYT,4D,,GRN,AH94635,IL,10300 S. Doty,(773) 568-8495,2890117
2019-11-22T00:00:00.000,TOYT,4D,,MAR,AQ12443,IL,400 E. Lower Wacker,(312) 744-7550,0216171
2019-11-22T00:00:00.000,TOYT,PK,,SIL,N674893,IL,10300 S. Doty,(773) 568-8495,2890095
2019-11-22T00:00:00.000,TOYT,VN,,BLU,BK13464,IL,701 N. Sacramento,(773) 265-7605,6973548
2019-11-22T00:00:00.000,VOLK,4D,,SIL,BA69421,IL,10300 S. Doty,(773) 568-8495,2890132
2019-11-22T00:00:00.000,VOLK,4D,,WHI,BH49796,IL,400 E. Lower Wacker,(312) 744-7550,0216163
2019-11-22T00:00:00.000,VOLK,LL,,GRY,AY46967,IL,10300 S. Doty,(773) 568-8495,2890147
2019-11-22T00:00:00.000,VOLK,LL,,GRY,Z471979,IL,10300 S. Doty,(773) 568-8495,2890101
2019-11-21T00:00:00.000,ACUR,4D,,BLK,,IL,701 N. Sacramento,(773) 265-7605,6973520
2019-11-21T00:00:00.000,ACUR,4D,,RED,BP91838,IL,701 N. Sacramento,(773) 265-7605,6973503
2019-11-21T00:00:00.000,BMW,LL,,BLK,,IL,10300 S. Doty,(773) 568-8495,2890077
2019-11-21T00:00:00.000,BMW,LL,,BLK,BF26378,IL,10300 S. Doty,(773) 785-9752,1719762
2019-11-21T00:00:00.000,BUIC,4D,,WHI,BF29886,IL,10300 S. Doty,(773) 568-8495,2890046
2019-11-21T00:00:00.000,BUIC,4D,,WHI,BR77214,IL,701 N. Sacramento,(773) 265-7605,6973544
2019-11-21T00:00:00.000,BUIC,4D,,MAR,AY23716,IL,10300 S. Doty,(773) 785-9752,1719763
2019-11-21T00:00:00.000,BUIC,4D,,BLU,BK13067,IL,10300 S. Doty,(773) 568-8495,2890049
2019-11-21T00:00:00.000,CADI,4D,,SIL,N641521,IL,10300 S. Doty,(773) 568-8495,2890073
2019-11-21T00:00:00.000,CHEV,4D,,GRY,,IL,10300 S. Doty,(773) 568-8495,2890065
2019-11-21T00:00:00.000,CHEV,4D,,WHI,AL13443,IL,10300 S. Doty,(773) 568-8495,2890011
2019-11-21T00:00:00.000,CHEV,4D,,SIL,2N42GO,TN,400 E. Lower Wacker,(312) 744-7550,0216108
2019-11-21T00:00:00.000,CHEV,4D,,BLU,BF24644,IL,10300 S. Doty,(773) 785-9752,1719760
2019-11-21T00:00:00.000,CHEV,4D,,SIL,Q776331,IL,10300 S. Doty,(773) 568-8495,2890059
2019-11-21T00:00:00.000,CHEV,4D,,BLK,HIE7067,OH,10300 S. Doty,(773) 568-8495,2890048
2019-11-21T00:00:00.000,CHEV,LL,,GRY,AV78369,IL,10300 S. Doty,(773) 568-8495,2890009
2019-11-21T00:00:00.000,CHEV,LL,TK,RED,AC53765,IL,10300 S. Doty,(773) 568-8495,2890088
2019-11-21T00:00:00.000,CHEV,LL,,WHI,AS62302,IL,10300 S. Doty,(773) 568-8495,2890004
2019-11-21T00:00:00.000,CHEV,LL,,BLK,ZU30372,IL,701 N. Sacramento,(773) 265-7605,6973518
2019-11-21T00:00:00.000,CHEV,LL,,BLK,BK42720,IL,10300 S. Doty,(773) 568-8495,2890006
2019-11-21T00:00:00.000,CHEV,VN,,SIL,BF43901,IL,701 N. Sacramento,(773) 265-1846,1539574
2019-11-21T00:00:00.000,CHRY,4D,,BLU,00229569,IL,701 N. Sacramento,(773) 265-1846,1539580
2019-11-21T00:00:00.000,CHRY,LL,,BLU,BE79115,IL,10300 S. Doty,(773) 568-8495,2890060
2019-11-21T00:00:00.000,DODG,4D,,BLK,BH95278,IL,10300 S. Doty,(773) 568-8495,2890072
2019-11-21T00:00:00.000,DODG,LL,,BLU,BC34618,IL,10300 S. Doty,(773) 568-8495,2890055
2019-11-21T00:00:00.000,DODG,VN,,SIL,BF16040,IL,10300 S. Doty,(773) 568-8495,2890071
2019-11-21T00:00:00.000,FORD,2D,,BLU,Z892390,IL,10300 S. Doty,(773) 568-8495,2890031
2019-11-21T00:00:00.000,FORD,4D,,SIL,534YCG,IN,10300 S. Doty,(773) 568-8495,2890087
2019-11-21T00:00:00.000,FORD,4D,,BGE,DQB5565,MI,10300 S. Doty,(773) 568-8495,2890041
2019-11-21T00:00:00.000,FORD,LL,,SIL,830789,IL,10300 S. Doty,(773) 568-8495,2890010
2019-11-21T00:00:00.000,FORD,LL,TK,GLD,AY12786,IL,701 N. Sacramento,(773) 265-7605,6973519
2019-11-21T00:00:00.000,FORD,VN,,WHI,,IL,10300 S. Doty,(773) 568-8495,2890085
2019-11-21T00:00:00.000,GMC,LL,,BLK,BF20887,IL,10300 S. Doty,(773) 568-8495,2890034
2019-11-21T00:00:00.000,HOND,2D,,BLK,BN28372,IL,701 N. Sacramento,(773) 265-1846,1539579
2019-11-21T00:00:00.000,HOND,4D,,SIL,BA68247,IL,10300 S. Doty,(773) 568-8495,2890043
2019-11-21T00:00:00.000,HOND,LL,,RED,,,10300 S. Doty,(773) 568-8495,2890078
2019-11-21T00:00:00.000,HOND,VN,,GLD,AT88217,IL,701 N. Sacramento,(773) 265-1846,1539577
2019-11-21T00:00:00.000,HYUN,4D,,WHI,BN13840,IL,701 N. Sacramento,(773) 265-7605,6973517
2019-11-21T00:00:00.000,INTL,TT,,RED,117778TW,IL,10300 S. Doty,(773) 785-9752,1719764
2019-11-21T00:00:00.000,JEEP,LL,,RED,BM17196,IL,701 N. Sacramento,(773) 265-7605,6973504
2019-11-21T00:00:00.000,JEEP,LL,,WHI,AR87575,IL,10300 S. Doty,(773) 568-8495,2890069
2019-11-21T00:00:00.000,JEEP,LL,,SIL,AP72863,IL,10300 S. Doty,(773) 568-8495,2890015
2019-11-21T00:00:00.000,KIA,4D,,SIL,793U768,IL,400 E. Lower Wacker,(312) 744-7550,0216095
2019-11-21T00:00:00.000,KIA,4D,,BLK,NEILBU,IL,701 N. Sacramento,(773) 265-7605,6973538
2019-11-21T00:00:00.000,KIA,LL,,GRY,BK84887,IL,10300 S. Doty,(773) 568-8495,2890019
2019-11-21T00:00:00.000,MERC,4D,,RED,AZ83335,IL,701 N. Sacramento,(773) 265-7605,6973508
2019-11-21T00:00:00.000,MITS,4D,,BLK,AL54369,IL,701 N. Sacramento,(773) 265-7605,6973523
2019-11-21T00:00:00.000,MITS,LL,,GRY,AC72042,IL,10300 S. Doty,(773) 568-8495,2890064
2019-11-21T00:00:00.000,NISS,4D,,WHI,BG75151,IL,701 N. Sacramento,(773) 265-7605,6973534
2019-11-21T00:00:00.000,NISS,4D,,BLK,,,10300 S. Doty,(773) 568-8495,2890084
2019-11-21T00:00:00.000,NISS,4D,,RED,AH36353,IL,10300 S. Doty,(773) 568-8495,2890057
2019-11-21T00:00:00.000,NISS,4D,,GRY,942079,IL,10300 S. Doty,(773) 568-8495,2890066
2019-11-21T00:00:00.000,NISS,LL,,SIL,BW43756,IL,701 N. Sacramento,(773) 265-7605,6973536
2019-11-21T00:00:00.000,NISS,LL,,BLU,BG46502,IL,10300 S. Doty,(773) 568-8495,2890040
2019-11-21T00:00:00.000,NISS,,,SIL,V611023,IL,10300 S. Doty,(773) 568-8495,2890005
2019-11-21T00:00:00.000,OLDS,4D,,WHI,AV78037,IL,10300 S. Doty,(773) 568-8495,2890063
2019-11-21T00:00:00.000,OLDS,LL,,WHI,BN33023,IL,10300 S. Doty,(773) 568-8495,2890056
2019-11-21T00:00:00.000,PONT,4D,,BLK,,IL,10300 S. Doty,(773) 785-9752,1719761
2019-11-21T00:00:00.000,PONT,4D,,GRY,AD76654,IL,10300 S. Doty,(773) 568-8495,2890037
2019-11-21T00:00:00.000,PONT,4D,,WHI,AR17762,IL,10300 S. Doty,(773) 568-8495,2890003
2019-11-21T00:00:00.000,SATR,4D,,GRY,BM14164,IL,701 N. Sacramento,(773) 265-7605,6973542
2019-11-21T00:00:00.000,SUZU,4D,,BLU,BK51430,IL,10300 S. Doty,(773) 568-8495,2890007
2019-11-21T00:00:00.000,TOYT,4D,,MAR,BE23826,IL,701 N. Sacramento,(773) 265-7605,6973506
2019-11-21T00:00:00.000,TOYT,4D,,GRY,BC61194,IL,10300 S. Doty,(773) 568-8495,2890053
2019-11-21T00:00:00.000,TOYT,4D,,GRN,AH86521,IL,10300 S. Doty,(773) 568-8495,2890061
2019-11-21T00:00:00.000,TOYT,4D,,GRY,AX59455,IL,10300 S. Doty,(773) 568-8495,2890054
2019-11-21T00:00:00.000,VOLK,2D,,BGE,BB16631,IL,10300 S. Doty,(773) 568-8495,2890039
2019-11-21T00:00:00.000,VOLK,4D,,BLU,BK85927,IL,10300 S. Doty,(773) 568-8495,2890042
2019-11-21T00:00:00.000,VOLV,4D,,BLK,BB19079,IL,10300 S. Doty,(773) 568-8495,2890030
2019-11-20T00:00:00.000,AUDI,4D,,BLK,,,10300 S. Doty,(773) 568-8495,2889994
2019-11-20T00:00:00.000,BUIC,4D,,LBL,AH23748,IL,10300 S. Doty,(773) 568-8495,2889955
2019-11-20T00:00:00.000,BUIC,4T,,WHI,VE856A,MO,701 N. Sacramento,(773) 265-7605,6973456
2019-11-20T00:00:00.000,BUIC,LL,,WHI,BF39952,IL,10300 S. Doty,(773) 568-8495,2889962
2019-11-20T00:00:00.000,CADI,4D,,TAN,BH92989,IL,701 N. Sacramento,(773) 265-7605,6973473
2019-11-20T00:00:00.000,CHEV,4D,,BLU,AD54937,IL,701 N. Sacramento,(773) 265-7605,6973476
2019-11-20T00:00:00.000,CHEV,4D,,BLU,BE26415,IL,10300 S. Doty,(773) 568-8495,2889965
2019-11-20T00:00:00.000,CHEV,4D,,TAN,R110741,IL,701 N. Sacramento,(773) 265-1846,1539572
2019-11-20T00:00:00.000,CHEV,4D,,BLK,Q560306,IL,10300 S. Doty,(773) 568-8495,2890001
2019-11-20T00:00:00.000,CHEV,4D,,GRY,,IL,10300 S. Doty,(773) 568-8495,2889924
2019-11-20T00:00:00.000,CHEV,4D,,RED,AW82413,IL,10300 S. Doty,(773) 568-8495,2889978
2019-11-20T00:00:00.000,CHEV,LL,,WHI,L279967,IL,10300 S. Doty,(773) 568-8495,2889977
2019-11-20T00:00:00.000,CHEV,LL,,BLK,424851,IL,10300 S. Doty,(773) 568-8495,2889919
2019-11-20T00:00:00.000,CHEV,LL,,BLU,916U810,IL,701 N. Sacramento,(773) 265-7605,6973494
2019-11-20T00:00:00.000,CHEV,PK,,BLK,94797FF,IL,701 N. Sacramento,(773) 265-7605,6973465
2019-11-20T00:00:00.000,CHRY,LL,,SIL,BA72626,IL,10300 S. Doty,(773) 568-8495,2889964
2019-11-20T00:00:00.000,CHRY,LL,,SIL,Z163850,IL,10300 S. Doty,(773) 568-8495,2889929
2019-11-20T00:00:00.000,DODG,PK,,GRY,149933F,IL,10300 S. Doty,(773) 568-8495,2889995
2019-11-20T00:00:00.000,DODG,VN,,WHI,PEK4088,NC,701 N. Sacramento,(773) 265-1846,1539567
2019-11-20T00:00:00.000,FORD,4D,,BLU,518U169,IL,10300 S. Doty,(773) 568-8495,2889989
2019-11-20T00:00:00.000,FORD,4D,,WHI,BA38749,IL,10300 S. Doty,(773) 568-8495,2889945
2019-11-20T00:00:00.000,FORD,4D,,BGE,AES4010,WI,10300 S. Doty,(773) 568-8495,2889990
2019-11-20T00:00:00.000,FORD,4D,,ONG,BH58780,IL,10300 S. Doty,(773) 568-8495,2889980
2019-11-20T00:00:00.000,FORD,LL,,RED,ZV53077,IL,701 N. Sacramento,(773) 265-1846,1539571
2019-11-20T00:00:00.000,FORD,LL,,GRY,Z347882,IL,10300 S. Doty,(773) 568-8495,2889993
2019-11-20T00:00:00.000,FORD,LL,,BLU,BF16527,IL,10300 S. Doty,(773) 568-8495,2889958
2019-11-20T00:00:00.000,FORD,LL,,BLU,BU75731,IL,10300 S. Doty,(773) 568-8495,2889936
2019-11-20T00:00:00.000,FORD,LL,,WHI,AZ94711,IL,10300 S. Doty,(773) 568-8495,2889972
2019-11-20T00:00:00.000,FORD,LL,,GRY,LXV1133,TX,10300 S. Doty,(773) 568-8495,2889969
2019-11-20T00:00:00.000,FORD,PK,,WHI,BH87032,IL,10300 S. Doty,(773) 568-8495,2889941
2019-11-20T00:00:00.000,FORD,VN,,WHI,84291L,IL,10300 S. Doty,(773) 568-8495,2889987
2019-11-20T00:00:00.000,FORD,VN,,GRY,,IL,701 N. Sacramento,(773) 265-7605,6973460
2019-11-20T00:00:00.000,GMC,LL,,GRN,R203423,IL,10300 S. Doty,(773) 568-8495,2889912
2019-11-20T00:00:00.000,GMC,LL,,TAN,Z795682,IL,10300 S. Doty,(773) 568-8495,2889984
2019-11-20T00:00:00.000,GMC,LL,,BLK,BN71720,IL,10300 S. Doty,(773) 568-8495,2889998
2019-11-20T00:00:00.000,GMC,VN,,GRN,,IL,10300 S. Doty,(773) 568-8495,2889999
2019-11-20T00:00:00.000,HOND,2D,,BLK,H933237,IL,701 N. Sacramento,(773) 265-7605,6973490
2019-11-20T00:00:00.000,HOND,4D,,BLK,AT75037,IL,701 N. Sacramento,(773) 265-7605,6973495
2019-11-20T00:00:00.000,HOND,4D,,SIL,,,10300 S. Doty,(773) 568-8495,2889926
2019-11-20T00:00:00.000,HOND,LL,,RED,AP59852,IL,701 N. Sacramento,(773) 265-7605,6973463
2019-11-20T00:00:00.000,HOND,VN,,GRY,AP72031,IL,10300 S. Doty,(773) 568-8495,2889940
2019-11-20T00:00:00.000,HYUN,2T,,SIL,AT59059,IL,10300 S. Doty,(773) 568-8495,2889934
2019-11-20T00:00:00.000,HYUN,4D,,BLU,Z201855,IL,10300 S. Doty,(773) 568-8495,2889983
2019-11-20T00:00:00.000,HYUN,4D,,BLK,,,10300 S. Doty,(773) 568-8495,2889930
2019-11-20T00:00:00.000,HYUN,4D,,SIL,ZU42377,IL,10300 S. Doty,(773) 568-8495,2889973
2019-11-20T00:00:00.000,INFI,4D,,SIL,AW35278,IL,10300 S. Doty,(773) 568-8495,2889913
2019-11-20T00:00:00.000,INFI,4D,,BLK,,IL,10300 S. Doty,(773) 568-8495,2889910
2019-11-20T00:00:00.000,INFI,LL,,BLK,BL24000,IL,701 N. Sacramento,(773) 265-7605,6973487
2019-11-20T00:00:00.000,JEEP,LL,,GRY,BB23340,IL,10300 S. Doty,(773) 568-8495,2889942
2019-11-20T00:00:00.000,JEEP,LL,TK,BLU,,IL,701 N. Sacramento,(773) 265-7605,6973471
2019-11-20T00:00:00.000,LINC,4D,,BLK,K413063,IL,10300 S. Doty,(773) 568-8495,2889947
2019-11-20T00:00:00.000,LINC,4D,,SIL,AP50555,IL,10300 S. Doty,(773) 568-8495,2889961
2019-11-20T00:00:00.000,LINC,LL,,RED,BA69890,IL,10300 S. Doty,(773) 568-8495,2889933
2019-11-20T00:00:00.000,MAZD,4D,,SIL,BN58302,IL,701 N. Sacramento,(773) 265-7605,6973475
2019-11-20T00:00:00.000,MERC,4D,,WHI,V134431,IL,10300 S. Doty,(773) 568-8495,2889904
2019-11-20T00:00:00.000,MERC,LL,,WHI,BN46263,IL,701 N. Sacramento,(773) 265-7605,6973466
2019-11-20T00:00:00.000,MITS,4D,,WHI,BH22215,IL,10300 S. Doty,(773) 568-8495,2889979
2019-11-20T00:00:00.000,NISS,2D,,BLU,BL22904,IL,10300 S. Doty,(773) 568-8495,2889956
2019-11-20T00:00:00.000,NISS,4D,,BGE,BA32413,IL,10300 S. Doty,(773) 568-8495,2889953
2019-11-20T00:00:00.000,NISS,4D,,SIL,ZV69513,IL,701 N. Sacramento,(773) 265-7605,6973485
2019-11-20T00:00:00.000,NISS,4T,,GRY,AB74714,IL,10300 S. Doty,(773) 568-8495,2889920
2019-11-20T00:00:00.000,NISS,LL,,GRY,BA16091,IL,10300 S. Doty,(773) 568-8495,2889952
2019-11-20T00:00:00.000,PONT,4D,,GRY,BH92838,IL,701 N. Sacramento,(773) 265-1846,1539568
2019-11-20T00:00:00.000,PONT,4D,,MAR,AP21184,IL,10300 S. Doty,(773) 568-8495,2889949
2019-11-20T00:00:00.000,SATR,2D,,RED,BU75568,IL,10300 S. Doty,(773) 568-8495,2889992
2019-11-20T00:00:00.000,SATR,2D,,SIL,040G454,MI,10300 S. Doty,(773) 568-8495,2889991
2019-11-20T00:00:00.000,SATR,LL,,BLK,,IL,701 N. Sacramento,(773) 265-1846,1539573
2019-11-20T00:00:00.000,SATU,4D,,BLK,BE19400,IL,701 N. Sacramento,(773) 265-7605,6973501
2019-11-20T00:00:00.000,SATU,LL,,BLK,AQ21650,IL,701 N. Sacramento,(773) 265-7605,6973462
2019-11-20T00:00:00.000,TOYT,4D,,GRY,BT60355,IL,701 N. Sacramento,(773) 265-7605,6973496
2019-11-20T00:00:00.000,TOYT,4D,,SIL,,IL,701 N. Sacramento,(773) 265-1846,1539570
2019-11-20T00:00:00.000,VOLK,4T,,BLK,615369,IL,10300 S. Doty,(773) 568-8495,2889915
2019-11-20T00:00:00.000,VOLK,LL,,BLK,BK37539,IL,10300 S. Doty,(773) 568-8495,2889948
2019-11-19T00:00:00.000,AUDI,4D,,WHI,15705LE,IL,701 N. Sacramento,(773) 265-7605,6973409
2019-11-19T00:00:00.000,BMW,4D,,BLK,AP47315,IL,10300 S. Doty,(773) 568-8495,2889870
2019-11-19T00:00:00.000,BMW,LL,,SIL,N56KGW,NJ,701 N. Sacramento,(773) 265-1846,1539566
2019-11-19T00:00:00.000,CHEV,2D,,BRZ,BB25756,IL,10300 S. Doty,(773) 568-8495,2889841
2019-11-19T00:00:00.000,CHEV,2D,,SIL,BF23904,IL,10300 S. Doty,(773) 568-8495,2889846
2019-11-19T00:00:00.000,CHEV,4D,,GRY,BH85918,IL,10300 S. Doty,(773) 568-8495,2889878
2019-11-19T00:00:00.000,CHEV,4D,,MAR,,IL,10300 S. Doty,(773) 568-8495,2889871
2019-11-19T00:00:00.000,CHEV,4D,,MAR,698594,IL,10300 S. Doty,(773) 568-8495,2889879
2019-11-19T00:00:00.000,CHEV,4D,,BLU,BA46880,IL,701 N. Sacramento,(773) 265-1846,1539564
2019-11-19T00:00:00.000,CHEV,4D,,BLK,882U565,IL,10300 S. Doty,(773) 785-9752,1719759
2019-11-19T00:00:00.000,CHEV,4D,,SIL,AW17328,IL,10300 S. Doty,(773) 785-9752,1719756
2019-11-19T00:00:00.000,CHEV,4D,,SIL,BN87319,IL,701 N. Sacramento,(773) 265-7605,6973412
2019-11-19T00:00:00.000,CHEV,LL,,,2671370,IL,10300 S. Doty,(773) 568-8495,2889852
2019-11-19T00:00:00.000,CHEV,LL,,GLD,BE17790,IL,701 N. Sacramento,(773) 265-7605,6973416
2019-11-19T00:00:00.000,CHEV,VN,,BLU,6070141,IL,10300 S. Doty,(773) 568-8495,2889866
2019-11-19T00:00:00.000,CHEV,VN,,GRY,BG18872,IL,701 N. Sacramento,(773) 265-1846,1539565
2019-11-19T00:00:00.000,CHRY,4D,,LBL,BA43106,IL,701 N. Sacramento,(773) 265-7605,6973454
2019-11-19T00:00:00.000,CHRY,VN,,WHI,BG86810,IL,10300 S. Doty,(773) 568-8495,2889837
2019-11-19T00:00:00.000,CHRY,VN,,GRY,,,10300 S. Doty,(773) 568-8495,2889880
2019-11-19T00:00:00.000,DODG,4D,,WHI,BQ49428,IL,701 N. Sacramento,(773) 265-7605,6973437
2019-11-19T00:00:00.000,DODG,4D,,BLK,BH87007,IL,701 N. Sacramento,(773) 265-7605,6973407
2019-11-19T00:00:00.000,DODG,4D,,SIL,BN79145,IL,701 N. Sacramento,(773) 265-7605,6973438
2019-11-19T00:00:00.000,DODG,LL,,GRY,EJP4232,NC,701 N. Sacramento,(773) 265-7605,6973447
2019-11-19T00:00:00.000,DODG,PK,,SIL,2003064,IL,701 N. Sacramento,(773) 265-7605,6973443
2019-11-19T00:00:00.000,FORD,4D,,SIL,BG15130,IL,10300 S. Doty,(773) 785-9752,1719757
2019-11-19T00:00:00.000,FORD,4D,,BLK,AN82085,IL,10300 S. Doty,(773) 568-8495,2889856
2019-11-19T00:00:00.000,FORD,4D,,GRY,AV45673,IL,10300 S. Doty,(773) 568-8495,2889860
2019-11-19T00:00:00.000,FORD,4D,,MAR,ZX26935,IL,10300 S. Doty,(773) 568-8495,2889900
2019-11-19T00:00:00.000,FORD,LL,,BGE,,IL,10300 S. Doty,(773) 568-8495,2889890
2019-11-19T00:00:00.000,FORD,LL,,GRY,,IL,10300 S. Doty,(773) 568-8495,2889849
2019-11-19T00:00:00.000,FORD,VN,,WHI,,IL,10300 S. Doty,(773) 568-8495,2889863
2019-11-19T00:00:00.000,FORD,VN,,WHI,,IL,701 N. Sacramento,(773) 265-7605,6973425
2019-11-19T00:00:00.000,GMC,PK,,BLU,2239463,IL,701 N. Sacramento,(773) 265-7605,6973432
2019-11-19T00:00:00.000,HOND,2D,,RED,,IL,701 N. Sacramento,(773) 265-7605,6973430
2019-11-19T00:00:00.000,HOND,4D,,GRY,EPE5662,OH,701 N. Sacramento,(773) 265-7605,6973428
2019-11-19T00:00:00.000,HOND,4D,,RED,Q272269,IL,701 N. Sacramento,(773) 265-7605,6973445
2019-11-19T00:00:00.000,HOND,4D,,TAN,,,10300 S. Doty,(773) 785-9752,1719758
2019-11-19T00:00:00.000,HOND,LL,,BLU,AC80163,IL,701 N. Sacramento,(773) 265-7605,6973444
2019-11-19T00:00:00.000,HOND,LL,,RED,E909843,IL,701 N. Sacramento,(773) 265-7605,6973422
2019-11-19T00:00:00.000,HYUN,4D,,BLK,BH50127,IL,701 N. Sacramento,(773) 265-7605,6973417
2019-11-19T00:00:00.000,INFI,4D,,SIL,BH25367,IL,10300 S. Doty,(773) 568-8495,2889851
2019-11-19T00:00:00.000,JEEP,LL,,BLU,AW28351,IL,10300 S. Doty,(773) 568-8495,2889859
2019-11-19T00:00:00.000,JEEP,LL,,RED,957U033,IL,701 N. Sacramento,(773) 265-7605,6973424
2019-11-19T00:00:00.000,JEEP,LL,,BLU,AW28351,IL,10300 S. Doty,(773) 568-8495,2889859
2019-11-19T00:00:00.000,KIA,LL,,SIL,ZU75111,IL,10300 S. Doty,(773) 568-8495,2889835
2019-11-19T00:00:00.000,MAZD,SW,,SIL,AQ28960,IL,10300 S. Doty,(773) 568-8495,2889862
2019-11-19T00:00:00.000,MERC,4D,,GRY,X232357,IL,10300 S. Doty,(773) 568-8495,2889861
2019-11-19T00:00:00.000,MERC,LL,,GRY,AV95253,IL,10300 S. Doty,(773) 568-8495,2889869
2019-11-19T00:00:00.000,MERZ,4D,,GRY,110719,MN,10300 S. Doty,(773) 568-8495,2889896
2019-11-19T00:00:00.000,MITS,4D,,WHI,V605174,IL,701 N. Sacramento,(773) 265-7605,6973446
2019-11-19T00:00:00.000,NISS,4D,,BLU,AZ13321,IL,10300 S. Doty,(773) 568-8495,2889839
2019-11-19T00:00:00.000,NISS,4D,,BLK,AFR5933,WI,10300 S. Doty,(773) 568-8495,2889838
2019-11-19T00:00:00.000,NISS,4D,,GRN,BK71478,IL,10300 S. Doty,(773) 568-8495,2889848
2019-11-19T00:00:00.000,NISS,4D,MAX,BLK,BE31413,IL,10300 S. Doty,(773) 568-8495,2889898
2019-11-19T00:00:00.000,NISS,4D,,SIL,BQ25857,IL,701 N. Sacramento,(773) 265-7605,6973427
2019-11-19T00:00:00.000,PONT,4D,,WHI,AJ81690,IL,701 N. Sacramento,(773) 265-7605,6973452
2019-11-19T00:00:00.000,PONT,4D,,BLK,BN69549,IL,10300 S. Doty,(773) 568-8495,2889897
2019-11-19T00:00:00.000,PONT,4D,,SIL,509231D,IL,701 N. Sacramento,(773) 265-7605,6973453
2019-11-19T00:00:00.000,SATR,4D,,GRN,BC53093,IL,10300 S. Doty,(773) 568-8495,2889865
2019-11-19T00:00:00.000,TOYT,4D,,GRY,558890,IL,10300 S. Doty,(773) 568-8495,2889884
2019-11-19T00:00:00.000,TOYT,4D,,WHI,BV79200,IL,701 N. Sacramento,(773) 265-1846,1539563
2019-11-19T00:00:00.000,VOLK,4D,,BLK,BB27518,IL,701 N. Sacramento,(773) 265-1846,1539562
2019-11-19T00:00:00.000,VOLK,LL,,SIL,298AP372,MN,10300 S. Doty,(773) 568-8495,2889881
2019-11-19T00:00:00.000,VOLV,4D,,SIL,,IL,701 N. Sacramento,(773) 265-7605,6973440
2019-11-18T00:00:00.000,CADI,4D,,TAN,BQ73156,IL,10300 S. Doty,(773) 568-8495,2889804
2019-11-18T00:00:00.000,CHEV,2D,,SIL,BK13356,IL,10300 S. Doty,(773) 568-8495,2889834
2019-11-18T00:00:00.000,CHEV,2D,,GRY,,IL,10300 S. Doty,(773) 785-9752,1719750
2019-11-18T00:00:00.000,CHEV,4D,,BLK,,IL,10300 S. Doty,(773) 568-8495,2889813
2019-11-18T00:00:00.000,CHEV,LL,,SIL,BA61377,IL,10300 S. Doty,(773) 568-8495,2889827
2019-11-18T00:00:00.000,CHEV,LL,TK,BLK,,,701 N. Sacramento,(773) 265-7605,6973400
2019-11-18T00:00:00.000,CHEV,LL,TK,SIL,,,701 N. Sacramento,(773) 265-7605,6973401
2019-11-18T00:00:00.000,CHRY,LL,,WHI,BU74482,IL,10300 S. Doty,(773) 568-8495,2889797
2019-11-18T00:00:00.000,CHRY,VN,TK,SIL,BN35069,IL,10300 S. Doty,(773) 785-9752,1719749
2019-11-18T00:00:00.000,DODG,4D,,SIL,AD12245,IL,701 N. Sacramento,(773) 265-7605,6973371
2019-11-18T00:00:00.000,DODG,4D,,WHI,BF86827,IL,701 N. Sacramento,(773) 265-7605,6973402
2019-11-18T00:00:00.000,DODG,4D,,COM,BK39307,IL,10300 S. Doty,(773) 568-8495,2889832
2019-11-18T00:00:00.000,FORD,4D,,RED,BF62431,IL,10300 S. Doty,(773) 568-8495,2889829
2019-11-18T00:00:00.000,FORD,LL,,BLK,,IL,10300 S. Doty,(773) 785-9752,1719747
2019-11-18T00:00:00.000,FORD,LL,,BLK,AG61367,IL,10300 S. Doty,(773) 568-8495,2889808
2019-11-18T00:00:00.000,FORD,VN,,MAR,AP71616,IL,10300 S. Doty,(773) 785-9752,1719752
2019-11-18T00:00:00.000,FORD,VN,,WHI,,,701 N. Sacramento,(773) 265-1846,1539560
2019-11-18T00:00:00.000,GMC,VN,,WHI,3349PK,VA,10300 S. Doty,(773) 785-9752,1719753
2019-11-18T00:00:00.000,HOND,2D,,BLK,BM38314,IL,10300 S. Doty,(773) 785-9752,1719751
2019-11-18T00:00:00.000,HYUN,4D,,MAR,,IL,701 N. Sacramento,(773) 265-7605,6973372
2019-11-18T00:00:00.000,INFI,4D,,GRY,AX29835,IL,10300 S. Doty,(773) 568-8495,2889822
2019-11-18T00:00:00.000,KIA,4D,,WHI,EY3524,IN,10300 S. Doty,(773) 568-8495,2889812
2019-11-18T00:00:00.000,MAZD,4D,,GLD,,IL,701 N. Sacramento,(773) 265-7605,6973380
2019-11-18T00:00:00.000,MERC,4D,,WHI,K696001,IN,701 N. Sacramento,(773) 265-7605,6973383
2019-11-18T00:00:00.000,MITS,4D,,SIL,,IL,701 N. Sacramento,(773) 265-7605,6977389
2019-11-18T00:00:00.000,NISS,2D,,GRN,,,10300 S. Doty,(773) 785-9752,1719754
2019-11-18T00:00:00.000,NISS,4D,,SIL,BN85679,IL,10300 S. Doty,(773) 568-8495,2889816
2019-11-18T00:00:00.000,NISS,4D,,BLK,BH85820,IL,10300 S. Doty,(773) 568-8495,2889828
2019-11-18T00:00:00.000,PONT,4D,,GLD,219743,IL,701 N. Sacramento,(773) 265-7605,6973387
2019-11-18T00:00:00.000,PONT,4D,,GRY,BQ80983,IL,10300 S. Doty,(773) 568-8495,2889821
2019-11-18T00:00:00.000,PONT,4D,,BLK,,IL,10300 S. Doty,(773) 568-8495,2889831
2019-11-18T00:00:00.000,SAA,4D,,BLK,BQ13309,IL,701 N. Sacramento,(773) 265-7605,6973376
2019-11-18T00:00:00.000,TOYT,4D,,SIL,AG22935,IL,400 E. Lower Wacker,(312) 744-7550,0215946
2019-11-18T00:00:00.000,TOYT,4D,,GLD,BB26724,IL,10300 S. Doty,(773) 568-8495,2889809
2019-11-18T00:00:00.000,TOYT,LL,TK,BLK,LPG4119,TX,10300 S. Doty,(773) 568-8495,2889795
2019-11-18T00:00:00.000,VOLK,4D,,GRY,5702636,IL,701 N. Sacramento,(773) 265-1846,1539559
2019-11-18T00:00:00.000,VOLK,4D,,SIL,BT61555,IL,701 N. Sacramento,(773) 265-7605,6973395
2019-11-17T00:00:00.000,ACUR,4D,,GRY,Q980994,IL,701 N. Sacramento,(773) 265-7605,6973345
2019-11-17T00:00:00.000,ACUR,4D,,WHI,BH86782,IL,701 N. Sacramento,(773) 265-7605,6973325
2019-11-17T00:00:00.000,ACUR,LL,,BLK,V582467,IL,701 N. Sacramento,(773) 265-7605,6973300
2019-11-17T00:00:00.000,AUDI,4D,,BLU,P349988,IL,701 N. Sacramento,(773) 265-7605,6973331
2019-11-17T00:00:00.000,BMW,4D,,BLU,,,701 N. Sacramento,(773) 265-7605,6973340
2019-11-17T00:00:00.000,BUIC,4D,,RED,BU72507,IL,10300 S. Doty,(773) 568-8495,2889749
2019-11-17T00:00:00.000,BUIC,4D,,BLU,BV96733,IL,701 N. Sacramento,(773) 265-7605,6973290
2019-11-17T00:00:00.000,BUIC,4T,,GRY,,IL,10300 S. Doty,(773) 568-8495,2889753
2019-11-17T00:00:00.000,CADI,4D,,WHI,,IL,10300 S. Doty,(773) 568-8495,2889755
2019-11-17T00:00:00.000,CADI,LL,,SIL,AE75435,IL,10300 S. Doty,(773) 568-8495,2889780
2019-11-17T00:00:00.000,CADI,LL,,BLK,,IL,701 N. Sacramento,(773) 265-7605,6973339
2019-11-17T00:00:00.000,CHEV,4D,,SIL,,,701 N. Sacramento,(773) 265-7605,6973274
2019-11-17T00:00:00.000,CHEV,4D,,DBL,ZU57481,IL,701 N. Sacramento,(773) 265-7605,6973359
2019-11-17T00:00:00.000,CHEV,4D,,WHI,BH17517,IL,701 N. Sacramento,(773) 265-7605,6973332
2019-11-17T00:00:00.000,CHEV,4D,,GRY,GVY957,IA,10300 S. Doty,(773) 568-8495,2889756
2019-11-17T00:00:00.000,CHEV,4T,,BLU,BB23733,IL,701 N. Sacramento,(773) 265-7605,6973302
2019-11-17T00:00:00.000,CHEV,LL,,RED,,,10300 S. Doty,(773) 568-8495,2889776
2019-11-17T00:00:00.000,CHEV,PK,,LBL,,IL,701 N. Sacramento,(773) 265-7605,6973299
2019-11-17T00:00:00.000,CHEV,PK,,WHI,88105VB,IL,701 N. Sacramento,(773) 265-7605,6973269
2019-11-17T00:00:00.000,CHEV,VN,,GRN,,,10300 S. Doty,(773) 568-8495,2889773
2019-11-17T00:00:00.000,CHEV,VN,,MAR,LIB221,MS,10300 S. Doty,(773) 568-8495,2889790
2019-11-17T00:00:00.000,DODG,4D,,BLK,8J1V127,CA,701 N. Sacramento,(773) 265-7605,6973364
2019-11-17T00:00:00.000,DODG,VN,,RED,,IL,701 N. Sacramento,(773) 265-7605,6973348
2019-11-17T00:00:00.000,FORD,2D,,RED,BF18719,IL,10300 S. Doty,(773) 568-8495,2889760
2019-11-17T00:00:00.000,FORD,4D,,RED,AT53016,IL,10300 S. Doty,(773) 568-8495,2889778
2019-11-17T00:00:00.000,FORD,4D,,GRY,AZ91298,IL,10300 S. Doty,(773) 568-8495,485438
2019-11-17T00:00:00.000,FORD,4T,,BRZ,BH28210,IL,701 N. Sacramento,(773) 265-7605,6973303
2019-11-17T00:00:00.000,FORD,LL,,GRY,BW60658,IL,400 E. Lower Wacker,(312) 744-7550,0215901
2019-11-17T00:00:00.000,FORD,LL,,BLK,BH84115,IL,701 N. Sacramento,(773) 265-7605,6973311
2019-11-17T00:00:00.000,FORD,LL,,GRN,AD63206,IL,701 N. Sacramento,(773) 265-7605,6973306
2019-11-17T00:00:00.000,FORD,LL,,BGE,BH62944,IL,701 N. Sacramento,(773) 265-7605,6973326
2019-11-17T00:00:00.000,FORD,VN,,BLU,BF30931,IL,701 N. Sacramento,(773) 265-7605,6973333
2019-11-17T00:00:00.000,GMC,LL,,WHI,Y735789,IL,701 N. Sacramento,(773) 265-7605,6973362
2019-11-17T00:00:00.000,GMC,LL,,BLU,295537,IL,701 N. Sacramento,(773) 265-7605,6973261
2019-11-17T00:00:00.000,GMC,VN,,WHI,AD70566,IL,701 N. Sacramento,(773) 265-7605,6973280
2019-11-17T00:00:00.000,HOND,2D,,SIL,BE16139,IL,701 N. Sacramento,(773) 265-7605,6973360
2019-11-17T00:00:00.000,HOND,4D,,BLK,AT74718,IL,701 N. Sacramento,(773) 265-7605,6973350
2019-11-17T00:00:00.000,HOND,4D,,BLU,BN48760,IL,701 N. Sacramento,(773) 265-7605,6973319
2019-11-17T00:00:00.000,HOND,VN,,SIL,BH58932,IL,701 N. Sacramento,(773) 265-7605,6973289
2019-11-17T00:00:00.000,HYUN,4T,,WHI,AF37360,IL,701 N. Sacramento,(773) 265-7605,6973305
2019-11-17T00:00:00.000,ISU,LL,,WHI,157715F,IL,701 N. Sacramento,(773) 265-7605,6973310
2019-11-17T00:00:00.000,JEEP,LL,,BLK,BF40045,IL,701 N. Sacramento,(773) 265-7605,6973293
2019-11-17T00:00:00.000,JEEP,LL,,BLK,K517387,IN,10300 S. Doty,(773) 568-8495,485541
2019-11-17T00:00:00.000,JEEP,LL,,RED,Q472274,IL,10300 S. Doty,(773) 568-8495,2889766
2019-11-17T00:00:00.000,JEEP,LL,,MAR,,IL,701 N. Sacramento,(773) 265-7605,6973265
2019-11-17T00:00:00.000,KIA,4D,,PLE,,,701 N. Sacramento,(773) 265-7605,6973336
2019-11-17T00:00:00.000,LINC,4D,,BLK,Q713965,IL,701 N. Sacramento,(773) 265-7605,6973314
2019-11-17T00:00:00.000,MAZD,4D,,SIL,,IL,701 N. Sacramento,(773) 265-7605,6973258
2019-11-17T00:00:00.000,MAZD,4D,,RED,,IL,10300 S. Doty,(773) 568-8495,2889794
2019-11-17T00:00:00.000,MITS,4D,,SIL,Q499723,IL,701 N. Sacramento,(773) 265-7605,6973351
2019-11-17T00:00:00.000,NISS,4D,,RED,BL68226,IL,701 N. Sacramento,(773) 265-7605,6973329
2019-11-17T00:00:00.000,NISS,4D,,BLU,BK12282,IL,10300 S. Doty,(773) 568-8495,2889772
2019-11-17T00:00:00.000,NISS,4T,,SIL,102V721,IL,701 N. Sacramento,(773) 265-7605,6973260
2019-11-17T00:00:00.000,PONT,4D,,ONG,BK16316,IL,701 N. Sacramento,(773) 265-7605,6973330
2019-11-17T00:00:00.000,PORS,LL,,BLU,BC34553,IL,701 N. Sacramento,(773) 265-7605,6973277
2019-11-17T00:00:00.000,RAMA,PK,,WHI,,IL,701 N. Sacramento,(773) 265-7605,6973341
2019-11-17T00:00:00.000,SAA,LL,,BLK,BQ68852,IL,701 N. Sacramento,(773) 265-7605,6973264
2019-11-17T00:00:00.000,TOYT,4D,,GRY,AY38317,IL,10300 S. Doty,(773) 568-8495,2889763
2019-11-17T00:00:00.000,TOYT,4D,,SIL,BH84259,IL,701 N. Sacramento,(773) 265-7605,6973349
2019-11-17T00:00:00.000,TOYT,LL,,GRN,BQ65883,IL,10300 S. Doty,(773) 568-8495,2889779
2019-11-17T00:00:00.000,TOYT,VN,,MAR,BU70253,IL,10300 S. Doty,(773) 568-8495,2889784
2019-11-17T00:00:00.000,TOYT,VN,,GRY,N972606,IL,10300 S. Doty,(773) 568-8495,2889775
2019-11-16T00:00:00.000,BUIC,4D,,TAN,AG28001,IL,701 N. Sacramento,(773) 265-7605,6973224
2019-11-16T00:00:00.000,CHEV,4D,,SIL,BH85947,IL,10300 S. Doty,(773) 568-8495,2889728
2019-11-16T00:00:00.000,CHEV,4D,,TAN,BR69431,IL,10300 S. Doty,(773) 568-8495,2889738
2019-11-16T00:00:00.000,CHEV,4D,,RED,,IL,701 N. Sacramento,(773) 265-7605,6973247
2019-11-16T00:00:00.000,CHEV,4D,,TAN,E618688,IL,701 N. Sacramento,(773) 265-7605,6973219
2019-11-16T00:00:00.000,CHEV,4D,,BLK,BN80124,IL,701 N. Sacramento,(773) 265-7605,6973168
2019-11-16T00:00:00.000,CHEV,4D,,BLU,BA32440,IL,10300 S. Doty,(773) 568-8495,2889729
2019-11-16T00:00:00.000,CHEV,LL,,SIL,AD21061,IL,701 N. Sacramento,(773) 265-7605,6973197
2019-11-16T00:00:00.000,CHEV,PK,TK,BLK,2771658B,IL,10300 S. Doty,(773) 568-8495,2889744
2019-11-16T00:00:00.000,CHEV,PK,,BLK,,IL,701 N. Sacramento,(773) 265-7605,6973167
2019-11-16T00:00:00.000,CHRY,4D,,GLD,BE89097,IL,10300 S. Doty,(773) 568-8495,2889719
2019-11-16T00:00:00.000,CHRY,VN,,BLU,BR72829,IL,701 N. Sacramento,(773) 265-7605,6973225
2019-11-16T00:00:00.000,CHRY,VN,,SIL,V415033,IL,701 N. Sacramento,(773) 265-7605,6973185
2019-11-16T00:00:00.000,CHRY,VN,TNC,GRY,R592048,IL,701 N. Sacramento,(773) 265-7605,6973235
2019-11-16T00:00:00.000,DODG,SW,DUR,SIL,DRJ5761,MI,701 N. Sacramento,(773) 265-7605,6973231
2019-11-16T00:00:00.000,DODG,VN,TK,BLK,BM18390,IL,10300 S. Doty,(773) 568-8495,2889746
2019-11-16T00:00:00.000,DODG,VN,,WHI,V530669,IL,701 N. Sacramento,(773) 265-7605,6973246
2019-11-16T00:00:00.000,FORD,LL,,WHI,AL13697,IL,701 N. Sacramento,(773) 265-7605,6973191
2019-11-16T00:00:00.000,FORD,LL,,WHI,Z965186,IL,701 N. Sacramento,(773) 265-7605,6973208
2019-11-16T00:00:00.000,FORD,LL,TK,GRY,BN52473,IL,701 N. Sacramento,(773) 265-7605,6973199
2019-11-16T00:00:00.000,FORD,LL,,GRY,ZZ76797,IL,701 N. Sacramento,(773) 265-7605,6973234
2019-11-16T00:00:00.000,FORD,LL,,BLU,,,701 N. Sacramento,(773) 265-7605,6973244
2019-11-16T00:00:00.000,FORD,PK,,RED,2472410B,IL,10300 S. Doty,(773) 568-8495,2889718
2019-11-16T00:00:00.000,GMC,LL,TK,WHI,AS73630,IL,701 N. Sacramento,(773) 265-7605,6973222
2019-11-16T00:00:00.000,GMC,VN,TK,LBL,,IL,701 N. Sacramento,(773) 265-7605,6973255
2019-11-16T00:00:00.000,HOND,4D,,RED,BL24445,IL,10300 S. Doty,(773) 568-8495,2889722
2019-11-16T00:00:00.000,HOND,4D,,SIL,BQ65177,IL,701 N. Sacramento,(773) 265-7605,6973196
2019-11-16T00:00:00.000,INFI,4D,,BLU,BN32261,IL,10300 S. Doty,(773) 568-8495,2889721
2019-11-16T00:00:00.000,INFI,LL,,BLK,BA63235,IL,10300 S. Doty,(773) 568-8495,2889737
2019-11-16T00:00:00.000,ISU,VN,,BLU,2252040B,IL,701 N. Sacramento,(773) 265-7605,6973180
2019-11-16T00:00:00.000,JEEP,LK,,BLU,AS43052,IL,701 N. Sacramento,(773) 265-7605,6973230
2019-11-16T00:00:00.000,JEEP,LL,TK,GRY,E485520,IL,10300 S. Doty,(773) 568-8495,2889726
2019-11-16T00:00:00.000,JEEP,LL,,BLU,BN86381,IL,10300 S. Doty,(773) 568-8495,2889736
2019-11-16T00:00:00.000,JEEP,LL,,GRY,579U074,IL,10300 S. Doty,(773) 568-8495,2889733
2019-11-16T00:00:00.000,JEEP,LL,,BGE,S713912,IL,701 N. Sacramento,(773) 265-7605,6973182
2019-11-16T00:00:00.000,KIA,4T,,WHI,AJ78016,IL,701 N. Sacramento,(773) 265-7605,6973183
2019-11-16T00:00:00.000,KIA,LL,,SIL,BQ85937,IL,400 E. Lower Wacker,(312) 744-7550,0215882
2019-11-16T00:00:00.000,NISS,4D,,BLK,BN25606,IL,10300 S. Doty,(773) 568-8495,2889717
2019-11-16T00:00:00.000,NISS,4D,,BLK,BA31623,IL,10300 S. Doty,(773) 568-8495,2889708
2019-11-16T00:00:00.000,NISS,4D,,BLK,BT60892,IL,10300 S. Doty,(773) 568-8495,2889711
2019-11-16T00:00:00.000,NISS,LL,,GRY,R264009,IL,701 N. Sacramento,(773) 265-7605,6973178
2019-11-16T00:00:00.000,NISS,LL,,SIL,ZU91194,IL,701 N. Sacramento,(773) 265-7605,6973242
2019-11-16T00:00:00.000,NISS,PK,,MAR,1126397B,IL,10300 S. Doty,(773) 568-8495,2889739
2019-11-16T00:00:00.000,PONT,2T,,BLK,AP58543,IL,701 N. Sacramento,(773) 265-7605,6973190
2019-11-16T00:00:00.000,PONT,4D,,RED,,IL,10300 S. Doty,(773) 568-8495,2889734
2019-11-16T00:00:00.000,PONT,4D,,GRY,990T940,IL,10300 S. Doty,(773) 568-8495,2889703
2019-11-16T00:00:00.000,PONT,4T,,SIL,AN29977,IL,701 N. Sacramento,(773) 265-7605,6973170
2019-11-16T00:00:00.000,SATR,4D,,RED,BG75974,IL,10300 S. Doty,(773) 568-8495,2889707
2019-11-16T00:00:00.000,SATU,LL,,RED,BP20410,IL,701 N. Sacramento,(773) 265-7605,6973193
2019-11-16T00:00:00.000,TOYT,2D,,SIL,BE93529,IL,701 N. Sacramento,(773) 265-7605,6973229
2019-11-16T00:00:00.000,TOYT,4D,,GRN,AP23370,IL,701 N. Sacramento,(773) 265-7605,6973209
2019-11-16T00:00:00.000,TOYT,4D,,BGE,BG596995,IL,701 N. Sacramento,(773) 265-7605,6973207
2019-11-16T00:00:00.000,TOYT,4D,,SIL,5YPS30,MD,701 N. Sacramento,(773) 265-7605,6973216
2019-11-16T00:00:00.000,TOYT,4T,,BGE,BE87081,IL,701 N. Sacramento,(773) 265-7605,6973202
2019-11-16T00:00:00.000,TOYT,4T,,LBL,S341508,IL,701 N. Sacramento,(773) 265-7605,6973184
2019-11-15T00:00:00.000,ACUR,2D,,BLU,5672216,IL,701 N. Sacramento,(773) 265-7605,6973094
2019-11-15T00:00:00.000,ACUR,4D,,GRY,,,10300 S. Doty,(773) 568-8495,2889673
2019-11-15T00:00:00.000,ACUR,LL,,SIL,318463,IL,701 N. Sacramento,(773) 265-7605,6973096
2019-11-15T00:00:00.000,BMW,4D,,BLU,BN46120,IL,10300 S. Doty,(773) 568-8495,2889670
2019-11-15T00:00:00.000,BMW,LL,,SIL,ZV30913,IL,10300 S. Doty,(773) 785-9752,1719745
2019-11-15T00:00:00.000,BUIC,LL,,BLU,879986,IL,701 N. Sacramento,(773) 265-7605,6973149
2019-11-15T00:00:00.000,CADI,4D,,BLU,BQ79799,IL,10300 S. Doty,(773) 568-8495,2889664
2019-11-15T00:00:00.000,CHEV,2D,,MAR,BH96692,IL,10300 S. Doty,(773) 568-8495,2889685
2019-11-15T00:00:00.000,CHEV,4D,,GRY,BE17682,IL,701 N. Sacramento,(773) 265-7605,6973128
2019-11-15T00:00:00.000,CHEV,4D,,TAN,J729033,IN,701 N. Sacramento,(773) 265-7605,6973095
2019-11-15T00:00:00.000,CHEV,4D,,SIL,389U268,IL,10300 S. Doty,(773) 568-8495,2889680
2019-11-15T00:00:00.000,CHEV,4D,,SIL,,IL,701 N. Sacramento,(773) 265-7605,6973118
2019-11-15T00:00:00.000,CHEV,4D,,BLU,BL88494,IL,701 N. Sacramento,(773) 265-7605,6973117
2019-11-15T00:00:00.000,CHEV,4T,,WHI,AY46642,IL,701 N. Sacramento,(773) 265-7605,6973087
2019-11-15T00:00:00.000,CHEV,4T,,SIL,AN71866,IL,701 N. Sacramento,(773) 265-7605,6973100
2019-11-15T00:00:00.000,CHEV,LL,,SIL,551U125,IL,701 N. Sacramento,(773) 265-7605,6973086
2019-11-15T00:00:00.000,CHEV,LL,,SIL,BN15962,IL,10300 S. Doty,(773) 568-8495,2889669
2019-11-15T00:00:00.000,CHEV,VN,,WHI,R615768,IL,701 N. Sacramento,(773) 265-7605,6973129
2019-11-15T00:00:00.000,DODG,4D,,BLU,Q612333,IL,10300 S. Doty,(773) 785-9752,1719743
2019-11-15T00:00:00.000,DODG,LL,,ONG,,IL,701 N. Sacramento,(773) 265-1846,1539556
2019-11-15T00:00:00.000,FORD,4D,,BLK,H192665,IL,701 N. Sacramento,(773) 265-7605,6973141
2019-11-15T00:00:00.000,FORD,4D,,SIL,,IL,10300 S. Doty,(773) 568-8495,2889690
2019-11-15T00:00:00.000,FORD,LL,,WHI,Q364177,IL,701 N. Sacramento,(773) 265-7605,6973137
2019-11-15T00:00:00.000,FORD,LL,,BLU,BPN320,IN,701 N. Sacramento,(773) 265-7605,6973091
2019-11-15T00:00:00.000,FORD,LL,,RED,E359292,IL,701 N. Sacramento,(773) 265-7605,6973099
2019-11-15T00:00:00.000,FORD,LL,,BLU,,IL,701 N. Sacramento,(773) 265-1846,1539555
2019-11-15T00:00:00.000,FORD,LL,,WHI,,IL,10300 S. Doty,(773) 785-9752,1719746
2019-11-15T00:00:00.000,GMC,LL,,MAR,ZV7678,IL,701 N. Sacramento,(773) 265-7605,6973134
2019-11-15T00:00:00.000,GMC,VN,,WHI,BL87174,IL,701 N. Sacramento,(773) 265-7605,6973140
2019-11-15T00:00:00.000,HOND,4D,,BLU,BD23631,IL,701 N. Sacramento,(773) 265-7605,6973142
2019-11-15T00:00:00.000,HOND,4D,,GRY,Z475102,IL,10300 S. Doty,(773) 568-8495,2889681
2019-11-15T00:00:00.000,HOND,4T,,MAR,AW18591,IL,701 N. Sacramento,(773) 265-7605,6973089
2019-11-15T00:00:00.000,HYUN,4D,,WHI,AH16429,IL,701 N. Sacramento,(773) 265-7605,6973146
2019-11-15T00:00:00.000,HYUN,4D,,BLK,BE79515,IL,701 N. Sacramento,(773) 265-7605,6973160
2019-11-15T00:00:00.000,HYUN,LL,,SIL,AK30848,IL,701 N. Sacramento,(773) 265-7605,6973124
2019-11-15T00:00:00.000,HYUN,LL,,BLK,,IL,701 N. Sacramento,(773) 265-1846,1539557
2019-11-15T00:00:00.000,KIA,4D,,SIL,,,701 N. Sacramento,(773) 265-7605,6973107
2019-11-15T00:00:00.000,KIA,4D,,GLD,V656461,IL,10300 S. Doty,(773) 568-8495,2889683
2019-11-15T00:00:00.000,LEXS,4D,,GRY,,IL,10300 S. Doty,(773) 568-8495,2889675
2019-11-15T00:00:00.000,LEXS,4D,,BLK,BA38306,IL,10300 S. Doty,(773) 568-8495,2889691
2019-11-15T00:00:00.000,LINC,PK,,WHI,2A509FF,IL,701 N. Sacramento,(773) 265-7605,6973148
2019-11-15T00:00:00.000,MAZD,VN,TK,TAN,BR64061,IL,701 N. Sacramento,(773) 265-7605,6973111
2019-11-15T00:00:00.000,MERC,4D,,BLK,Q652887,IL,701 N. Sacramento,(773) 265-7605,6973085
2019-11-15T00:00:00.000,MITS,4T,,TAN,,IL,701 N. Sacramento,(773) 265-7605,6973092
2019-11-15T00:00:00.000,MITS,LL,,BLU,R315992,IL,701 N. Sacramento,(773) 265-7605,6973144
2019-11-15T00:00:00.000,NISS,4D,,MAR,BK43444,IL,701 N. Sacramento,(773) 265-7605,6973130
2019-11-15T00:00:00.000,NISS,4D,,TAN,AD65075,IL,701 N. Sacramento,(773) 265-7605,6973138
2019-11-15T00:00:00.000,NISS,4D,,SIL,Q318235,IL,701 N. Sacramento,(773) 265-7605,6973127
2019-11-15T00:00:00.000,NISS,4D,,BLK,809VKA,WI,701 N. Sacramento,(773) 265-7605,6973120
2019-11-15T00:00:00.000,NISS,4D,,BLU,,IL,10300 S. Doty,(773) 568-8495,2889693
2019-11-15T00:00:00.000,NISS,LL,,PLE,,IL,701 N. Sacramento,(773) 265-7605,6973150
2019-11-15T00:00:00.000,PLYM,4T,,LBL,AP39107,IL,701 N. Sacramento,(773) 265-7605,6973084
2019-11-15T00:00:00.000,PONT,4D,,GRY,AES2123,WI,10300 S. Doty,(773) 568-8495,2889695
2019-11-15T00:00:00.000,PONT,4T,,WHI,BH81337,IL,701 N. Sacramento,(773) 265-7605,6973103
2019-11-15T00:00:00.000,SATR,4D,,GLD,K378866,IL,701 N. Sacramento,(773) 265-1846,1539553
2019-11-15T00:00:00.000,SATR,4D,,DGR,,IL,10300 S. Doty,(773) 785-9752,1719744
2019-11-15T00:00:00.000,SATR,4D,,SIL,BR70106,IL,701 N. Sacramento,(773) 265-7605,6973139
2019-11-15T00:00:00.000,TOYT,4T,,SIL,AT54838,IL,701 N. Sacramento,(773) 265-7605,6973109
2019-11-14T00:00:00.000,ACUR,4D,,GLD,BD91667,IL,701 N. Sacramento,(773) 265-7605,6973075
2019-11-14T00:00:00.000,BUIC,4D,,TAN,693U547,IL,10300 S. Doty,(773) 568-8495,2889630
2019-11-14T00:00:00.000,BUIC,4D,,WHI,,,701 N. Sacramento,(773) 265-7605,6973008
2019-11-14T00:00:00.000,BUIC,4T,,BLK,,IL,701 N. Sacramento,(773) 265-7605,6972982
2019-11-14T00:00:00.000,CADI,4D,DEV,TAN,00236933,IL,10300 S. Doty,(773) 568-8495,2889651
2019-11-14T00:00:00.000,CADI,4D,,BRO,SUTTON7,IL,10300 S. Doty,(773) 568-8495,2889652
2019-11-14T00:00:00.000,CHEV,4D,,TAN,BG20746,IL,701 N. Sacramento,(773) 265-7605,6973021
2019-11-14T00:00:00.000,CHEV,4D,,BLU,AJ79022,IL,10300 S. Doty,(773) 785-9752,1719739
2019-11-14T00:00:00.000,CHEV,4D,,SIL,V225440,IL,701 N. Sacramento,(773) 265-7605,6973034
2019-11-14T00:00:00.000,CHEV,4D,,SIL,E360466,IL,701 N. Sacramento,(773) 265-7605,6973046
2019-11-14T00:00:00.000,CHEV,4D,,GLD,BF28431,IL,10300 S. Doty,(773) 568-8495,2889638
2019-11-14T00:00:00.000,CHEV,4D,,SIL,K364343,IL,701 N. Sacramento,(773) 265-1846,1539549
2019-11-14T00:00:00.000,CHEV,4T,,GRN,BR87408,IL,10300 S. Doty,(773) 568-8495,2889635
2019-11-14T00:00:00.000,CHEV,LL,,GRY,PT17351,AZ,10300 S. Doty,(773) 568-8495,2889637
2019-11-14T00:00:00.000,CHEV,LL,,BLK,AT92339,IL,701 N. Sacramento,(773) 265-7605,6972997
2019-11-14T00:00:00.000,CHEV,LL,,WHI,BN73191,IL,10300 S. Doty,(773) 568-8495,2889631
2019-11-14T00:00:00.000,CHEV,LL,,BLK,554509,IL,701 N. Sacramento,(773) 265-7605,6973026
2019-11-14T00:00:00.000,CHRY,4D,,BLU,BU73045,IL,10300 S. Doty,(773) 568-8495,2889649
2019-11-14T00:00:00.000,CHRY,4D,,GRY,BH81820,IL,701 N. Sacramento,(773) 265-7605,6973057
2019-11-14T00:00:00.000,CHRY,4D,,TAN,,IL,10300 S. Doty,(773) 568-8495,2889655
2019-11-14T00:00:00.000,DODG,4D,,GRY,AK70955,IL,10300 S. Doty,(773) 568-8495,2889646
2019-11-14T00:00:00.000,FIAA,4D,,WHI,Z347972,IL,400 E. Lower Wacker,(312) 744-7550,0215780
2019-11-14T00:00:00.000,FORD,2T,,GRY,V195874,IL,10300 S. Doty,(773) 568-8495,2889363
2019-11-14T00:00:00.000,FORD,4D,,BLK,AV53606,IL,701 N. Sacramento,(773) 265-7605,6973068
2019-11-14T00:00:00.000,FORD,4D,,RED,00236287,IL,10300 S. Doty,(773) 785-9752,1719737
2019-11-14T00:00:00.000,FORD,4D,,GRY,L379674,IL,701 N. Sacramento,(773) 265-7605,6973065
2019-11-14T00:00:00.000,FORD,LL,,RED,,IL,10300 S. Doty,(773) 568-8495,2889650
2019-11-14T00:00:00.000,FORD,VN,,WHI,,IL,701 N. Sacramento,(773) 265-7605,6973074
2019-11-14T00:00:00.000,FORD,VN,,GRY,Y851665,IL,701 N. Sacramento,(773) 265-7605,6972991
2019-11-14T00:00:00.000,GMC,VN,,GRY,917U591,IL,701 N. Sacramento,(773) 265-7605,6972986
2019-11-14T00:00:00.000,HOND,2D,,RED,Q582164,IL,701 N. Sacramento,(773) 265-7605,6973055
2019-11-14T00:00:00.000,HOND,2T,,RED,AN16931,IL,701 N. Sacramento,(773) 265-7605,6972996
2019-11-14T00:00:00.000,HOND,4D,,BLK,BE57732,IL,701 N. Sacramento,(773) 265-7605,6973047
2019-11-14T00:00:00.000,HOND,4D,TK,WHI,BB21354,IL,10300 S. Doty,(773) 568-8495,2889642
2019-11-14T00:00:00.000,HOND,LL,,PLE,BL88530,IL,701 N. Sacramento,(773) 265-7605,6973063
2019-11-14T00:00:00.000,HYUN,4D,,BLU,Z713667,IL,10300 S. Doty,(773) 568-8495,2889661
2019-11-14T00:00:00.000,HYUN,4D,,SIL,FER6348,NC,701 N. Sacramento,(773) 265-7605,6973004
2019-11-14T00:00:00.000,HYUN,LL,,GRY,Y886127,IL,10300 S. Doty,(773) 568-8495,2889663
2019-11-14T00:00:00.000,INFI,4D,,TAN,AD91974,IL,10300 S. Doty,(773) 785-9752,1719738
2019-11-14T00:00:00.000,INFI,LL,,BLU,DL5940C,IL,701 N. Sacramento,(773) 265-7605,6972992
2019-11-14T00:00:00.000,JEEP,LL,,DBL,Z568862,IL,701 N. Sacramento,(773) 265-7605,6972980
2019-11-14T00:00:00.000,LEXS,4D,,BLK,,,400 E. Lower Wacker,(312) 744-7550,0215804
2019-11-14T00:00:00.000,LINC,4D,,WHI,K684996,IN,10300 S. Doty,(773) 568-8495,2889645
2019-11-14T00:00:00.000,MITS,4D,,RED,AN57472,IL,701 N. Sacramento,(773) 265-7605,6973044
2019-11-14T00:00:00.000,NISS,4D,,GRY,AS71470,IL,10300 S. Doty,(773) 785-9752,1719740
2019-11-14T00:00:00.000,NISS,4D,,RED,BP33459,IL,701 N. Sacramento,(773) 265-7605,6973042
2019-11-14T00:00:00.000,NISS,4D,,SIL,699U935,IL,10300 S. Doty,(773) 785-9752,1719741
2019-11-14T00:00:00.000,NISS,4T,,GRY,L745073,IL,701 N. Sacramento,(773) 265-7605,6972981
2019-11-14T00:00:00.000,NISS,PK,,WHI,JJG5108,NY,701 N. Sacramento,(773) 265-7605,6973076
2019-11-14T00:00:00.000,NISS,VN,,GRY,BB94081,IL,701 N. Sacramento,(773) 265-7605,6973051
2019-11-14T00:00:00.000,OLDS,4D,,BLK,BG21238,IL,701 N. Sacramento,(773) 265-7605,6973053
2019-11-14T00:00:00.000,PONT,4D,,BLU,ACF9473,WI,701 N. Sacramento,(773) 265-7605,6973029
2019-11-14T00:00:00.000,PONT,4D,,PLE,BF30184,IL,10300 S. Doty,(773) 568-8495,2889656
2019-11-14T00:00:00.000,PONT,4D,,TAN,AU72305,IL,10300 S. Doty,(773) 568-8495,2889641
2019-11-14T00:00:00.000,PONT,4D,,WHI,V319164,IL,701 N. Sacramento,(773) 265-1846,1539552
2019-11-14T00:00:00.000,SATU,4D,,GRY,AV94043,IL,10300 S. Doty,(773) 568-8495,2889660
2019-11-14T00:00:00.000,SUBA,4T,,BLU,AK51726,IL,701 N. Sacramento,(773) 265-7605,6973006
2019-11-14T00:00:00.000,SUBA,LL,,WHI,4YRT105,CA,701 N. Sacramento,(773) 265-7605,6973032
2019-11-14T00:00:00.000,TOYT,4D,,TAN,,IL,701 N. Sacramento,(773) 265-7605,6973024
2019-11-14T00:00:00.000,TOYT,4D,,WHI,K0T860,CO,701 N. Sacramento,(773) 265-7605,6973067
2019-11-14T00:00:00.000,TOYT,4T,,BLK,BA92968,IL,701 N. Sacramento,(773) 265-7605,6972987
2019-11-14T00:00:00.000,VOLK,2D,,RED,BK84057,IL,701 N. Sacramento,(773) 265-7605,6973028
2019-11-13T00:00:00.000,ACUR,LL,,BLK,AN77980,IL,701 N. Sacramento,(773) 265-7605,6972954
2019-11-13T00:00:00.000,BMW,4D,,BLK,AY94191,IL,701 N. Sacramento,(773) 265-7605,6972933
2019-11-13T00:00:00.000,BMW,LL,,BLK,BL82953,IL,701 N. Sacramento,(773) 265-7605,6972937
2019-11-13T00:00:00.000,BUIC,4D,,TAN,Z253111,IL,701 N. Sacramento,(773) 265-7605,6972927
2019-11-13T00:00:00.000,CADI,4D,,GRY,AE12543,IL,701 N. Sacramento,(773) 265-7605,6972972
2019-11-13T00:00:00.000,CHEV,4D,,SIL,BL84995,IL,701 N. Sacramento,(773) 265-7605,6972943
2019-11-13T00:00:00.000,CHEV,4D,,WHI,Q321321,IL,701 N. Sacramento,(773) 265-7605,6972971
2019-11-13T00:00:00.000,CHEV,4D,,WHI,BF14717,IL,10300 S. Doty,(773) 568-8495,2889607
2019-11-13T00:00:00.000,CHEV,4D,,WHI,BQ72713,IL,10300 S. Doty,(773) 568-8495,2889625
2019-11-13T00:00:00.000,CHEV,4D,,GRY,565,IL,400 E. Lower Wacker,(312) 744-7550,02.....
2019-11-13T00:00:00.000,CHEV,4D,,RED,K378282,IL,10300 S. Doty,(773) 568-8495,2889617
2019-11-13T00:00:00.000,CHEV,4T,,GRY,BA97375,IL,701 N. Sacramento,(773) 265-7605,6972975
2019-11-13T00:00:00.000,CHEV,LL,,GRY,992YRE,CT,10300 S. Doty,(773) 568-8495,2889596
2019-11-13T00:00:00.000,CHEV,LL,,GRY,AQ52692,IL,701 N. Sacramento,(773) 265-7605,6972960
2019-11-13T00:00:00.000,CHEV,VN,,MAR,822U414,IL,10300 S. Doty,(773) 568-8495,2889619
2019-11-13T00:00:00.000,CHEV,VN,,SIL,295850,IL,701 N. Sacramento,(773) 265-7605,6972920
2019-11-13T00:00:00.000,CHRY,VN,,BLK,,IL,701 N. Sacramento,(773) 265-7605,6972940
2019-11-13T00:00:00.000,CHRY,VN,,SIL,137ZZP,IN,400 E. Lower Wacker,(312) 744-7550,0215732
2019-11-13T00:00:00.000,DODG,4D,,BLK,BU13870,IL,701 N. Sacramento,(773) 265-7605,6972961
2019-11-13T00:00:00.000,DODG,4D,,GRY,Z237249,IL,701 N. Sacramento,(773) 265-7605,6972906
2019-11-13T00:00:00.000,DODG,LL,,GRY,,IL,701 N. Sacramento,(773) 265-1846,1539545
2019-11-13T00:00:00.000,DODG,LL,,GRY,BE24003,IL,701 N. Sacramento,(773) 265-7605,6972907
2019-11-13T00:00:00.000,DODG,LL,TK,SIL,BU71280,IL,10300 S. Doty,(773) 568-8495,2889620
2019-11-13T00:00:00.000,DODG,VN,,SIL,BK11937,IL,701 N. Sacramento,(773) 265-7605,6972966
2019-11-13T00:00:00.000,DODG,VN,,SIL,H799846,IL,701 N. Sacramento,(773) 265-1846,1539542
2019-11-13T00:00:00.000,DODG,VN,,WHI,,IL,10300 S. Doty,(773) 568-8495,2889621
2019-11-13T00:00:00.000,DODG,VN,,BLU,Z152694,IL,701 N. Sacramento,(773) 265-7605,6972955
2019-11-13T00:00:00.000,DODG,VN,,GRN,ACN599,IL,10300 S. Doty,(773) 785-9752,1719730
2019-11-13T00:00:00.000,DODG,VN,,RED,6325MM,IL,701 N. Sacramento,(773) 265-7605,6972910
2019-11-13T00:00:00.000,DODG,VN,,WHI,,IL,701 N. Sacramento,(773) 265-7605,6972924
2019-11-13T00:00:00.000,DODG,VN,,RED,N642629,IL,10300 S. Doty,(773) 568-8495,2889597
2019-11-13T00:00:00.000,DODG,VN,,RED,AY12199,IL,701 N. Sacramento,(773) 265-7605,6972926
2019-11-13T00:00:00.000,FORD,4D,,RED,BK13057,IL,10300 S. Doty,(773) 568-8495,2889584
2019-11-13T00:00:00.000,FORD,4D,,SIL,AT85790,IL,701 N. Sacramento,(773) 265-7605,6972946
2019-11-13T00:00:00.000,FORD,LL,,DGR,BL75562,IL,10300 S. Doty,(773) 785-9752,1719732
2019-11-13T00:00:00.000,FORD,LL,,GRY,,IL,10300 S. Doty,(773) 785-9752,1719736
2019-11-13T00:00:00.000,FORD,LL,TK,DGR,BL51880,IL,10300 S. Doty,(773) 568-8495,2889585
2019-11-13T00:00:00.000,FORD,LL,,WHI,UF3885,IL,10300 S. Doty,(773) 568-8495,2889606
2019-11-13T00:00:00.000,FORD,LL,,WHI,Z777379,IL,10300 S. Doty,(773) 568-8495,2889608
2019-11-13T00:00:00.000,GMC,4D,,GRN,BA45095,IL,10300 S. Doty,(773) 568-8495,2889598
2019-11-13T00:00:00.000,GMC,LL,,SIL,H280014,IL,701 N. Sacramento,(773) 265-7605,6972965
2019-11-13T00:00:00.000,GMC,LL,,SIL,799U315,IL,10300 S. Doty,(773) 568-8495,2889613
2019-11-13T00:00:00.000,HOND,4D,,BLK,BM25733,IL,400 E. Lower Wacker,(312) 744-7550,0215710
2019-11-13T00:00:00.000,HYUN,4D,,SIL,AF94982,IL,10300 S. Doty,(773) 568-8495,2889623
2019-11-13T00:00:00.000,HYUN,4D,,BGE,ZV37532,IL,701 N. Sacramento,(773) 265-7605,6972928
2019-11-13T00:00:00.000,HYUN,LL,,SIL,AJ96962,IL,701 N. Sacramento,(773) 265-7605,6972957
2019-11-13T00:00:00.000,HYUN,LL,,BLK,,IL,701 N. Sacramento,(773) 265-7605,6972911
2019-11-13T00:00:00.000,INFI,4D,,GRY,BL86299,IL,701 N. Sacramento,(773) 265-7605,6972925
2019-11-13T00:00:00.000,INFI,4D,,BLK,742U470,IL,701 N. Sacramento,(773) 265-7605,6972915
2019-11-13T00:00:00.000,JEEP,LL,TK,GRY,BK84430,IL,701 N. Sacramento,(773) 265-7605,6972913
2019-11-13T00:00:00.000,MERC,4D,,GRN,Q703650,IL,10300 S. Doty,(773) 785-9752,1719731
2019-11-13T00:00:00.000,MERC,4T,,GRY,685U495,IL,701 N. Sacramento,(773) 265-1846,1539547
2019-11-13T00:00:00.000,MERC,LL,,GLD,AN78751,IL,701 N. Sacramento,(773) 265-7605,6972941
2019-11-13T00:00:00.000,MERZ,LL,,WHI,ZV97464,IL,701 N. Sacramento,(773) 265-7605,6972921
2019-11-13T00:00:00.000,NISS,4D,,GRY,,IL,10300 S. Doty,(773) 785-9752,1719734
2019-11-13T00:00:00.000,NISS,4D,,RED,835U481,IL,10300 S. Doty,(773) 568-8495,2889590
2019-11-13T00:00:00.000,NISS,4D,,BLK,,,10300 S. Doty,(773) 568-8495,2889614
2019-11-13T00:00:00.000,NISS,4D,,BLK,AX62014,IL,701 N. Sacramento,(773) 265-7605,6972930
2019-11-13T00:00:00.000,NISS,4D,,WHI,BK85067,IL,701 N. Sacramento,(773) 265-7605,6972969
2019-11-13T00:00:00.000,NISS,4D,,SIL,851U510,IL,701 N. Sacramento,(773) 265-7605,6972908
2019-11-13T00:00:00.000,NISS,4T,,TAN,905TVC,IN,701 N. Sacramento,(773) 265-1846,1539548
2019-11-13T00:00:00.000,NISS,LL,,BLU,BN23340,IL,701 N. Sacramento,(773) 265-7605,6972953
2019-11-13T00:00:00.000,NISS,LL,,ONG,AHK184,IN,10300 S. Doty,(773) 568-8495,2889609
2019-11-13T00:00:00.000,PONT,4D,,RED,,,10300 S. Doty,(773) 568-8495,2889624
2019-11-13T00:00:00.000,SATR,4D,,MAR,AQ70128,IL,10300 S. Doty,(773) 785-9752,1719735
2019-11-13T00:00:00.000,SATR,4D,,SIL,,,10300 S. Doty,(773) 568-8495,2889611
2019-11-13T00:00:00.000,TOYT,2D,,SIL,,IL,10300 S. Doty,(773) 568-8495,2889603
2019-11-13T00:00:00.000,TOYT,4D,,GRN,ZZ89986,IL,400 E. Lower Wacker,(312) 744-7550,0215713
2019-11-13T00:00:00.000,TOYT,4D,,WHI,BE87460,IL,701 N. Sacramento,(773) 265-7605,6972949
2019-11-13T00:00:00.000,TOYT,4D,,BGE,BL64842,IL,701 N. Sacramento,(773) 265-7605,6972904
2019-11-13T00:00:00.000,VOLK,4D,,GRY,AZ30985,IL,701 N. Sacramento,(773) 265-7605,6972922
2019-11-13T00:00:00.000,VOLK,HB,,GRY,BC36079,IL,701 N. Sacramento,(773) 265-7605,6972936
2019-11-12T00:00:00.000,ACUR,4D,,BLK,BM25627,IL,701 N. Sacramento,(773) 265-7605,6972888
2019-11-12T00:00:00.000,ACUR,LL,,SIL,,IL,701 N. Sacramento,(773) 265-1846,1539535
2019-11-12T00:00:00.000,CHEV,4D,IMP,RED,AEU9042,WI,701 N. Sacramento,(773) 265-7605,6972899
2019-11-12T00:00:00.000,CHEV,4D,,BLK,262152,IL,10300 S. Doty,(773) 568-8495,2889566
2019-11-12T00:00:00.000,CHEV,4D,,SIL,AB45564,IL,10300 S. Doty,(773) 568-8495,2889578
2019-11-12T00:00:00.000,CHEV,4D,,SIL,296984,IL,10300 S. Doty,(773) 568-8495,2889581
2019-11-12T00:00:00.000,CHEV,PK,TK,TAN,2746155B,IL,10300 S. Doty,(773) 568-8495,485376
2019-11-12T00:00:00.000,CHRY,4D,,WHI,,IL,701 N. Sacramento,(773) 265-1846,1539536
2019-11-12T00:00:00.000,CHRY,4D,,WHI,AR39445,IL,10300 S. Doty,(773) 568-8495,2889562
2019-11-12T00:00:00.000,CHRY,4T,,GRY,BU24755,IL,701 N. Sacramento,(773) 265-7605,6972875
2019-11-12T00:00:00.000,DODG,4D,,WHI,BA37700,IL,10300 S. Doty,(773) 568-8495,2889579
2019-11-12T00:00:00.000,DODG,4D,,SIL,AR30830,IL,10300 S. Doty,(773) 568-8495,2889569
2019-11-12T00:00:00.000,DODG,4D,,GRY,E412539,IL,10300 S. Doty,(773) 568-8495,2889559
2019-11-12T00:00:00.000,FORD,4D,,SIL,BA71186,IL,400 E. Lower Wacker,(312) 744-7550,0215670
2019-11-12T00:00:00.000,FORD,LL,,RED,BE84684,IL,701 N. Sacramento,(773) 265-7605,6972893
2019-11-12T00:00:00.000,FORD,PK,TK,BLU,999U539,IL,701 N. Sacramento,(773) 265-7605,6972883
2019-11-12T00:00:00.000,HYUN,LL,,RED,AK19065,IL,10300 S. Doty,(773) 568-8495,2889576
2019-11-12T00:00:00.000,LINC,4D,,GRY,594689,IL,10300 S. Doty,(773) 568-8495,2889580
2019-11-12T00:00:00.000,MITS,LL,,ONG,,IL,701 N. Sacramento,(773) 265-1846,1539537
2019-11-12T00:00:00.000,OLDS,4D,,WHI,V602666,IL,10300 S. Doty,(773) 568-8495,2889560
2019-11-12T00:00:00.000,PONT,4D,,BLK,951U304,IL,701 N. Sacramento,(773) 265-7605,6972874
2019-11-12T00:00:00.000,TOYT,4D,,BRO,,IL,701 N. Sacramento,(773) 265-7605,6972876
2019-11-12T00:00:00.000,,LL,,SIL,,,10300 S. Doty,(773) 568-8495,2889571
2019-11-11T00:00:00.000,ACUR,LL,,TAN,,IL,10300 S. Doty,(773) 568-8495,2889555
2019-11-11T00:00:00.000,BUIC,4D,,GRY,BP19206,IL,400 E. Lower Wacker,(312) 744-7550,0215606
2019-11-11T00:00:00.000,BUIC,4D,,GRY,319RBZ,IN,400 E. Lower Wacker,(312) 744-7550,0215602
2019-11-11T00:00:00.000,CADI,4D,,RED,BE78320,IL,701 N. Sacramento,(773) 265-7605,6972861
2019-11-11T00:00:00.000,CADI,4D,,SIL,,IL,10300 S. Doty,(773) 568-8495,2889529
2019-11-11T00:00:00.000,CADI,4D,,GLD,,IL,701 N. Sacramento,(773) 265-7605,6972840
2019-11-11T00:00:00.000,CHEV,4D,,RED,,IL,701 N. Sacramento,(773) 265-7605,6972852
2019-11-11T00:00:00.000,CHEV,4D,,BLK,BR71300,IL,701 N. Sacramento,(773) 265-7605,6972872
2019-11-11T00:00:00.000,CHEV,4D,,BLU,,IL,701 N. Sacramento,(773) 265-7605,6972851
2019-11-11T00:00:00.000,CHEV,4D,,BLU,,,701 N. Sacramento,(773) 265-7605,6972850
2019-11-11T00:00:00.000,CHEV,4D,,BLK,AS64058,IL,10300 S. Doty,(773) 568-8495,2889545
2019-11-11T00:00:00.000,CHEV,LL,,WHI,BP35607,IL,400 E. Lower Wacker,(312) 744-7550,0215601
2019-11-11T00:00:00.000,CHRY,4D,,BLK,AM78742,IL,10300 S. Doty,(773) 568-8495,2889547
2019-11-11T00:00:00.000,CHRY,VN,,SIL,,IL,400 E. Lower Wacker,(312) 744-7550,0215
2019-11-11T00:00:00.000,CHRY,VN,,SIL,AQ12138,IL,400 E. Lower Wacker,(312) 744-7550,0215598
2019-11-11T00:00:00.000,DODG,4D,,BLK,S815812,IL,10300 S. Doty,(773) 568-8495,2889551
2019-11-11T00:00:00.000,DODG,4D,,GRY,BQ88662,IL,701 N. Sacramento,(773) 265-7605,6972837
2019-11-11T00:00:00.000,DODG,VN,,SIL,6741121,IL,701 N. Sacramento,(773) 265-7605,6972864
2019-11-11T00:00:00.000,FORD,4D,,BLU,BN52842,IL,400 E. Lower Wacker,(312) 744-7550,0215596
2019-11-11T00:00:00.000,FORD,4D,,GRY,BM16762,IL,10300 S. Doty,(773) 568-8495,2889526
2019-11-11T00:00:00.000,FORD,4D,,BLU,,,701 N. Sacramento,(773) 265-7605,6972831
2019-11-11T00:00:00.000,FORD,4D,,BLU,S5822B,WI,10300 S. Doty,(773) 568-8495,2889539
2019-11-11T00:00:00.000,FORD,LL,,BLU,2100980B,IL,10300 S. Doty,(773) 568-8495,2889549
2019-11-11T00:00:00.000,GMC,4D,,BLK,BQ79793,IL,10300 S. Doty,(773) 568-8495,2889542
2019-11-11T00:00:00.000,HOND,4D,,BLK,BC46066,IL,400 E. Lower Wacker,(312) 744-7550,0215640
2019-11-11T00:00:00.000,HOND,4D,,GRY,BPHZ407,B1,400 E. Lower Wacker,(312) 744-7550,0215593
2019-11-11T00:00:00.000,HOND,4D,,BLK,BK58749,IL,400 E. Lower Wacker,(312) 744-7550,0215597
2019-11-11T00:00:00.000,HYUN,4D,,,AT22682,IL,10300 S. Doty,(773) 568-8495,2889534
2019-11-11T00:00:00.000,HYUN,4D,,WHI,Q904317,IL,10300 S. Doty,(773) 568-8495,2889533
2019-11-11T00:00:00.000,HYUN,LL,,BLU,BN57383,IL,701 N. Sacramento,(773) 265-7605,6972869
2019-11-11T00:00:00.000,MERC,2D,,BLK,Z863025,IL,701 N. Sacramento,(773) 265-7605,6972870
2019-11-11T00:00:00.000,MITS,LL,,RED,AD30031,IL,701 N. Sacramento,(773) 265-7605,6972830
2019-11-11T00:00:00.000,NISS,4D,,GRY,P357332,IL,701 N. Sacramento,(773) 265-7605,6972841
2019-11-11T00:00:00.000,OLDS,4D,,WHI,AX18894,IL,10300 S. Doty,(773) 568-8495,2889535
2019-11-11T00:00:00.000,PONT,4D,,MAR,AV94597,IL,10300 S. Doty,(773) 568-8495,2889538
2019-11-11T00:00:00.000,SATR,4D,,BLU,,IL,701 N. Sacramento,(773) 265-7605,6972866
2019-11-11T00:00:00.000,SUZI,4D,,WHI,E801327,IL,701 N. Sacramento,(773) 265-7605,6972838
2019-11-11T00:00:00.000,TOYT,SW,,TAN,RYC737,IL,701 N. Sacramento,(773) 265-7605,6972868
2019-11-10T00:00:00.000,CADI,4D,,WHI,Q679933,IL,10300 S. Doty,(773) 568-8495,2889518
2019-11-10T00:00:00.000,CADI,4D,,BLK,BN15369,IL,701 N. Sacramento,(773) 265-7605,6972796
2019-11-10T00:00:00.000,CHEV,2D,,RED,AY43651,IL,10300 S. Doty,(773) 568-8495,2889467
2019-11-10T00:00:00.000,CHEV,4D,,SIL,Q125472,IL,701 N. Sacramento,(773) 265-7605,6972782
2019-11-10T00:00:00.000,CHEV,4D,,TAN,AG88395,IL,701 N. Sacramento,(773) 265-7605,6972825
2019-11-10T00:00:00.000,CHEV,4D,,BLK,2284833,IL,10300 S. Doty,(773) 568-8495,2889484
2019-11-10T00:00:00.000,CHEV,4D,,GLD,AKB943,IN,10300 S. Doty,(773) 568-8495,2889517
2019-11-10T00:00:00.000,CHEV,4D,,GLD,BN45963,IL,701 N. Sacramento,(773) 265-7605,6972827
2019-11-10T00:00:00.000,CHRY,4D,,SIL,742U070,IL,701 N. Sacramento,(773) 265-7605,6972800
2019-11-10T00:00:00.000,CHRY,VN,,BLU,BP87486,IL,10300 S. Doty,(773) 568-8495,2889499
2019-11-10T00:00:00.000,DODG,LL,,RED,E929277,IL,10300 S. Doty,(773) 568-8495,2889504
2019-11-10T00:00:00.000,DODG,LL,,BLK,CNY4646,AZ,10300 S. Doty,(773) 568-8495,2889519
2019-11-10T00:00:00.000,FORD,4D,,GRY,,IL,10300 S. Doty,(773) 568-8495,2889520
2019-11-10T00:00:00.000,FORD,LL,,TAN,BU29419,IL,701 N. Sacramento,(773) 265-7605,6972822
2019-11-10T00:00:00.000,GMC,LL,,WHI,BH97865,IL,701 N. Sacramento,(773) 265-7605,6972789
2019-11-10T00:00:00.000,GMC,LL,,GRY,BF21165,IL,10300 S. Doty,(773) 568-8495,2889521
2019-11-10T00:00:00.000,HOND,4D,,BLK,Q955436,IL,701 N. Sacramento,(773) 265-7605,6972814
2019-11-10T00:00:00.000,HOND,4D,,WHI,AU22069,IL,400 E. Lower Wacker,(312) 744-7550,0215594
2019-11-10T00:00:00.000,HYUN,4D,,SIL,AP73857,IL,10300 S. Doty,(773) 568-8495,2889506
2019-11-10T00:00:00.000,ISU,LL,,TAN,E290719,IL,701 N. Sacramento,(773) 265-7605,6972809
2019-11-10T00:00:00.000,JEEP,LL,TK,BLK,FP92559,IL,701 N. Sacramento,(773) 265-7605,697277
2019-11-10T00:00:00.000,KIA,LL,,BLU,BE89678,IL,10300 S. Doty,(773) 568-8495,2889493
2019-11-10T00:00:00.000,MERC,LL,,GRY,2298011,IL,10300 S. Doty,(773) 568-8495,2889469
2019-11-10T00:00:00.000,NISS,4D,,BLK,540U466,IL,10300 S. Doty,(773) 568-8495,485359
2019-11-10T00:00:00.000,NISS,4D,,SIL,627325,IL,701 N. Sacramento,(773) 265-7605,6972787
2019-11-10T00:00:00.000,NISS,4D,,WHI,S730181,IL,400 E. Lower Wacker,(312) 744-7550,0215544
2019-11-10T00:00:00.000,NISS,4D,,WHI,124V007,IL,701 N. Sacramento,(773) 265-7605,6972802
2019-11-10T00:00:00.000,NISS,LL,TK,BLK,BV65922,IL,701 N. Sacramento,(773) 265-7605,6972791
2019-11-10T00:00:00.000,PONT,4D,,WHI,Q143645,IL,10300 S. Doty,(773) 568-8495,2889476
2019-11-10T00:00:00.000,SATR,4D,,WHI,BL50620,IL,701 N. Sacramento,(773) 265-7605,6972801
2019-11-10T00:00:00.000,TOYO,4D,,GLD,N931599,IL,10300 S. Doty,(773) 568-8495,2889491
2019-11-10T00:00:00.000,TOYT,4D,,MAR,BE25879,IL,701 N. Sacramento,(773) 265-7605,6972779
2019-11-10T00:00:00.000,TOYT,4D,,TAN,BN76905,IL,10300 S. Doty,(773) 568-8495,2889524
2019-11-10T00:00:00.000,TOYT,4D,,WHI,P496560,IL,701 N. Sacramento,(773) 265-7605,6972780
2019-11-10T00:00:00.000,TOYT,4D,,BLK,,IL,701 N. Sacramento,(773) 265-7605,6972818
2019-11-10T00:00:00.000,TOYT,4D,,SIL,L436738,IL,701 N. Sacramento,(773) 265-7605,6972819
2019-11-10T00:00:00.000,VOLK,4D,,GRY,LPF2548,TX,701 N. Sacramento,(773) 265-7605,6972821
2019-11-10T00:00:00.000,VOLK,4D,,BLK,Q314851,IL,701 N. Sacramento,(773) 265-7605,6972817
2019-11-10T00:00:00.000,VOLV,CV,,BLK,,,400 E. Lower Wacker,(312) 744-7550,0215591
2019-11-10T00:00:00.000,VW,4D,,BLK,K336047,IN,400 E. Lower Wacker,(312) 744-7550,0215581
2019-11-09T00:00:00.000,ACUR,4D,,WHI,,IL,400 E. Lower Wacker,(312) 744-7550,0215518
2019-11-09T00:00:00.000,ACUR,4D,,SIL,E205614,IL,10300 S. Doty,(773) 568-8495,2889427
2019-11-09T00:00:00.000,BMW,4D,,BLU,BF20746,IL,10300 S. Doty,(773) 568-8495,2889407
2019-11-09T00:00:00.000,BMW,4D,,BLK,BA38150,IL,10300 S. Doty,(773) 568-8495,2889411
2019-11-09T00:00:00.000,BUIC,4D,,BRZ,AP18799,IL,10300 S. Doty,(773) 568-8495,2889409
2019-11-09T00:00:00.000,BUIC,4D,,SIL,N568943,IL,701 N. Sacramento,(773) 265-7605,6972746
2019-11-09T00:00:00.000,CADI,4D,,SIL,ZX22478,IL,10300 S. Doty,(773) 568-8495,2889415
2019-11-09T00:00:00.000,CADI,4D,,BLK,1865194,IN,10300 S. Doty,(773) 568-8495,2889388
2019-11-09T00:00:00.000,CHEV,4D,,TAN,AG75766,IL,10300 S. Doty,(773) 568-8495,2889379
2019-11-09T00:00:00.000,CHEV,4D,,BLK,,IL,10300 S. Doty,(773) 568-8495,2889453
2019-11-09T00:00:00.000,CHEV,4D,,BLU,ZU15002,IL,10300 S. Doty,(773) 568-8495,2889464
2019-11-09T00:00:00.000,CHEV,4D,,GRY,BF27360,IL,10300 S. Doty,(773) 568-8495,2889423
2019-11-09T00:00:00.000,CHEV,4D,,RED,Z995748,IL,10300 S. Doty,(773) 568-8495,2889381
2019-11-09T00:00:00.000,CHEV,4D,,BLK,,IL,10300 S. Doty,(773) 568-8495,2889450
2019-11-09T00:00:00.000,CHEV,PK,,GRN,,IL,701 N. Sacramento,(773) 265-7605,6972754
2019-11-09T00:00:00.000,CHEV,PK,,WHI,2385362B,IL,10300 S. Doty,(773) 568-8495,2889393
2019-11-09T00:00:00.000,CHRY,LL,,GRY,BE89661,IL,10300 S. Doty,(773) 568-8495,2889383
2019-11-09T00:00:00.000,DODG,4D,,WHI,BB15102,IL,10300 S. Doty,(773) 568-8495,2889420
2019-11-09T00:00:00.000,DODG,LL,,WHI,,IL,701 N. Sacramento,(773) 265-7605,6972762
2019-11-09T00:00:00.000,DODG,VN,,BLU,BK19745,IL,701 N. Sacramento,(773) 265-7605,6972942
2019-11-09T00:00:00.000,DODG,VN,,GRN,BQ75392,IL,10300 S. Doty,(773) 568-8495,2889414
2019-11-09T00:00:00.000,FORD,4D,,BLK,AP69576,IL,10300 S. Doty,(773) 568-8495,2889396
2019-11-09T00:00:00.000,FORD,4D,,SIL,Z994590,IL,10300 S. Doty,(773) 568-8495,2889392
2019-11-09T00:00:00.000,FORD,4D,,GRY,BB24687,IL,10300 S. Doty,(773) 568-8495,2889397
2019-11-09T00:00:00.000,FORD,LL,,BLU,2266961B,IL,701 N. Sacramento,(773) 265-7605,6972739
2019-11-09T00:00:00.000,FORD,LL,,GRN,BN84737,IL,10300 S. Doty,(773) 568-8495,2889445
2019-11-09T00:00:00.000,FORD,LL,,WHI,BF81904,IL,10300 S. Doty,(773) 568-8495,2889382
2019-11-09T00:00:00.000,FORD,LL,,RED,974U876,IL,701 N. Sacramento,(773) 265-7605,6972751
2019-11-09T00:00:00.000,FORD,LL,,WHI,,,701 N. Sacramento,(773) 265-7605,6972750
2019-11-09T00:00:00.000,HOND,2D,,DGR,996U516,IL,10300 S. Doty,(773) 568-8495,2889408
2019-11-09T00:00:00.000,HOND,2D,,BLK,811U046,IL,701 N. Sacramento,(773) 265-7605,6972768
2019-11-09T00:00:00.000,HOND,2D,,BLK,AU82419,IL,10300 S. Doty,(773) 568-8495,2889434
2019-11-09T00:00:00.000,HOND,4D,,SIL,AK30825,IL,701 N. Sacramento,(773) 265-7605,6972740
2019-11-09T00:00:00.000,HOND,VN,,SIL,Z836402,IL,10300 S. Doty,(773) 568-8495,2889435
2019-11-09T00:00:00.000,HOND,,,WHI,,IL,701 N. Sacramento,(773) 265-7605,6972743
2019-11-09T00:00:00.000,JEEP,4D,,,AG33919,IL,701 N. Sacramento,(773) 265-7605,6972720
2019-11-09T00:00:00.000,JEEP,LL,,RED,BC79226,IL,701 N. Sacramento,(773) 265-7605,6972749
2019-11-09T00:00:00.000,JEEP,LL,,RED,BC79226,IL,701 N. Sacramento,(773) 265-7605,6972749
2019-11-09T00:00:00.000,JEEP,LL,,RED,BC79226,IL,701 N. Sacramento,(773) 265-7605,6972749
2019-11-09T00:00:00.000,JEEP,LL,,RED,BC79226,IL,701 N. Sacramento,(773) 265-7605,6972749
2019-11-09T00:00:00.000,LNDR,LL,,BLK,,,701 N. Sacramento,(773) 265-7605,6972731
2019-11-09T00:00:00.000,MERC,4D,,RED,AZZ776,IN,10300 S. Doty,(773) 568-8495,2889387
2019-11-09T00:00:00.000,MERZ,SW,,GRY,HPJ4444,NY,701 N. Sacramento,(773) 265-7605,6972725
2019-11-09T00:00:00.000,NISS,4D,,BLU,BB73480,IL,10300 S. Doty,(773) 568-8495,2889404
2019-11-09T00:00:00.000,NISS,4D,,BLK,962U723,IL,10300 S. Doty,(773) 568-8495,2889489
2019-11-09T00:00:00.000,OLDS,2D,,WHI,N763657,IL,10300 S. Doty,(773) 568-8495,2889421
2019-11-09T00:00:00.000,PONT,4D,,SIL,,IL,701 N. Sacramento,(773) 265-7605,6972752
2019-11-09T00:00:00.000,PONT,4D,,WHI,L297247,IL,701 N. Sacramento,(773) 265-7605,6972722
2019-11-09T00:00:00.000,PONT,4D,,GRN,9989458,IN,701 N. Sacramento,(773) 265-7605,6972767
2019-11-09T00:00:00.000,SATR,LL,,GRY,,IL,10300 S. Doty,(773) 568-8495,2889447
2019-11-09T00:00:00.000,TOYO,4D,,BLK,BB22726,IL,10300 S. Doty,(773) 568-8495,2889402
2019-11-09T00:00:00.000,TOYT,4D,,BLK,AV86211,IL,10300 S. Doty,(773) 568-8495,2889412
2019-11-09T00:00:00.000,TOYT,4D,,BLK,Q968441,IL,701 N. Sacramento,(773) 265-7605,6972734
2019-11-09T00:00:00.000,TOYT,LL,,BLK,AY50920,IL,10300 S. Doty,(773) 568-8495,2889456
2019-11-09T00:00:00.000,VOLK,4D,,SIL,,IL,10300 S. Doty,(773) 568-8495,2889440
2019-11-09T00:00:00.000,VOLV,4D,,GLD,BF14117,IL,10300 S. Doty,(773) 568-8495,2889395
2019-11-09T00:00:00.000,,,,,BC79226,IL,701 N. Sacramento,(773) 265-7605,6972749
2019-11-09T00:00:00.000,,,,,BC79226,IL,701 N. Sacramento,(773) 265-7605,6972749
2019-11-09T00:00:00.000,,,,,BC79226,IL,701 N. Sacramento,(773) 265-7605,6972749
2019-11-08T00:00:00.000,AUDI,4D,,BLU,,IL,10300 S. Doty,(773) 785-9752,1719726
2019-11-08T00:00:00.000,BMW,LL,,BLK,BP60802,IL,701 N. Sacramento,(773) 265-7605,6972714
2019-11-08T00:00:00.000,BUIC,4D,,TAN,506654,IL,701 N. Sacramento,(773) 265-7605,6972686
2019-11-08T00:00:00.000,BUIC,4D,,TAN,BE82725,IL,10300 S. Doty,(773) 568-8495,2889300
2019-11-08T00:00:00.000,BUIC,4D,,DBL,AG75440,IL,10300 S. Doty,(773) 568-8495,2889310
2019-11-08T00:00:00.000,BUIC,4D,,BGE,AU83302,IL,701 N. Sacramento,(773) 265-7605,6972679
2019-11-08T00:00:00.000,BUIC,4D,LES,BRO,Q512843,IL,10300 S. Doty,(773) 568-8495,2889377
2019-11-08T00:00:00.000,BUIC,LL,,WHI,Z992007,IL,10300 S. Doty,(773) 568-8495,2889355
2019-11-08T00:00:00.000,CADI,4D,,RED,,IL,10300 S. Doty,(773) 568-8495,2889335
2019-11-08T00:00:00.000,CADI,4D,,GRY,,IL,701 N. Sacramento,(773) 265-7605,6972706
2019-11-08T00:00:00.000,CHEV,4D,,GLD,BF41431,IL,701 N. Sacramento,(773) 265-7605,6972670
2019-11-08T00:00:00.000,CHEV,4D,,SIL,BF22173,IL,10300 S. Doty,(773) 568-8495,2889323
2019-11-08T00:00:00.000,CHEV,4D,,BLK,,IL,10300 S. Doty,(773) 568-8495,2889349
2019-11-08T00:00:00.000,CHEV,4D,,BLU,AH33330,IL,10300 S. Doty,(773) 568-8495,2889272
2019-11-08T00:00:00.000,CHEV,4D,,BLK,,IL,10300 S. Doty,(773) 568-8495,2889313
2019-11-08T00:00:00.000,CHEV,4D,,DGR,6248311,IL,10300 S. Doty,(773) 568-8495,2889334
2019-11-08T00:00:00.000,CHEV,LL,,BLU,AT57440,IL,10300 S. Doty,(773) 568-8495,2889306
2019-11-08T00:00:00.000,CHEV,LL,,DGR,BB21334,IL,10300 S. Doty,(773) 568-8495,2889319
2019-11-08T00:00:00.000,CHEV,LL,,WHI,957U869,IL,10300 S. Doty,(773) 568-8495,2889320
2019-11-08T00:00:00.000,CHEV,PK,,GRY,2670769,IL,10300 S. Doty,(773) 568-8495,2889369
2019-11-08T00:00:00.000,CHRY,4D,,LBL,,IL,10300 S. Doty,(773) 568-8495,2889372
2019-11-08T00:00:00.000,CHRY,4D,,BLK,,IL,701 N. Sacramento,(773) 265-1846,1539526
2019-11-08T00:00:00.000,CHRY,LL,,GLD,BF14947,IL,10300 S. Doty,(773) 568-8495,2889352
2019-11-08T00:00:00.000,CHRY,SW,,RED,AX72618,IL,10300 S. Doty,(773) 568-8495,2889295
2019-11-08T00:00:00.000,CHRY,VN,,RED,,IL,701 N. Sacramento,(773) 265-1846,1539530
2019-11-08T00:00:00.000,DODG,4D,,BLK,AD54902,IL,10300 S. Doty,(773) 568-8495,2889350
2019-11-08T00:00:00.000,DODG,4D,,BLK,AD69826,IL,10300 S. Doty,(773) 568-8495,2889340
2019-11-08T00:00:00.000,DODG,LL,,TAN,AZ20358,IL,10300 S. Doty,(773) 568-8495,2889362
2019-11-08T00:00:00.000,DODG,PK,,TAN,HW5571,NC,701 N. Sacramento,(773) 265-7605,6972695
2019-11-08T00:00:00.000,DODG,VN,,DBL,,IL,701 N. Sacramento,(773) 265-7605,6972710
2019-11-08T00:00:00.000,DODG,VN,,DBL,BE77953,IL,701 N. Sacramento,(773) 265-7605,6972701
2019-11-08T00:00:00.000,DODG,VN,,TRQ,S230333,IL,701 N. Sacramento,(773) 265-1846,1539527
2019-11-08T00:00:00.000,FORD,2D,,BLK,,IL,701 N. Sacramento,(773) 265-7605,6972700
2019-11-08T00:00:00.000,FORD,4D,,GRN,,IL,10300 S. Doty,(773) 568-8495,2889343
2019-11-08T00:00:00.000,FORD,LL,,GRY,,,701 N. Sacramento,(773) 265-7605,6972678
2019-11-08T00:00:00.000,FORD,LL,,LBL,424889,IL,10300 S. Doty,(773) 568-8495,2889288
2019-11-08T00:00:00.000,FORD,LL,,BLU,V615466,IL,10300 S. Doty,(773) 568-8495,2889287
2019-11-08T00:00:00.000,FORD,LL,,RED,BE22789,IL,701 N. Sacramento,(773) 265-7605,6972699
2019-11-08T00:00:00.000,FORD,LL,,BLU,BM12655,IL,701 N. Sacramento,(773) 265-7605,6972698
2019-11-08T00:00:00.000,FORD,LL,,BLU,2605289,IL,10300 S. Doty,(773) 568-8495,2889277
2019-11-08T00:00:00.000,FORD,SD,,RED,,IL,701 N. Sacramento,(773) 265-1846,1539532
2019-11-08T00:00:00.000,GMC,LL,,BLK,BN75243,IL,10300 S. Doty,(773) 568-8495,2889328
2019-11-08T00:00:00.000,GMC,LL,,BLU,,IL,10300 S. Doty,(773) 568-8495,2889357
2019-11-08T00:00:00.000,HOND,2D,,LBL,BF42161,IL,10300 S. Doty,(773) 568-8495,2889297
2019-11-08T00:00:00.000,HOND,4D,,RED,AD76045,IL,10300 S. Doty,(773) 568-8495,2889338
2019-11-08T00:00:00.000,HOND,LL,,RED,AY91627,IL,10300 S. Doty,(773) 568-8495,2889291
2019-11-08T00:00:00.000,HOND,MC,,WHI,ET7018,IL,10300 S. Doty,(773) 785-9752,1719727
2019-11-08T00:00:00.000,INFI,4D,,SIL,BN72912,IL,10300 S. Doty,(773) 568-8495,2889197
2019-11-08T00:00:00.000,JEEP,4D,,DBL,BP26474,IL,10300 S. Doty,(773) 568-8495,485339
2019-11-08T00:00:00.000,JEEP,LL,,YEL,,IL,701 N. Sacramento,(773) 265-1846,1539533
2019-11-08T00:00:00.000,JEEP,LL,TK,BLK,689320,IL,701 N. Sacramento,(773) 265-7605,6972672
2019-11-08T00:00:00.000,LINC,4D,,BLK,149TXS,IN,10300 S. Doty,(773) 568-8495,2889311
2019-11-08T00:00:00.000,LINC,LL,,SIL,AW25288,IL,701 N. Sacramento,(773) 265-7605,6972694
2019-11-08T00:00:00.000,MAZD,4D,,WHI,AH86583,IL,10300 S. Doty,(773) 568-8495,2889302
2019-11-08T00:00:00.000,MAZD,LL,,SIL,,IL,10300 S. Doty,(773) 568-8495,2889327
2019-11-08T00:00:00.000,MAZD,LL,,GRY,AD51516,IL,10300 S. Doty,(773) 568-8495,2889333
2019-11-08T00:00:00.000,MERC,2D,,GRY,00236284,IL,10300 S. Doty,(773) 568-8495,2889373
2019-11-08T00:00:00.000,MERC,4D,,WHI,812591,IL,10300 S. Doty,(773) 568-8495,2889312
2019-11-08T00:00:00.000,MERZ,LL,,BLK,AP35827,IL,10300 S. Doty,(773) 568-8495,2889341
2019-11-08T00:00:00.000,NISS,4D,,SIL,,IL,10300 S. Doty,(773) 568-8495,2889342
2019-11-08T00:00:00.000,NISS,4D,,TAN,BA39956,IL,10300 S. Doty,(773) 568-8495,2889292
2019-11-08T00:00:00.000,NISS,4D,,RED,JWJ5866,PA,701 N. Sacramento,(773) 265-1846,1539528
2019-11-08T00:00:00.000,NISS,LL,,SIL,BD23295,IL,10300 S. Doty,(773) 568-8495,2889336
2019-11-08T00:00:00.000,NISS,LL,,BLK,K749698,IL,10300 S. Doty,(773) 568-8495,2889308
2019-11-08T00:00:00.000,PONT,4D,,BGE,BF23076,IL,10300 S. Doty,(773) 568-8495,2889351
2019-11-08T00:00:00.000,PONT,4D,,TAN,BM29615,IL,10300 S. Doty,(773) 568-8495,2889290
2019-11-08T00:00:00.000,PONT,4D,,BLK,S912923,IL,10300 S. Doty,(773) 568-8495,2889364
2019-11-08T00:00:00.000,PONT,4D,,BLU,BF24570,IL,701 N. Sacramento,(773) 265-7605,6972703
2019-11-08T00:00:00.000,PONT,4D,,RED,Q716030,IL,10300 S. Doty,(773) 568-8495,2889279
2019-11-08T00:00:00.000,SCIO,2D,,BLK,AD76837,IL,701 N. Sacramento,(773) 265-7605,6972704
2019-11-08T00:00:00.000,SUBA,4D,,GRN,Q616707,IL,10300 S. Doty,(773) 568-8495,2889296
2019-11-08T00:00:00.000,TOYO,4D,,GRN,341675,IL,10300 S. Doty,(773) 568-8495,2889282
2019-11-08T00:00:00.000,TOYT,4D,,GRY,1446475,IL,10300 S. Doty,(773) 785-9752,1719725
2019-11-08T00:00:00.000,TOYT,LL,TK,GRY,4559993,IL,701 N. Sacramento,(773) 265-7605,6972713
2019-11-08T00:00:00.000,VOLV,4D,,BLK,AV78109,IL,10300 S. Doty,(773) 568-8495,2889344
2019-11-08T00:00:00.000,,,,BLK,,IL,701 N. Sacramento,(773) 265-1846,1539531
2019-11-07T00:00:00.000,ACUR,2D,,SIL,A417287,IL,701 N. Sacramento,(773) 265-1846,1539522
2019-11-07T00:00:00.000,AUDI,4D,,SIL,V208616,IL,10300 S. Doty,(773) 568-8495,2889238
2019-11-07T00:00:00.000,BUIC,4D,,GRN,,IL,701 N. Sacramento,(773) 265-7605,6972632
2019-11-07T00:00:00.000,CADI,4D,,RED,460054D,IL,10300 S. Doty,(773) 568-8495,2889276
2019-11-07T00:00:00.000,CHEV,4D,,RED,AP69656,IL,10300 S. Doty,(773) 568-8495,2889203
2019-11-07T00:00:00.000,CHEV,4D,,MAR,BU69630,IL,10300 S. Doty,(773) 568-8495,2889261
2019-11-07T00:00:00.000,CHEV,4D,,SIL,BE49497,IL,701 N. Sacramento,(773) 265-7605,6972615
2019-11-07T00:00:00.000,CHEV,4D,,GLD,BR87233,IL,701 N. Sacramento,(773) 265-7605,6972664
2019-11-07T00:00:00.000,CHEV,4D,,DBL,AQ42322,IL,10300 S. Doty,(773) 568-8495,2889047
2019-11-07T00:00:00.000,CHEV,4D,,BLU,WM3Z7E,MO,701 N. Sacramento,(773) 265-7605,6972648
2019-11-07T00:00:00.000,CHEV,4D,,TAN,Q927684,IL,10300 S. Doty,(773) 568-8495,2889247
2019-11-07T00:00:00.000,CHEV,4D,,YEL,BA27303,IL,10300 S. Doty,(773) 568-8495,2889180
2019-11-07T00:00:00.000,CHEV,4D,,SIL,AV90616,IL,10300 S. Doty,(773) 568-8495,2889177
2019-11-07T00:00:00.000,CHEV,4D,,BLK,BF29203,IL,10300 S. Doty,(773) 568-8495,2889183
2019-11-07T00:00:00.000,CHEV,4D,,SIL,BB23195,IL,10300 S. Doty,(773) 568-8495,2889174
2019-11-07T00:00:00.000,CHEV,4D,,TAN,BF27850,IL,10300 S. Doty,(773) 568-8495,2889187
2019-11-07T00:00:00.000,CHEV,4D,,RED,ZV90174,IL,10300 S. Doty,(773) 568-8495,2889212
2019-11-07T00:00:00.000,CHEV,LL,,SIL,ZX24171,IL,10300 S. Doty,(773) 568-8495,2889244
2019-11-07T00:00:00.000,CHEV,LL,,GRY,BF24390,IL,701 N. Sacramento,(773) 265-7605,6972636
2019-11-07T00:00:00.000,CHEV,LL,,BLK,AQ73333,IL,701 N. Sacramento,(773) 265-7605,6972637
2019-11-07T00:00:00.000,CHEV,LL,,BLK,Q688284,IL,701 N. Sacramento,(773) 265-7605,6972662
2019-11-07T00:00:00.000,CHRY,4D,,GLD,BE85274,IL,10300 S. Doty,(773) 568-8495,2889184
2019-11-07T00:00:00.000,CHRY,VN,TK,BLU,,IL,10300 S. Doty,(773) 568-8495,2889271
2019-11-07T00:00:00.000,DODG,2D,,WHI,BM54458,IL,701 N. Sacramento,(773) 265-7605,6972654
2019-11-07T00:00:00.000,DODG,4D,,GRY,ZX25749,IL,10300 S. Doty,(773) 568-8495,2889246
2019-11-07T00:00:00.000,DODG,4D,,SIL,798U561,IL,10300 S. Doty,(773) 568-8495,2889235
2019-11-07T00:00:00.000,DODG,4D,,SIL,AS92413,IL,701 N. Sacramento,(773) 265-7605,6972658
2019-11-07T00:00:00.000,DODG,LL,,SIL,BN75253,IL,10300 S. Doty,(773) 568-8495,2889257
2019-11-07T00:00:00.000,DODG,LL,,SIL,AV90478,IL,10300 S. Doty,(773) 568-8495,2889213
2019-11-07T00:00:00.000,DODG,VN,R15,WHI,BL83347,IL,701 N. Sacramento,(773) 265-7605,6972644
2019-11-07T00:00:00.000,DODG,VN,,WHI,BH21251,IL,701 N. Sacramento,(773) 265-7605,6972666
2019-11-07T00:00:00.000,FORD,4D,,BLK,AP34110,IL,10300 S. Doty,(773) 568-8495,2889266
2019-11-07T00:00:00.000,FORD,4D,,WHI,997989,IL,10300 S. Doty,(773) 568-8495,2889173
2019-11-07T00:00:00.000,FORD,4D,,WHI,AV93597,IL,10300 S. Doty,(773) 568-8495,2889285
2019-11-07T00:00:00.000,FORD,LL,,GRY,,IL,10300 S. Doty,(773) 568-8495,2889253
2019-11-07T00:00:00.000,FORD,LL,,TAN,2165984B,IL,10300 S. Doty,(773) 568-8495,2889179
2019-11-07T00:00:00.000,FORD,LL,,SIL,BL92422,IL,10300 S. Doty,(773) 568-8495,2889182
2019-11-07T00:00:00.000,FORD,LL,,SIL,BN81312,IL,10300 S. Doty,(773) 568-8495,2889259
2019-11-07T00:00:00.000,FORD,LL,TK,GRY,BA44134,IL,10300 S. Doty,(773) 568-8495,2889170
2019-11-07T00:00:00.000,FRHT,LL,,WHI,,IL,701 N. Sacramento,(773) 265-1846,1539524
2019-11-07T00:00:00.000,GMC,4D,,MAR,Q621417,IL,10300 S. Doty,(773) 568-8495,2889218
2019-11-07T00:00:00.000,HOND,4D,,RED,BF20991,IL,10300 S. Doty,(773) 568-8495,2889262
2019-11-07T00:00:00.000,HOND,4D,,SIL,797U566,IL,701 N. Sacramento,(773) 265-7605,6972657
2019-11-07T00:00:00.000,HOND,4D,,BGE,BW47200,IL,10300 S. Doty,(773) 568-8495,2889175
2019-11-07T00:00:00.000,HOND,4D,,BLU,,IL,701 N. Sacramento,(773) 265-7605,6972630
2019-11-07T00:00:00.000,HOND,LL,,TAN,BB14622,IL,10300 S. Doty,(773) 568-8495,2889256
2019-11-07T00:00:00.000,HOND,VN,,RED,Q831531,IL,10300 S. Doty,(773) 568-8495,2889251
2019-11-07T00:00:00.000,HYUN,4D,,RED,AV78545,IL,10300 S. Doty,(773) 568-8495,2889195
2019-11-07T00:00:00.000,HYUN,4D,,GRY,BF14175,IL,10300 S. Doty,(773) 568-8495,2889206
2019-11-07T00:00:00.000,HYUN,4D,,BLK,D99154,TN,701 N. Sacramento,(773) 265-7605,6972665
2019-11-07T00:00:00.000,HYUN,4D,,WHI,AP20636,IL,10300 S. Doty,(773) 568-8495,2889236
2019-11-07T00:00:00.000,HYUN,LL,TK,SIL,487477,IL,701 N. Sacramento,(773) 265-7605,6972614
2019-11-07T00:00:00.000,HYUN,LL,,GLD,AP20648,IL,10300 S. Doty,(773) 568-8495,2889248
2019-11-07T00:00:00.000,HYUN,LL,,SIL,BA47957,IL,10300 S. Doty,(773) 568-8495,2889260
2019-11-07T00:00:00.000,INFI,2D,,GRY,7A306FF,IL,701 N. Sacramento,(773) 265-7605,485317
2019-11-07T00:00:00.000,INFI,4D,,GRY,BG54471,IL,701 N. Sacramento,(773) 265-7605,6972634
2019-11-07T00:00:00.000,JEEP,LL,,BLK,ZU62593,IL,10300 S. Doty,(773) 568-8495,2889215
2019-11-07T00:00:00.000,KIA,4D,,GRY,Q939537,IL,10300 S. Doty,(773) 568-8495,2889046
2019-11-07T00:00:00.000,KIA,VN,,DBL,BM22350,IL,701 N. Sacramento,(773) 265-7605,6972660
2019-11-07T00:00:00.000,LEXS,4D,,TAN,AP17851,IL,10300 S. Doty,(773) 568-8495,2889239
2019-11-07T00:00:00.000,LINC,4D,,GRY,,IL,701 N. Sacramento,(773) 265-1846,1539523
2019-11-07T00:00:00.000,LINC,4D,,BGE,,IL,701 N. Sacramento,(773) 265-7605,6972621
2019-11-07T00:00:00.000,MERC,4D,,TAN,,,10300 S. Doty,(773) 568-8495,2889201
2019-11-07T00:00:00.000,MERC,LL,,SIL,,IL,10300 S. Doty,(773) 568-8495,2889221
2019-11-07T00:00:00.000,MERC,LL,,WHI,,IL,10300 S. Doty,(773) 785-9752,1719723
2019-11-07T00:00:00.000,MERC,LL,,GRY,BQ42698,IL,10300 S. Doty,(773) 785-9752,1719722
2019-11-07T00:00:00.000,MITS,4D,,WHI,,,701 N. Sacramento,(773) 265-7605,6972619
2019-11-07T00:00:00.000,MITS,4D,,GRY,BL85525,IL,701 N. Sacramento,(773) 265-7605,6972631
2019-11-07T00:00:00.000,MITS,LL,,GRY,AQ40976,IL,10300 S. Doty,(773) 568-8495,2889198
2019-11-07T00:00:00.000,NISS,4D,,BLK,BH95080,IL,10300 S. Doty,(773) 568-8495,2889224
2019-11-07T00:00:00.000,NISS,4D,,WHI,,IL,10300 S. Doty,(773) 568-8495,2889240
2019-11-07T00:00:00.000,NISS,4D,,SIL,ZU30222,IL,10300 S. Doty,(773) 568-8495,2889210
2019-11-07T00:00:00.000,NISS,4D,,BLU,V858538,IL,701 N. Sacramento,(773) 265-1846,1539519
2019-11-07T00:00:00.000,NISS,LL,TK,BLK,BP43668,IL,701 N. Sacramento,(773) 265-7605,6972646
2019-11-07T00:00:00.000,NISS,LL,,SIL,BA43167,IL,701 N. Sacramento,(773) 265-7605,6972628
2019-11-07T00:00:00.000,NISS,LL,,BLK,BF25814,IL,701 N. Sacramento,(773) 265-7605,6972635
2019-11-07T00:00:00.000,OLDS,4D,,BLK,BR71299,IL,701 N. Sacramento,(773) 265-7605,6972661
2019-11-07T00:00:00.000,PONT,4D,,SIL,BD22901,IL,10300 S. Doty,(773) 568-8495,2889176
2019-11-07T00:00:00.000,PONT,4D,,GRY,BF32472,IL,701 N. Sacramento,(773) 265-7605,6972624
2019-11-07T00:00:00.000,PONT,4D,,TAN,AX18466,IL,10300 S. Doty,(773) 568-8495,2889232
2019-11-07T00:00:00.000,PONT,4D,,SIL,AF65767,IL,10300 S. Doty,(773) 568-8495,2889234
2019-11-07T00:00:00.000,PONT,4D,,BLK,,IL,10300 S. Doty,(773) 568-8495,2889264
2019-11-07T00:00:00.000,PONT,4D,,RED,,IL,10300 S. Doty,(773) 568-8495,2889225
2019-11-07T00:00:00.000,SATR,4D,,GRY,9889476,IN,701 N. Sacramento,(773) 265-7605,6972667
2019-11-07T00:00:00.000,SATR,4D,,BLK,,,10300 S. Doty,(773) 568-8495,2889268
2019-11-07T00:00:00.000,TOYT,4D,,GRN,Z88655,IL,10300 S. Doty,(773) 568-8495,2889191
2019-11-07T00:00:00.000,TOYT,4D,,GRY,HRC3634,OH,Chicago O'hare International Airport remote lot E.,(312) 746-6350,416234
2019-11-07T00:00:00.000,VOLV,4D,,BLK,K685509,IN,10300 S. Doty,(773) 785-9752,1719720
2019-11-07T00:00:00.000,VOLV,4D,,BLK,K685509,IN,10300 S. Doty,(773) 785-9752,1719720
2019-11-07T00:00:00.000,,SE,,BLK,,IL,701 N. Sacramento,(773) 265-1846,1539525
2019-11-06T00:00:00.000,ACUR,4D,,RED,BF29261,IL,10300 S. Doty,(773) 568-8495,2889075
2019-11-06T00:00:00.000,ACUR,4D,,BLK,209TLS,IL,701 N. Sacramento,(773) 265-7605,6972549
2019-11-06T00:00:00.000,AUDI,4D,,BLK,L209841,IL,10300 S. Doty,(773) 568-8495,2889153
2019-11-06T00:00:00.000,BMW,LL,,WHI,AX59434,IL,10300 S. Doty,(773) 568-8495,2889122
2019-11-06T00:00:00.000,BMW,LL,,GRN,BK14076,IL,701 N. Sacramento,(773) 265-7605,6972555
2019-11-06T00:00:00.000,BUIC,4D,,MAR,AP34203,IL,701 N. Sacramento,(773) 265-7605,6972607
2019-11-06T00:00:00.000,BUIC,4D,,TAN,BB28646,IL,10300 S. Doty,(773) 568-8495,2889157
2019-11-06T00:00:00.000,BUIC,4D,,GRN,BB21182,IL,10300 S. Doty,(773) 568-8495,2889133
2019-11-06T00:00:00.000,BUIC,4D,,GLD,BG20655,IL,701 N. Sacramento,(773) 265-7605,6972577
2019-11-06T00:00:00.000,BUIC,LL,,TAN,976072,IL,701 N. Sacramento,(773) 265-7605,6972559
2019-11-06T00:00:00.000,CADI,4D,,GRY,BN83534,IL,10300 S. Doty,(773) 568-8495,2889070
2019-11-06T00:00:00.000,CADI,4D,,BLK,Q919196,IL,10300 S. Doty,(773) 568-8495,2889083
2019-11-06T00:00:00.000,CADI,4D,,GRN,AH38346,IL,701 N. Sacramento,(773) 265-7605,6972592
2019-11-06T00:00:00.000,CADI,4D,,BLK,,IL,10300 S. Doty,(773) 568-8495,2889148
2019-11-06T00:00:00.000,CADI,4D,,BLK,AX30442,IL,10300 S. Doty,(773) 568-8495,2889069
2019-11-06T00:00:00.000,CHEV,4D,,WHI,BH96803,IL,10300 S. Doty,(773) 568-8495,2889061
2019-11-06T00:00:00.000,CHEV,4D,,GRY,BF26998,IL,701 N. Sacramento,(773) 265-7605,6972567
2019-11-06T00:00:00.000,CHEV,4D,,SIL,BE89620,IL,10300 S. Doty,(773) 568-8495,2889096
2019-11-06T00:00:00.000,CHEV,4D,,BLK,AP18278,IL,10300 S. Doty,(773) 568-8495,2889100
2019-11-06T00:00:00.000,CHEV,LL,,TAN,,IL,10300 S. Doty,(773) 568-8495,2889118
2019-11-06T00:00:00.000,CHEV,LL,,TAN,,IL,701 N. Sacramento,(773) 265-7605,6972560
2019-11-06T00:00:00.000,CHEV,LL,,BLK,AX92976,IL,10300 S. Doty,(773) 568-8495,2889131
2019-11-06T00:00:00.000,CHEV,LL,,TAN,,,10300 S. Doty,(773) 568-8495,2889164
2019-11-06T00:00:00.000,CHEV,LL,,GRY,,IL,10300 S. Doty,(773) 785-9752,1719718
2019-11-06T00:00:00.000,CHEV,LL,,WHI,Z152010,IL,701 N. Sacramento,(773) 265-7605,6972588
2019-11-06T00:00:00.000,CHEV,LL,,BLK,BF33640,IL,701 N. Sacramento,(773) 265-7605,6972583
2019-11-06T00:00:00.000,CHEV,LL,,GRY,AFS7182,WI,701 N. Sacramento,(773) 265-7605,6972603
2019-11-06T00:00:00.000,CHEV,PK,,WHI,,IL,701 N. Sacramento,(773) 265-7605,6972589
2019-11-06T00:00:00.000,CHEV,PK,,BLK,,IL,701 N. Sacramento,(773) 265-7605,6972585
2019-11-06T00:00:00.000,CHEV,VN,,WHI,BA41428,IL,10300 S. Doty,(773) 568-8495,2889072
2019-11-06T00:00:00.000,CHRY,VN,,SIL,AY51225,IL,10300 S. Doty,(773) 568-8495,2889066
2019-11-06T00:00:00.000,DODG,4D,,SIL,ZU65241,IL,10300 S. Doty,(773) 568-8495,2889077
2019-11-06T00:00:00.000,FIAT,2D,,BLK,JQSD13,FL,701 N. Sacramento,(773) 265-7605,6972569
2019-11-06T00:00:00.000,FORD,4D,,GRY,V882299,IL,10300 S. Doty,(773) 568-8495,2889102
2019-11-06T00:00:00.000,FORD,4D,,TAN,,IL,701 N. Sacramento,(773) 265-7605,6972570
2019-11-06T00:00:00.000,FORD,4D,,SIL,BE74664,IL,10300 S. Doty,(773) 568-8495,2889109
2019-11-06T00:00:00.000,FORD,4D,,SIL,BE25900,IL,10300 S. Doty,(773) 568-8495,2889063
2019-11-06T00:00:00.000,FORD,4D,,GLD,BG74531,IL,701 N. Sacramento,(773) 265-7605,6972591
2019-11-06T00:00:00.000,FORD,LL,,ONG,KPH5851,TX,701 N. Sacramento,(773) 265-7605,6972600
2019-11-06T00:00:00.000,FORD,LL,,TRQ,AP69369,IL,10300 S. Doty,(773) 568-8495,2889129
2019-11-06T00:00:00.000,FORD,PK,,GRY,1691992B,IL,701 N. Sacramento,(773) 265-7605,6972565
2019-11-06T00:00:00.000,FORD,VN,,LBL,BE99925,IL,10300 S. Doty,(773) 568-8495,2889128
2019-11-06T00:00:00.000,HOND,4D,,BLK,BF29653,IL,10300 S. Doty,(773) 785-9752,1719719
2019-11-06T00:00:00.000,HOND,4D,,BLK,AZ44540,IL,701 N. Sacramento,(773) 265-7605,6972608
2019-11-06T00:00:00.000,HOND,4D,,SIL,BF23025,IL,10300 S. Doty,(773) 568-8495,2889150
2019-11-06T00:00:00.000,HOND,LL,,RED,696ZSR,WI,10300 S. Doty,(773) 568-8495,2889136
2019-11-06T00:00:00.000,HYUN,4D,,WHI,BE25068,IL,701 N. Sacramento,(773) 265-7605,6972552
2019-11-06T00:00:00.000,HYUN,4D,,BLK,,,10300 S. Doty,(773) 568-8495,2889115
2019-11-06T00:00:00.000,HYUN,4D,,BLK,AV55932,IL,10300 S. Doty,(773) 568-8495,2889105
2019-11-06T00:00:00.000,INFI,4D,,TAN,379459,IL,10300 S. Doty,(773) 568-8495,2889135
2019-11-06T00:00:00.000,JEEP,4D,,BLU,AV15260,IL,10300 S. Doty,(773) 568-8495,2889110
2019-11-06T00:00:00.000,JEEP,LL,,GRN,AD70228,IL,10300 S. Doty,(773) 785-9752,1719717
2019-11-06T00:00:00.000,KIA,4D,,BLK,BN93389,IL,10300 S. Doty,(773) 568-8495,2889097
2019-11-06T00:00:00.000,KIA,4D,,GRY,E524927,IL,10300 S. Doty,(773) 568-8495,2889146
2019-11-06T00:00:00.000,KIA,LL,,BLK,S802711,IL,10300 S. Doty,(773) 568-8495,2889125
2019-11-06T00:00:00.000,LEXS,4D,,SIL,BE12994,IL,701 N. Sacramento,(773) 265-7605,6972561
2019-11-06T00:00:00.000,LEXS,4D,,WHI,Y746760,IL,10300 S. Doty,(773) 568-8495,2889117
2019-11-06T00:00:00.000,LEXS,LL,,BLK,AT82155,IL,10300 S. Doty,(773) 568-8495,2889137
2019-11-06T00:00:00.000,LICH,4D,,SIL,BB87369,IL,701 N. Sacramento,(773) 265-7605,6972566
2019-11-06T00:00:00.000,LINC,4D,,RED,AU28807,IL,10300 S. Doty,(773) 568-8495,2889076
2019-11-06T00:00:00.000,MAZD,4D,,DBL,AP37826,IL,10300 S. Doty,(773) 568-8495,2889143
2019-11-06T00:00:00.000,MAZD,4D,,GRY,,IL,10300 S. Doty,(773) 568-8495,2889142
2019-11-06T00:00:00.000,MAZD,4D,,SIL,BE78772,IL,10300 S. Doty,(773) 568-8495,2889103
2019-11-06T00:00:00.000,MAZD,VN,TK,SIL,Z968747,IL,10300 S. Doty,(773) 568-8495,2889172
2019-11-06T00:00:00.000,MERC,4D,,SIL,,IL,10300 S. Doty,(773) 568-8495,2889089
2019-11-06T00:00:00.000,MITS,4D,,RED,AD73537,IL,10300 S. Doty,(773) 568-8495,2889087
2019-11-06T00:00:00.000,NISS,4D,,RED,BK76350,IL,10300 S. Doty,(773) 568-8495,2889121
2019-11-06T00:00:00.000,NISS,4D,,SIL,AM94806,IL,10300 S. Doty,(773) 568-8495,2889112
2019-11-06T00:00:00.000,NISS,4D,,BLU,BQ43062,IL,10300 S. Doty,(773) 568-8495,2889074
2019-11-06T00:00:00.000,NISS,4D,,TAN,AM56395,IL,10300 S. Doty,(773) 568-8495,2889073
2019-11-06T00:00:00.000,PONT,4D,,GRY,BR39140,IL,400 E. Lower Wacker,(312) 744-7550,0215362
2019-11-06T00:00:00.000,PONT,4D,,ONG,BF21352,IL,10300 S. Doty,(773) 568-8495,2889155
2019-11-06T00:00:00.000,PONT,4D,,WHI,BF32208,IL,10300 S. Doty,(773) 568-8495,2889130
2019-11-06T00:00:00.000,SATR,4D,,WHI,AT84436,IL,10300 S. Doty,(773) 568-8495,2889165
2019-11-06T00:00:00.000,SATR,4D,,GRY,BE25979,IL,701 N. Sacramento,(773) 265-7605,485302
2019-11-06T00:00:00.000,SATR,4D,,SIL,BN71804,IL,10300 S. Doty,(773) 568-8495,2889098
2019-11-06T00:00:00.000,SATR,4D,,GRN,BH19399,IL,10300 S. Doty,(773) 568-8495,2889162
2019-11-06T00:00:00.000,SUBA,4D,,GRN,G591539,IL,701 N. Sacramento,(773) 265-1846,1539517
2019-11-06T00:00:00.000,SUZI,4D,,SIL,H117480,IL,10300 S. Doty,(773) 568-8495,2889080
2019-11-06T00:00:00.000,TOYT,4D,,TAN,AX94514,IL,701 N. Sacramento,(773) 265-7605,6972609
2019-11-06T00:00:00.000,TOYT,4D,,BRO,BA38756,IL,701 N. Sacramento,(773) 265-7605,6972564
2019-11-06T00:00:00.000,TOYT,VN,,WHI,AQ75653,IL,10300 S. Doty,(773) 568-8495,2889065
2019-11-06T00:00:00.000,TOYT,VN,,GLD,00231403,IL,10300 S. Doty,(773) 568-8495,2889094
2019-11-06T00:00:00.000,VOLK,4D,,LBL,,IL,701 N. Sacramento,(773) 265-7605,6972598
2019-11-06T00:00:00.000,VOLK,4D,,SIL,BN68779,IL,10300 S. Doty,(773) 568-8495,2889086
2019-11-06T00:00:00.000,VOLK,4D,,BLK,BH79283,IL,400 E. Lower Wacker,(312) 744-7550,0215338
2019-11-06T00:00:00.000,VOLK,4D,,MAR,AV94368,IL,10300 S. Doty,(773) 568-8495,2889158
2019-11-05T00:00:00.000,ACUR,4D,,SIL,212512,IL,10300 S. Doty,(773) 568-8495,2889004
2019-11-05T00:00:00.000,AUDI,4D,,BLK,BL94822,IL,10300 S. Doty,(773) 568-8495,2889064
2019-11-05T00:00:00.000,BUIC,4D,,WHI,AV94386,IL,10300 S. Doty,(773) 568-8495,2889019
2019-11-05T00:00:00.000,BUIC,4D,,RED,BF26118,IL,10300 S. Doty,(773) 568-8495,2889026
2019-11-05T00:00:00.000,BUIC,4D,,GRY,,IN,701 N. Sacramento,(773) 265-7605,6972548
2019-11-05T00:00:00.000,CARG,EB,,WHI,7601NX,IL,10300 S. Doty,(773) 568-8495,2888978
2019-11-05T00:00:00.000,CHEV,2D,,SIL,BM25448,IL,10300 S. Doty,(773) 568-8495,2888997
2019-11-05T00:00:00.000,CHEV,2D,,RED,9335985,IL,10300 S. Doty,(773) 568-8495,2888995
2019-11-05T00:00:00.000,CHEV,4D,,BLK,BB25895,IL,Chicago O'hare International Airport remote lot E.,(312) 746-6350,416224
2019-11-05T00:00:00.000,CHEV,4D,,TAN,FIR315,IA,10300 S. Doty,(773) 568-8495,2889015
2019-11-05T00:00:00.000,CHEV,4D,,BLK,,,10300 S. Doty,(773) 568-8495,2889050
2019-11-05T00:00:00.000,CHEV,4D,,BLK,AC79373,IL,10300 S. Doty,(773) 568-8495,2889006
2019-11-05T00:00:00.000,CHEV,4D,,GRY,BB11865,IL,10300 S. Doty,(773) 568-8495,2889024
2019-11-05T00:00:00.000,CHEV,4D,IMP,SIL,765669,IL,Chicago O'hare International Airport remote lot E.,(312) 746-6350,416223
2019-11-05T00:00:00.000,CHEV,LL,,GRY,AX21705,IL,10300 S. Doty,(773) 568-8495,2888954
2019-11-05T00:00:00.000,CHEV,VN,,WHI,87173FF,IL,701 N. Sacramento,(773) 265-1846,1539513
2019-11-05T00:00:00.000,CHRY,4D,,TAN,Z712854,IL,Chicago O'hare International Airport remote lot E.,(312) 746-6350,416225
2019-11-05T00:00:00.000,CHRY,LL,,BLK,BN75435,IL,10300 S. Doty,(773) 568-8495,2889052
2019-11-05T00:00:00.000,DODG,4D,,WHI,N658794,IL,10300 S. Doty,(773) 568-8495,2889007
2019-11-05T00:00:00.000,DODG,LL,,BLK,AU59417,IL,Chicago O'hare International Airport remote lot E.,(312) 746-6350,416226
2019-11-05T00:00:00.000,DODG,LL,,SIL,,IL,10300 S. Doty,(773) 785-9752,1719713
2019-11-05T00:00:00.000,DODG,LL,,GRY,BB26242,IL,10300 S. Doty,(773) 568-8495,2889018
2019-11-05T00:00:00.000,DODG,VC,,RED,BC35737,IL,10300 S. Doty,(773) 568-8495,2889000
2019-11-05T00:00:00.000,DODG,VC,,MAR,,,701 N. Sacramento,(773) 265-7605,6972511
2019-11-05T00:00:00.000,DODG,VN,TK,RED,6420489,IL,10300 S. Doty,(773) 568-8495,2889001
2019-11-05T00:00:00.000,FORD,4D,,GRN,AT97230,IL,10300 S. Doty,(773) 568-8495,2889016
2019-11-05T00:00:00.000,FORD,4D,,RED,AK61032,IL,Chicago O'hare International Airport remote lot E.,(312) 746-6350,416228
2019-11-05T00:00:00.000,FORD,4D,,WHI,529U787,IL,10300 S. Doty,(773) 568-8495,2889003
2019-11-05T00:00:00.000,FORD,4D,,GLD,Z455615,IL,10300 S. Doty,(773) 568-8495,2888992
2019-11-05T00:00:00.000,FORD,4D,,BRZ,BF21230,IL,10300 S. Doty,(773) 568-8495,2889035
2019-11-05T00:00:00.000,FORD,LL,,BRO,AN27474,IL,10300 S. Doty,(773) 568-8495,2889017
2019-11-05T00:00:00.000,FORD,LL,,GRY,AK89538,IL,10300 S. Doty,(773) 568-8495,2889049
2019-11-05T00:00:00.000,FORD,LL,,RED,2365661B,IL,10300 S. Doty,(773) 568-8495,2889030
2019-11-05T00:00:00.000,FORD,PK,,WHI,AH83626,AZ,10300 S. Doty,(773) 568-8495,2889032
2019-11-05T00:00:00.000,HOND,2D,,GRY,8090453,IL,701 N. Sacramento,(773) 265-1846,1539508
2019-11-05T00:00:00.000,HOND,4D,,BGE,BG32240,IL,701 N. Sacramento,(773) 265-1846,1539510
2019-11-05T00:00:00.000,HOND,4D,CIV,GRY,AD47527,IL,Chicago O'hare International Airport remote lot E.,(312) 746-6350,416230
2019-11-05T00:00:00.000,HOND,4D,,BGE,,,10300 S. Doty,(773) 568-8495,2889041
2019-11-05T00:00:00.000,HOND,VN,,SIL,G401412,IL,10300 S. Doty,(773) 568-8495,2889029
2019-11-05T00:00:00.000,HYUN,4D,,SIL,,IL,701 N. Sacramento,(773) 265-7605,6972541
2019-11-05T00:00:00.000,KIA,4D,,RED,BK31803,IL,10300 S. Doty,(773) 568-8495,2889031
2019-11-05T00:00:00.000,KIA,VN,,COM,358TGR,MN,10300 S. Doty,(773) 568-8495,2888993
2019-11-05T00:00:00.000,MERC,4D,,BLK,AY78049,IL,701 N. Sacramento,(773) 265-7605,6972519
2019-11-05T00:00:00.000,MERZ,4D,,SIL,AM57796,IL,701 N. Sacramento,(773) 265-7605,6972531
2019-11-05T00:00:00.000,MERZ,LL,,BLK,ZY97583,IL,10300 S. Doty,(773) 568-8495,2889010
2019-11-05T00:00:00.000,MITS,4D,,BLU,S765399,IL,10300 S. Doty,(773) 568-8495,2889005
2019-11-05T00:00:00.000,NISS,4D,,BLK,BB18836,IL,10300 S. Doty,(773) 568-8495,2889011
2019-11-05T00:00:00.000,NISS,4D,,GRY,XGZ736,GA,10300 S. Doty,(773) 568-8495,2889057
2019-11-05T00:00:00.000,NISS,LL,,WHI,ZV85054,IL,Chicago O'hare International Airport remote lot E.,(312) 746-6350,416227
2019-11-05T00:00:00.000,NISS,LL,,BLK,Y700644,IL,701 N. Sacramento,(773) 265-7605,6972535
2019-11-05T00:00:00.000,OLDS,2D,,BRO,,,10300 S. Doty,(773) 785-9752,1719715
2019-11-05T00:00:00.000,OLDS,LL,,DBL,,IL,10300 S. Doty,(773) 568-8495,2889033
2019-11-05T00:00:00.000,PLYM,VN,,BLU,,IL,701 N. Sacramento,(773) 265-7605,6972534
2019-11-05T00:00:00.000,PONT,2D,,BLK,BR92015,IL,701 N. Sacramento,(773) 265-7605,6972521
2019-11-05T00:00:00.000,PONT,4D,,SIL,756U329,IL,10300 S. Doty,(773) 568-8495,2889043
2019-11-05T00:00:00.000,PONT,4D,,BLU,,IL,701 N. Sacramento,(773) 265-1846,1539507
2019-11-05T00:00:00.000,PONT,4D,,WHI,,IL,701 N. Sacramento,(773) 265-7605,6972513
2019-11-05T00:00:00.000,PONT,LL,,DBL,Z624526,IL,10300 S. Doty,(773) 568-8495,2889038
2019-11-05T00:00:00.000,PONT,SW,,RED,BVX239,MI,Chicago O'hare International Airport remote lot E.,(312) 746-6350,416231
2019-11-05T00:00:00.000,SATR,2D,,BLU,,IL,10300 S. Doty,(773) 568-8495,2888990
2019-11-05T00:00:00.000,TOYT,4D,,GRY,BR43959,IL,701 N. Sacramento,(773) 265-7605,6972509
2019-11-05T00:00:00.000,TOYT,4D,,SIL,AH92632,IL,701 N. Sacramento,(773) 265-7605,6972543
2019-11-05T00:00:00.000,TOYT,4D,COA,WHI,409943,IL,Chicago O'hare International Airport remote lot E.,(312) 746-6350,416222
2019-11-05T00:00:00.000,TOYT,4D,,GRN,Z662500,IL,701 N. Sacramento,(773) 265-7605,6972537
2019-11-05T00:00:00.000,TOYT,LL,,BGE,BA36185,IL,10300 S. Doty,(773) 568-8495,2889037
2019-11-05T00:00:00.000,TOYT,VN,SNA,BLU,V023AY,UT,Chicago O'hare International Airport remote lot E.,(312) 746-6350,416229
2019-11-05T00:00:00.000,VOLK,SD,,BLK,AV93564,IL,10300 S. Doty,(773) 568-8495,2889044
2019-11-04T00:00:00.000,BMW,4D,,BLK,,IL,10300 S. Doty,(773) 785-9752,1719709
2019-11-04T00:00:00.000,CHEV,2D,,TAN,AM36505,IL,10300 S. Doty,(773) 568-8495,2888967
2019-11-04T00:00:00.000,CHEV,4D,,BLK,AM70023,IL,10300 S. Doty,(773) 568-8495,2888949
2019-11-04T00:00:00.000,CHEV,4D,,RED,AZ40858,IL,10300 S. Doty,(773) 568-8495,2888981
2019-11-04T00:00:00.000,CHEV,4D,,WHI,,,10300 S. Doty,(773) 568-8495,2888942
2019-11-04T00:00:00.000,CHEV,4D,,WHI,817U622,IL,701 N. Sacramento,(773) 265-1846,1539505
2019-11-04T00:00:00.000,CHEV,4D,,RED,,IL,701 N. Sacramento,(773) 265-7605,6972492
2019-11-04T00:00:00.000,CHEV,LL,,GRY,BA40707,IL,701 N. Sacramento,(773) 265-7605,6972501
2019-11-04T00:00:00.000,CHEV,SW,,ONG,950U878,IL,701 N. Sacramento,(773) 265-7605,6972498
2019-11-04T00:00:00.000,CHRY,4D,,BLK,,IL,10300 S. Doty,(773) 568-8495,2888969
2019-11-04T00:00:00.000,CHRY,LL,,BLU,,IL,10300 S. Doty,(773) 785-9752,1719708
2019-11-04T00:00:00.000,CHRY,VN,,GRY,BKP944,IN,10300 S. Doty,(773) 568-8495,2888950
2019-11-04T00:00:00.000,DODG,4D,,SIL,3268149,IL,400 E. Lower Wacker,(312) 744-7550,0215234
2019-11-04T00:00:00.000,DODG,4D,,GRY,968U514,IL,10300 S. Doty,(773) 568-8495,2888987
2019-11-04T00:00:00.000,DODG,LL,,DGR,BN17870,IL,10300 S. Doty,(773) 568-8495,2888968
2019-11-04T00:00:00.000,DODG,PK,,RED,,,701 N. Sacramento,(773) 265-7605,6972497
2019-11-04T00:00:00.000,DODG,VN,,GRN,NON2,IL,701 N. Sacramento,(773) 265-7605,6972499
2019-11-04T00:00:00.000,FORD,2D,,BLK,,,10300 S. Doty,(773) 568-8495,2888970
2019-11-04T00:00:00.000,FORD,4D,,BLK,Z190386,IL,10300 S. Doty,(773) 785-9752,1719711
2019-11-04T00:00:00.000,FORD,4D,,BLU,832992,IL,701 N. Sacramento,(773) 265-7605,6972484
2019-11-04T00:00:00.000,FORD,LL,,RED,,IL,701 N. Sacramento,(773) 265-7605,6972483
2019-11-04T00:00:00.000,GMC,4D,,BLU,BF50525,IL,701 N. Sacramento,(773) 265-7605,6972486
2019-11-04T00:00:00.000,HOND,4D,,MAR,,IL,701 N. Sacramento,(773) 265-7605,6972481
2019-11-04T00:00:00.000,JEEP,LL,,GRN,ZY49244,IL,10300 S. Doty,(773) 568-8495,2888947
2019-11-04T00:00:00.000,JEEP,LL,TK,SIL,AL20413,IL,10300 S. Doty,(773) 568-8495,2888966
2019-11-04T00:00:00.000,KIA,SD,,WHI,BN82348,IL,10300 S. Doty,(773) 785-9752,1719710
2019-11-04T00:00:00.000,LEXS,4D,,BLK,,IL,10300 S. Doty,(773) 568-8495,2888948
2019-11-04T00:00:00.000,NISS,4D,,SIL,,,10300 S. Doty,(773) 568-8495,2888943
2019-11-04T00:00:00.000,NISS,4D,,BGE,AU92458,IL,701 N. Sacramento,(773) 265-1846,1539503
2019-11-04T00:00:00.000,PONT,4D,,SIL,AT58298,IL,10300 S. Doty,(773) 568-8495,2888986
2019-11-04T00:00:00.000,PONT,4D,,WHI,BE19651,IL,701 N. Sacramento,(773) 265-1846,1539504
2019-11-04T00:00:00.000,SATR,4D,,DGR,BM39279,IL,10300 S. Doty,(773) 568-8495,2888975
2019-11-04T00:00:00.000,TOYT,4D,,GRY,BB89831,IL,701 N. Sacramento,(773) 265-7605,6972487
2019-11-04T00:00:00.000,TOYT,4D,,SIL,AV86638,IL,10300 S. Doty,(773) 568-8495,2888985
2019-11-04T00:00:00.000,TOYT,4D,,GRN,BE22510,IL,10300 S. Doty,(773) 568-8495,2888972
2019-11-04T00:00:00.000,TOYT,4D,,TAN,A978760,IL,701 N. Sacramento,(773) 265-7605,6972478
2019-11-04T00:00:00.000,TOYT,LL,,BLK,Z770689,IL,701 N. Sacramento,(773) 265-7605,6972490
2019-11-04T00:00:00.000,TOYT,PK,TK,SIL,2446965B,IL,701 N. Sacramento,(773) 265-7605,6972505
2019-11-03T00:00:00.000,BUIC,LL,,WHI,BH96428,IL,701 N. Sacramento,(773) 265-7605,6972414
2019-11-03T00:00:00.000,CHEV,2D,,COM,,IL,10300 S. Doty,(773) 568-8495,2888901
2019-11-03T00:00:00.000,CHEV,4D,,BLU,E534450,IL,701 N. Sacramento,(773) 265-7605,6972474
2019-11-03T00:00:00.000,CHEV,4D,,WHI,AV92371,IL,400 E. Lower Wacker,(312) 744-7550,0215196
2019-11-03T00:00:00.000,CHEV,4D,,GRY,Q718719,IL,701 N. Sacramento,(773) 265-7605,6972467
2019-11-03T00:00:00.000,CHEV,4D,,BLK,AS35203,IL,10300 S. Doty,(773) 568-8495,2888913
2019-11-03T00:00:00.000,CHEV,LL,,RED,E647381,IL,10300 S. Doty,(773) 568-8495,2888900
2019-11-03T00:00:00.000,CHRY,4D,,BLU,BB74004,IL,400 E. Lower Wacker,(312) 744-7550,2888899
2019-11-03T00:00:00.000,FORD,4D,,GRY,,,10300 S. Doty,(773) 568-8495,2888922
2019-11-03T00:00:00.000,FORD,4D,,GLD,852U808,IL,10300 S. Doty,(773) 568-8495,2888919
2019-11-03T00:00:00.000,FORD,LL,TK,MAR,BB24055,IL,701 N. Sacramento,(773) 265-7605,6972465
2019-11-03T00:00:00.000,FORD,LL,,WHI,KAS3NV,IL,10300 S. Doty,(773) 568-8495,2888910
2019-11-03T00:00:00.000,FORD,LL,,WHI,BN17819,IL,10300 S. Doty,(773) 568-8495,2888932
2019-11-03T00:00:00.000,GMC,LL,,WHI,V847964,IL,701 N. Sacramento,(773) 265-7605,6972417
2019-11-03T00:00:00.000,HOND,4D,,SIL,BL12694,IL,701 N. Sacramento,(773) 265-7605,6972419
2019-11-03T00:00:00.000,JEEP,LL,,SIL,BB47820,IL,701 N. Sacramento,(773) 265-7605,6972459
2019-11-03T00:00:00.000,JEEP,LL,,WHI,BG68567,IL,10300 S. Doty,(773) 568-8495,2888911
2019-11-03T00:00:00.000,KIA,4D,,BLU,BB57137,IL,701 N. Sacramento,(773) 265-7605,6972392
2019-11-03T00:00:00.000,MAZD,4D,,WHI,BQ78191,IL,701 N. Sacramento,(773) 265-7605,6972476
2019-11-03T00:00:00.000,MERC,4D,,RED,S0147057,IL,701 N. Sacramento,(773) 265-7605,6972473
2019-11-03T00:00:00.000,MITS,4D,,WHI,BR69774,IL,701 N. Sacramento,(773) 265-7605,6972469
2019-11-03T00:00:00.000,NISS,4D,,BLU,BM31294,IL,701 N. Sacramento,(773) 265-7605,6972475
2019-11-03T00:00:00.000,NISS,4D,,TAN,,IL,701 N. Sacramento,(773) 265-7605,6972406
2019-11-03T00:00:00.000,NISS,4D,,BLK,BV74485,IL,701 N. Sacramento,(773) 265-7605,6972422
2019-11-03T00:00:00.000,OLDS,4D,,MAR,BU69588,IL,10300 S. Doty,(773) 568-8495,2888945
2019-11-03T00:00:00.000,PONT,4D,,SIL,BH12713,IL,701 N. Sacramento,(773) 265-7605,6972409
2019-11-03T00:00:00.000,PONT,4D,,BLU,BM17006,IL,701 N. Sacramento,(773) 265-7605,6972466
2019-11-03T00:00:00.000,PONT,CP,,SIL,BL91829,IL,701 N. Sacramento,(773) 265-7605,6972410
2019-11-03T00:00:00.000,SATR,4D,,RED,,,10300 S. Doty,(773) 568-8495,2888920
2019-11-03T00:00:00.000,SUBA,4D,,BLK,,,701 N. Sacramento,(773) 265-7605,6972428
2019-11-03T00:00:00.000,TOYT,4D,,RED,ZU61467,IL,10300 S. Doty,(773) 568-8495,2888918
2019-11-03T00:00:00.000,TOYT,4D,,DGR,BE20169,IL,701 N. Sacramento,(773) 265-7605,6972420
2019-11-03T00:00:00.000,TOYT,SW,,LBL,S392209,IL,701 N. Sacramento,(773) 265-7605,6972403
2019-11-03T00:00:00.000,VOLK,2D,,SIL,BH89171,IL,701 N. Sacramento,(773) 265-7605,6972395
2019-11-02T00:00:00.000,BMW,2D,,WHI,ZZ85877,IL,701 N. Sacramento,(773) 265-7605,6972384
2019-11-02T00:00:00.000,BUIC,4D,,COM,BF14113,IL,10300 S. Doty,(773) 568-8495,2888892
2019-11-02T00:00:00.000,CADI,4D,,WHI,BH68118,IL,10300 S. Doty,(773) 568-8495,2888886
2019-11-02T00:00:00.000,CADI,LL,,SIL,K472076,IL,701 N. Sacramento,(773) 265-7605,6972378
2019-11-02T00:00:00.000,CHEC,PK,,BLK,2503872B,IL,701 N. Sacramento,(773) 265-7605,6972306
2019-11-02T00:00:00.000,CHEV,4D,,BLU,AC61509,IL,10300 S. Doty,(773) 568-8495,2888869
2019-11-02T00:00:00.000,CHEV,VN,,DBL,Q649568,IL,10300 S. Doty,(773) 568-8495,2888875
2019-11-02T00:00:00.000,CHRY,VN,,COM,N795498,IL,10300 S. Doty,(773) 568-8495,2888859
2019-11-02T00:00:00.000,CHRY,VN,,SIL,638732,IL,701 N. Sacramento,(773) 265-7605,6972380
2019-11-02T00:00:00.000,DODG,4D,,GRY,S0133866,GA,10300 S. Doty,(773) 568-8495,2888889
2019-11-02T00:00:00.000,DODG,4D,,BLU,AN59701,IL,10300 S. Doty,(773) 568-8495,2888881
2019-11-02T00:00:00.000,DODG,PK,,SIL,,IL,10300 S. Doty,(773) 568-8495,2888885
2019-11-02T00:00:00.000,DODG,PK,,BLK,2339467,IL,701 N. Sacramento,(773) 265-7605,6972379
2019-11-02T00:00:00.000,DODG,SW,,BLK,AC95565,IL,701 N. Sacramento,(773) 265-7605,6972311
2019-11-02T00:00:00.000,DODG,VN,,DBL,BT77501,IL,701 N. Sacramento,(773) 265-7605,6972377
2019-11-02T00:00:00.000,DODG,VN,,SIL,BH23790,IL,10300 S. Doty,(773) 568-8495,2888884
2019-11-02T00:00:00.000,FORD,4D,,GRY,BU32527,IL,701 N. Sacramento,(773) 265-7605,6972342
2019-11-02T00:00:00.000,FORD,4D,,TAN,BE77368,IL,701 N. Sacramento,(773) 265-7605,6972367
2019-11-02T00:00:00.000,FORD,VC,,BLK,AT59226,IL,701 N. Sacramento,(773) 265-7605,6972292
2019-11-02T00:00:00.000,FORD,VN,TK,WHI,Z904710,IL,701 N. Sacramento,(773) 265-7605,6972284
2019-11-02T00:00:00.000,GMC,4D,,BLK,474U533,IL,10300 S. Doty,(773) 568-8495,288876
2019-11-02T00:00:00.000,GMC,LL,,BLK,BD73428,IL,701 N. Sacramento,(773) 265-7605,6972304
2019-11-02T00:00:00.000,HOND,2D,,SIL,BF40244,IL,10300 S. Doty,(773) 568-8495,2888864
2019-11-02T00:00:00.000,HOND,2D,,GRY,,,701 N. Sacramento,(773) 265-7605,6972310
2019-11-02T00:00:00.000,HOND,2D,,WHI,1671564,IL,701 N. Sacramento,(773) 265-7605,6972348
2019-11-02T00:00:00.000,HOND,4D,,PLE,AY77772,IL,701 N. Sacramento,(773) 265-7605,6972302
2019-11-02T00:00:00.000,HOND,4D,,SIL,Y921319,IL,701 N. Sacramento,(773) 265-7605,6972290
2019-11-02T00:00:00.000,HYUN,4D,,SIL,K809541,IN,10300 S. Doty,(773) 568-8495,2888867
2019-11-02T00:00:00.000,HYUN,4D,,BGE,BD16037,IL,10300 S. Doty,(773) 568-8495,2888878
2019-11-02T00:00:00.000,INFI,4D,,TAN,,IL,701 N. Sacramento,(773) 265-7605,6972352
2019-11-02T00:00:00.000,JEEP,4D,,BLU,PLW162,NM,10300 S. Doty,(773) 568-8495,2888877
2019-11-02T00:00:00.000,JEEP,LL,,TAN,Q523745,IL,701 N. Sacramento,(773) 265-7605,6972336
2019-11-02T00:00:00.000,KIA,4D,,SIL,N535290,IL,701 N. Sacramento,(773) 265-7605,6972327
2019-11-02T00:00:00.000,KIA,LL,,WHI,Q124619,IL,701 N. Sacramento,(773) 265-7605,6972375
2019-11-02T00:00:00.000,LEXS,4D,,SIL,AX97372,IL,701 N. Sacramento,(773) 265-7605,6972346
2019-11-02T00:00:00.000,MAZD,4D,,WHI,AS71084,IL,701 N. Sacramento,(773) 265-7605,6972362
2019-11-02T00:00:00.000,MERC,4D,,SIL,979U611,IL,10300 S. Doty,(773) 568-8495,2888873
2019-11-02T00:00:00.000,NISS,4D,,GRY,V828330,IL,10300 S. Doty,(773) 568-8495,2888871
2019-11-02T00:00:00.000,NISS,LL,,WHI,E456187,IL,701 N. Sacramento,(773) 265-7605,6972294
2019-11-02T00:00:00.000,NISS,PK,,SIL,2615327,IL,10300 S. Doty,(773) 568-8495,2888893
2019-11-02T00:00:00.000,OLDS,4D,,SIL,Q707808,IL,701 N. Sacramento,(773) 265-7605,6972323
2019-11-02T00:00:00.000,OLDS,4D,,GRY,BL38038,IL,701 N. Sacramento,(773) 265-7605,6972338
2019-11-02T00:00:00.000,OLDS,4D,,TRQ,BB84913,IL,701 N. Sacramento,(773) 265-7605,6972285
2019-11-02T00:00:00.000,PONT,2D,,SIL,BH90885,IL,701 N. Sacramento,(773) 265-7605,6972355
2019-11-02T00:00:00.000,PONT,2D,,PLE,,IL,701 N. Sacramento,(773) 265-7605,6972280
2019-11-02T00:00:00.000,PONT,4D,,TAN,AS73548,IL,10300 S. Doty,(773) 568-8495,2888894
2019-11-02T00:00:00.000,SATR,LL,,DBL,JCL344,IL,701 N. Sacramento,(773) 265-7605,6972325
2019-11-02T00:00:00.000,TOYT,4D,,RED,D6258,ND,10300 S. Doty,(773) 568-8495,2888872
2019-11-02T00:00:00.000,TOYT,4D,,WHI,AH86104,IL,10300 S. Doty,(773) 568-8495,2888862
2019-11-02T00:00:00.000,VOLK,4D,,WHI,51117C5,TX,10300 S. Doty,(773) 568-8495,2888880
2019-11-02T00:00:00.000,VOLK,4D,,BLK,BL82272,IL,701 N. Sacramento,(773) 265-7605,6972286
2019-11-01T00:00:00.000,AUDI,LL,,BLK,AJ65426,IL,701 N. Sacramento,(773) 265-7605,6972276
2019-11-01T00:00:00.000,BMW,LL,,GRY,BA42715,IL,701 N. Sacramento,(773) 265-7605,6972256
2019-11-01T00:00:00.000,BUIC,4D,,GRY,,IL,10300 S. Doty,(773) 785-9752,1719706
2019-11-01T00:00:00.000,BUIC,4D,,WHI,BM42083,IL,701 N. Sacramento,(773) 265-7605,6972207
2019-11-01T00:00:00.000,CHEV,4D,,BLK,AD97933,IL,10300 S. Doty,(773) 568-8495,2888843
2019-11-01T00:00:00.000,CHEV,4D,,WHI,AX93613,IL,701 N. Sacramento,(773) 265-7605,6972231
2019-11-01T00:00:00.000,CHEV,LL,,BLK,BL90876,IL,701 N. Sacramento,(773) 265-7605,6972243
2019-11-01T00:00:00.000,CHEV,PK,,RED,2634510B,IL,701 N. Sacramento,(773) 265-7605,6972242
2019-11-01T00:00:00.000,CHEV,PK,,GRN,2341209,IL,10300 S. Doty,(773) 568-8495,2888854
2019-11-01T00:00:00.000,CHEV,VN,,SIL,,IL,701 N. Sacramento,(773) 265-1846,1539492
2019-11-01T00:00:00.000,CHRY,4D,,GRY,BH96434,IL,701 N. Sacramento,(773) 265-7605,6972173
2019-11-01T00:00:00.000,CHRY,4D,,SIL,BU74553,IL,10300 S. Doty,(773) 568-8495,2888830
2019-11-01T00:00:00.000,DODG,VN,,GRY,BL89040,IL,701 N. Sacramento,(773) 265-7605,6972184
2019-11-01T00:00:00.000,DODG,VN,,GRN,R486881,IL,701 N. Sacramento,(773) 265-7605,6972170
2019-11-01T00:00:00.000,DODG,VN,,WHI,G358600,IL,701 N. Sacramento,(773) 265-7605,6972245
2019-11-01T00:00:00.000,FOR,4D,,BLK,,IL,10300 S. Doty,(773) 568-8495,2888858
2019-11-01T00:00:00.000,FORD,4D,,TAN,BV83507,IL,701 N. Sacramento,(773) 265-7605,6972270
2019-11-01T00:00:00.000,FORD,4D,,SIL,BH95812,IL,701 N. Sacramento,(773) 265-7605,6972269
2019-11-01T00:00:00.000,FORD,4D,,RED,,IL,10300 S. Doty,(773) 568-8495,2888836
2019-11-01T00:00:00.000,FORD,4D,,GRY,BC47090,IL,10300 S. Doty,(773) 568-8495,2888851
2019-11-01T00:00:00.000,FORD,4D,,SIL,CMM7672,IL,701 N. Sacramento,(773) 265-1846,1539494
2019-11-01T00:00:00.000,FORD,4D,,BLK,BR65068,IL,701 N. Sacramento,(773) 265-7605,6972208
2019-11-01T00:00:00.000,FORD,LL,,TAN,BD71698,IL,701 N. Sacramento,(773) 265-7605,6972227
2019-11-01T00:00:00.000,FORD,LL,,SIL,Q461028,IL,701 N. Sacramento,(773) 265-7605,6972211
2019-11-01T00:00:00.000,FORD,SW,TK,WHI,AP24567,IL,10300 S. Doty,(773) 568-8495,2888839
2019-11-01T00:00:00.000,GMC,LL,,BLK,Q152926,IL,701 N. Sacramento,(773) 265-7605,6972246
2019-11-01T00:00:00.000,HOND,4D,,PLE,AC48388,IL,10300 S. Doty,(773) 568-8495,2888853
2019-11-01T00:00:00.000,HOND,LL,,GRY,AT86353,IL,701 N. Sacramento,(773) 265-7605,6972179
2019-11-01T00:00:00.000,HOND,VN,,MAR,,IL,701 N. Sacramento,(773) 265-7605,6972176
2019-11-01T00:00:00.000,HOND,VN,,GRN,BE87823,IL,701 N. Sacramento,(773) 265-7605,6972188
2019-11-01T00:00:00.000,HOND,VN,,GLD,AT74719,IL,701 N. Sacramento,(773) 265-7605,6972194
2019-11-01T00:00:00.000,HYUN,4D,,BLK,5RP926,MA,701 N. Sacramento,(773) 265-1846,1539490
2019-11-01T00:00:00.000,HYUN,4D,,BLK,AT90372,IL,701 N. Sacramento,(773) 265-7605,6972187
2019-11-01T00:00:00.000,HYUN,LL,,BLK,F697962,IL,701 N. Sacramento,(773) 265-7605,6972278
2019-11-01T00:00:00.000,INFI,4D,,WHI,,IL,701 N. Sacramento,(773) 265-7605,6972255
2019-11-01T00:00:00.000,JAGU,4D,,GRN,3768C,IN,701 N. Sacramento,(773) 265-1846,1539500
2019-11-01T00:00:00.000,JEEP,LL,,WHI,Y878172,IL,701 N. Sacramento,(773) 265-7605,6972195
2019-11-01T00:00:00.000,LEXS,LL,,TAN,BB89637,IL,701 N. Sacramento,(773) 265-7605,6972220
2019-11-01T00:00:00.000,LINC,4D,,BLK,,,10300 S. Doty,(773) 568-8495,2888848
2019-11-01T00:00:00.000,MAZD,LL,,SIL,BF38172,IL,10300 S. Doty,(773) 568-8495,2888850
2019-11-01T00:00:00.000,MAZD,PK,,BLK,2298378B,IL,701 N. Sacramento,(773) 265-7605,6972180
2019-11-01T00:00:00.000,MERC,4D,,GRY,321YLH,WI,701 N. Sacramento,(773) 265-1846,1539499
2019-11-01T00:00:00.000,MITS,4D,,BLK,BR71931,IL,701 N. Sacramento,(773) 265-7605,6972210
2019-11-01T00:00:00.000,NISS,4D,,BLK,ZV24958,IL,701 N. Sacramento,(773) 265-7605,6972273
2019-11-01T00:00:00.000,OLDS,2D,,RED,,IL,10300 S. Doty,(773) 785-9752,1719707
2019-11-01T00:00:00.000,PONT,4D,,BLK,,IL,701 N. Sacramento,(773) 265-7605,6972192
2019-11-01T00:00:00.000,PONT,4D,,WHI,AX34648,IL,701 N. Sacramento,(773) 265-7605,6972228
2019-11-01T00:00:00.000,PONT,VN,,GRY,494ZXK,WI,701 N. Sacramento,(773) 265-7605,6972190
2019-11-01T00:00:00.000,SATR,4D,,GRN,BA37350,IL,701 N. Sacramento,(773) 265-1846,1539493
2019-11-01T00:00:00.000,SUBA,LL,,BLU,BPM1045,AZ,701 N. Sacramento,(773) 265-1846,1539495
2019-11-01T00:00:00.000,SUZI,LL,,RED,AH38399,IL,701 N. Sacramento,(773) 265-7605,6972232
2019-11-01T00:00:00.000,TOYO,4D,,BLK,AP62760,IL,701 N. Sacramento,(773) 265-7605,6972206
2019-11-01T00:00:00.000,TOYT,4D,,GRN,952RUN,WI,701 N. Sacramento,(773) 265-1846,1539489
2019-11-01T00:00:00.000,TOYT,4D,,WHI,A6042VE,WI,10300 S. Doty,(773) 568-8495,2888847
2019-11-01T00:00:00.000,VOLK,4D,,BLU,AP62306,IL,701 N. Sacramento,(773) 265-1846,1539498
2019-11-01T00:00:00.000,,MC,,BLK,15K2142,CA,701 N. Sacramento,(773) 265-1846,1539496
2019-10-31T00:00:00.000,ACUR,4D,,SIL,ZU85330,IL,701 N. Sacramento,(773) 265-7605,6972083
2019-10-31T00:00:00.000,ACUR,4D,,SIL,Z104581,IL,701 N. Sacramento,(773) 265-7605,6972164
2019-10-31T00:00:00.000,ACUR,LL,,MAR,R935503,IL,701 N. Sacramento,(773) 265-7605,6972099
2019-10-31T00:00:00.000,BUIC,4D,,SIL,Y738452,IL,10300 S. Doty,(773) 785-9752,1719700
2019-10-31T00:00:00.000,BUIC,4D,,BLU,Z663207,IL,701 N. Sacramento,(773) 265-7605,6972144
2019-10-31T00:00:00.000,BUIC,4D,,BLU,BE95320,IL,701 N. Sacramento,(773) 265-7605,6972142
2019-10-31T00:00:00.000,BUIC,4D,,WHI,,,10300 S. Doty,(773) 568-8495,2888805
2019-10-31T00:00:00.000,BUIC,LL,,SIL,921U466,IL,701 N. Sacramento,(773) 265-7605,6972167
2019-10-31T00:00:00.000,BUIC,LL,,WHI,BR96953,IL,10300 S. Doty,(773) 568-8495,2888807
2019-10-31T00:00:00.000,CADI,4D,,SIL,,IL,10300 S. Doty,(773) 568-8495,2888811
2019-10-31T00:00:00.000,CHEV,2D,,GRY,BQ82224,IL,10300 S. Doty,(773) 568-8495,2888818
2019-10-31T00:00:00.000,CHEV,4D,,BLK,AQ47871,IL,701 N. Sacramento,(773) 265-7605,6972143
2019-10-31T00:00:00.000,CHEV,4D,,BLU,BH92997,IL,10300 S. Doty,(773) 785-9752,1719696
2019-10-31T00:00:00.000,CHEV,4D,,BLK,AR87641,IL,701 N. Sacramento,(773) 265-7605,6972121
2019-10-31T00:00:00.000,CHEV,4D,,BLK,9333152,IL,701 N. Sacramento,(773) 265-7605,6972096
2019-10-31T00:00:00.000,CHEV,4D,,SIL,BF39677,IL,701 N. Sacramento,(773) 265-1846,1539487
2019-10-31T00:00:00.000,CHEV,4D,,WHI,BV92434,IL,701 N. Sacramento,(773) 265-1846,1539478
2019-10-31T00:00:00.000,CHEV,4D,,RED,7118AY6,AL,10300 S. Doty,(773) 785-9752,1719695
2019-10-31T00:00:00.000,CHEV,LL,,BGE,,IL,10300 S. Doty,(773) 785-9752,1719697
2019-10-31T00:00:00.000,CHEV,PK,,GRN,1591710B,IL,10300 S. Doty,(773) 568-8495,2888809
2019-10-31T00:00:00.000,CHEV,PK,,RED,2150954B,IL,701 N. Sacramento,(773) 265-7605,6972135
2019-10-31T00:00:00.000,CHEV,PK,,MAR,BV1238,MS,10300 S. Doty,(773) 785-9752,1719702
2019-10-31T00:00:00.000,CHEV,PK,,WHI,2A777FF,IL,701 N. Sacramento,(773) 265-7605,6972138
2019-10-31T00:00:00.000,CHEV,TR,,SIL,5A7335FF,IL,701 N. Sacramento,(773) 265-1846,1539483
2019-10-31T00:00:00.000,CHRY,4D,,SIL,BQ64333,IL,701 N. Sacramento,(773) 265-7605,6972082
2019-10-31T00:00:00.000,CHRY,4D,,BLU,Z542531,IL,701 N. Sacramento,(773) 265-7605,6972147
2019-10-31T00:00:00.000,CHRY,VC,,WHI,P123972,IL,701 N. Sacramento,(773) 265-7605,6972085
2019-10-31T00:00:00.000,CHRY,VN,,BLU,00232847,IL,701 N. Sacramento,(773) 265-1846,1539486
2019-10-31T00:00:00.000,CHRY,VN,,WHI,E330795,IL,701 N. Sacramento,(773) 265-7605,6972160
2019-10-31T00:00:00.000,CHRY,VN,,GRY,BE24595,IL,701 N. Sacramento,(773) 265-7605,6972131
2019-10-31T00:00:00.000,CHRY,VN,TK,TAN,,,701 N. Sacramento,(773) 265-7605,6972152
2019-10-31T00:00:00.000,DODG,4D,,GRY,BK77063,IL,701 N. Sacramento,(773) 265-7605,6972088
2019-10-31T00:00:00.000,DODG,PK,,GRY,2348976B,IL,701 N. Sacramento,(773) 265-7605,6972119
2019-10-31T00:00:00.000,FIAA,2D,,BRZ,S802263,IL,701 N. Sacramento,(773) 265-7605,6972123
2019-10-31T00:00:00.000,FORD,4D,,BLK,BN18025,IL,10300 S. Doty,(773) 785-9752,1719698
2019-10-31T00:00:00.000,FORD,4D,,RED,BE22459,IL,10300 S. Doty,(773) 568-8495,2888803
2019-10-31T00:00:00.000,FORD,LL,,GRY,AP68046,IL,10300 S. Doty,(773) 568-8495,2888824
2019-10-31T00:00:00.000,FORD,LL,,RED,BB21107,IL,10300 S. Doty,(773) 568-8495,2888823
2019-10-31T00:00:00.000,FORD,LL,,RED,142QZQ,CO,701 N. Sacramento,(773) 265-7605,6972102
2019-10-31T00:00:00.000,FORD,SW,,GRY,EDD6077,MI,400 E. Lower Wacker,(312) 744-7550,0214992
2019-10-31T00:00:00.000,HOND,2D,,SIL,BU71582,IL,10300 S. Doty,(773) 568-8495,2888800
2019-10-31T00:00:00.000,HOND,2D,,BLK,,IL,701 N. Sacramento,(773) 265-1846,1539480
2019-10-31T00:00:00.000,HOND,2D,,BLK,BK17471,IL,701 N. Sacramento,(773) 265-7605,6972105
2019-10-31T00:00:00.000,HOND,4D,,BLK,AFG4537,WI,701 N. Sacramento,(773) 265-7605,6972090
2019-10-31T00:00:00.000,HOND,4D,,BGE,Q345005,IL,701 N. Sacramento,(773) 265-7605,6972100
2019-10-31T00:00:00.000,HYUN,4D,,BLU,,IL,10300 S. Doty,(773) 568-8495,2888802
2019-10-31T00:00:00.000,JAGU,4D,,BLK,AH26559,IL,701 N. Sacramento,(773) 265-7605,6972136
2019-10-31T00:00:00.000,JEEP,LL,,SIL,AT74713,IL,701 N. Sacramento,(773) 265-7605,6972132
2019-10-31T00:00:00.000,KIA,4D,,GLD,BF26821,IL,10300 S. Doty,(773) 568-8495,2888813
2019-10-31T00:00:00.000,KIA,4D,,SIL,AW13251,IL,701 N. Sacramento,(773) 265-7605,6972116
2019-10-31T00:00:00.000,LEXS,4D,,RED,P881966,IL,10300 S. Doty,(773) 568-8495,2888829
2019-10-31T00:00:00.000,NISS,4D,ALT,,,,10300 S. Doty,(773) 568-8495,2888821
2019-10-31T00:00:00.000,NISS,4D,,SIL,AH30443,IL,701 N. Sacramento,(773) 265-7605,6972162
2019-10-31T00:00:00.000,NISS,LL,,BLK,673591,IL,701 N. Sacramento,(773) 265-7605,6972107
2019-10-31T00:00:00.000,NISS,VN,,RED,AQ81445,IL,701 N. Sacramento,(773) 265-7605,6972139
2019-10-31T00:00:00.000,OTTE,MC,,BLK,,IL,701 N. Sacramento,(773) 265-1846,1539482
2019-10-31T00:00:00.000,PONT,2D,,RED,AH94099,IL,10300 S. Doty,(773) 568-8495,2888828
2019-10-31T00:00:00.000,PONT,4D,,DBL,BM13689,IL,701 N. Sacramento,(773) 265-1846,1539484
2019-10-31T00:00:00.000,PONT,4D,,SIL,BB86469,IL,701 N. Sacramento,(773) 265-7605,6972092
2019-10-31T00:00:00.000,PONT,VN,,GRY,Q197437,IL,701 N. Sacramento,(773) 265-7605,6972134
2019-10-31T00:00:00.000,SATR,4D,,TAN,ED3B2M,MO,10300 S. Doty,(773) 785-9752,1719704
2019-10-31T00:00:00.000,TOYT,4D,,TAN,BB89223,IL,701 N. Sacramento,(773) 265-7605,6972154
2019-10-30T00:00:00.000,AUDI,4D,,WHI,BF38857,IL,701 N. Sacramento,(773) 265-7605,6971988
2019-10-30T00:00:00.000,BMW,4D,,BLU,174117,IL,701 N. Sacramento,(773) 265-7605,6972047
2019-10-30T00:00:00.000,BMW,4D,,WHI,BE81435,IL,701 N. Sacramento,(773) 265-7605,6972059
2019-10-30T00:00:00.000,BUIC,4D,,BLU,,IL,10300 S. Doty,(773) 568-8495,2888795
2019-10-30T00:00:00.000,BUIC,4D,,BGE,,IL,701 N. Sacramento,(773) 265-1846,1539475
2019-10-30T00:00:00.000,BUIC,4D,,MAR,BL91120,IL,701 N. Sacramento,(773) 265-7605,6972023
2019-10-30T00:00:00.000,CADI,4D,,WHI,497U073,IL,10300 S. Doty,(773) 568-8495,2888775
2019-10-30T00:00:00.000,CHEV,4D,,DBL,BB85650,IL,701 N. Sacramento,(773) 265-7605,6971972
2019-10-30T00:00:00.000,CHEV,4D,,BLK,AT59509,IL,701 N. Sacramento,(773) 265-7605,6972030
2019-10-30T00:00:00.000,CHEV,4D,,SIL,BB21556,IL,10300 S. Doty,(773) 568-8495,2888793
2019-10-30T00:00:00.000,CHEV,4D,,SIL,244939,IL,701 N. Sacramento,(773) 265-7605,6972021
2019-10-30T00:00:00.000,CHEV,4D,,GRY,ZV40839,IL,701 N. Sacramento,(773) 265-7605,6972053
2019-10-30T00:00:00.000,CHEV,LL,,TAN,AD92007,IL,10300 S. Doty,(773) 568-8495,2888794
2019-10-30T00:00:00.000,CHEV,LL,,SIL,BN74680,IL,10300 S. Doty,(773) 568-8495,2888772
2019-10-30T00:00:00.000,CHEV,LL,,BLK,FNA9603,OH,701 N. Sacramento,(773) 265-7605,6972078
2019-10-30T00:00:00.000,CHEV,LL,,SIL,700379,IL,701 N. Sacramento,(773) 265-7605,6972043
2019-10-30T00:00:00.000,CHEV,LL,,BLK,BLY394,IL,10300 S. Doty,(773) 568-8495,2888788
2019-10-30T00:00:00.000,CHEV,PK,,TAN,,IL,10300 S. Doty,(773) 568-8495,2888784
2019-10-30T00:00:00.000,CHEV,VN,,GRY,,IL,701 N. Sacramento,(773) 265-7605,6972036
2019-10-30T00:00:00.000,CHEV,VN,TK,MAR,,,10300 S. Doty,(773) 568-8495,2888798
2019-10-30T00:00:00.000,CHEV,VN,TK,BLU,9J8058,MI,701 N. Sacramento,(773) 265-7605,6972066
2019-10-30T00:00:00.000,CHEV,VN,,GLD,BH12080,IL,701 N. Sacramento,(773) 265-1846,1539473
2019-10-30T00:00:00.000,CHRY,2D,,GRY,BF39516,IL,701 N. Sacramento,(773) 265-7605,6972009
2019-10-30T00:00:00.000,CHRY,4D,,GLD,284899B,IL,701 N. Sacramento,(773) 265-7605,6972074
2019-10-30T00:00:00.000,DODG,4D,,RED,BA36231,IL,701 N. Sacramento,(773) 265-7605,6972050
2019-10-30T00:00:00.000,DODG,LL,,TAN,BB16695,IL,10300 S. Doty,(773) 568-8495,2888790
2019-10-30T00:00:00.000,DODG,VN,,RED,BU72532,IL,701 N. Sacramento,(773) 265-7605,6971986
2019-10-30T00:00:00.000,DODG,VN,TK,GLD,499007,IL,10300 S. Doty,(773) 568-8495,2888781
2019-10-30T00:00:00.000,DODG,VN,,MAR,Q335113,IL,701 N. Sacramento,(773) 265-7605,6972060
2019-10-30T00:00:00.000,FORD,4D,,BLK,,IL,701 N. Sacramento,(773) 265-7605,6972071
2019-10-30T00:00:00.000,FORD,4D,,GRY,AN25061,IL,701 N. Sacramento,(773) 265-7605,6972054
2019-10-30T00:00:00.000,FORD,4D,,RED,266U928,IL,10300 S. Doty,(773) 785-9752,1719694
2019-10-30T00:00:00.000,FORD,LL,,SIL,0G16H1,TN,701 N. Sacramento,(773) 265-7605,6972042
2019-10-30T00:00:00.000,FORD,LL,,WHI,CJV0055,MI,701 N. Sacramento,(773) 265-1846,1539469
2019-10-30T00:00:00.000,FORD,LL,,DBL,612V0L,IL,701 N. Sacramento,(773) 265-7605,6971971
2019-10-30T00:00:00.000,FORD,VN,,SIL,BG81325,IL,701 N. Sacramento,(773) 265-7605,6972022
2019-10-30T00:00:00.000,FORD,VN,,SIL,BF23178,IL,701 N. Sacramento,(773) 265-7605,6972005
2019-10-30T00:00:00.000,GMC,LL,,WHI,AV81352,IL,10300 S. Doty,(773) 568-8495,2888786
2019-10-30T00:00:00.000,GMC,LL,,SIL,BA39094,IL,701 N. Sacramento,(773) 265-7605,6972007
2019-10-30T00:00:00.000,HOND,4D,CIV,SIL,,,701 N. Sacramento,(773) 265-7605,6971970
2019-10-30T00:00:00.000,HOND,4D,,GRY,AS63810,IL,701 N. Sacramento,(773) 265-7605,6972068
2019-10-30T00:00:00.000,HOND,SW,,SIL,Q156150,IL,701 N. Sacramento,(773) 265-7605,6971993
2019-10-30T00:00:00.000,HYUN,4D,,SIL,,,701 N. Sacramento,(773) 265-7605,6971994
2019-10-30T00:00:00.000,JAG,4D,,BLK,AP60950,IL,701 N. Sacramento,(773) 265-1846,1539467
2019-10-30T00:00:00.000,JEEP,LL,,BLK,,,10300 S. Doty,(773) 568-8495,2888776
2019-10-30T00:00:00.000,JEEP,LL,,BLU,AK73113,IL,701 N. Sacramento,(773) 265-7605,6972049
2019-10-30T00:00:00.000,JEEP,LL,,SIL,495648,IL,701 N. Sacramento,(773) 265-7605,6971992
2019-10-30T00:00:00.000,JEEP,LL,TK,WHI,403U741,IL,701 N. Sacramento,(773) 265-7605,6972081
2019-10-30T00:00:00.000,MAZD,4D,,BLK,852U866,IL,10300 S. Doty,(773) 568-8495,2888789
2019-10-30T00:00:00.000,MAZD,4D,,SIL,BF84709,IL,701 N. Sacramento,(773) 265-7605,6972037
2019-10-30T00:00:00.000,MERC,4D,,WHI,BL91761,IL,701 N. Sacramento,(773) 265-7605,6972044
2019-10-30T00:00:00.000,MERZ,4D,,BLK,BH69472,IL,701 N. Sacramento,(773) 265-7605,6972067
2019-10-30T00:00:00.000,MERZ,4D,,GRY,OAWPHD,IL,701 N. Sacramento,(773) 265-7605,6972061
2019-10-30T00:00:00.000,NISS,LL,,SIL,AR70560,IL,701 N. Sacramento,(773) 265-7605,6972076
2019-10-30T00:00:00.000,NISS,VN,,GRY,BG23194,IL,701 N. Sacramento,(773) 265-7605,6971973
2019-10-30T00:00:00.000,PLYM,4D,,SIL,AOD629,IL,701 N. Sacramento,(773) 265-1846,1539476
2019-10-30T00:00:00.000,PONT,4D,,TAN,BFF832,IN,701 N. Sacramento,(773) 265-1846,1539470
2019-10-30T00:00:00.000,SUBA,4D,,SIL,V797930,IL,701 N. Sacramento,(773) 265-7605,6971989
2019-10-30T00:00:00.000,TOYT,4D,,BGE,,IL,10300 S. Doty,(773) 568-8495,2888787
2019-10-30T00:00:00.000,TOYT,4D,,SIL,BK19058,IL,701 N. Sacramento,(773) 265-7605,6972034
2019-10-30T00:00:00.000,TOYT,4D,,BGE,BG83988,IL,701 N. Sacramento,(773) 265-7605,6971996
2019-10-30T00:00:00.000,TOYT,4D,,WHI,ZZ54684,IL,701 N. Sacramento,(773) 265-7605,6971978
2019-10-30T00:00:00.000,TOYT,HB,,RED,BE86617,IL,701 N. Sacramento,(773) 265-7605,6972006
2019-10-30T00:00:00.000,TOYT,LL,,GRY,Q615037,IL,701 N. Sacramento,(773) 265-7605,6972017
2019-10-29T00:00:00.000,AUDI,LL,,BLK,BN76771,IL,10300 S. Doty,(773) 568-8495,2888767
2019-10-29T00:00:00.000,BMW,4D,,BLU,,IL,701 N. Sacramento,(773) 265-1846,1539460
2019-10-29T00:00:00.000,BUIC,4D,,GRY,BA44447,IL,10300 S. Doty,(773) 568-8495,2888759
2019-10-29T00:00:00.000,BUIC,4D,,BLK,AU93075,IL,701 N. Sacramento,(773) 265-7605,6971965
2019-10-29T00:00:00.000,CADI,2D,,GRN,BR73601,IL,701 N. Sacramento,(773) 265-7605,6971904
2019-10-29T00:00:00.000,CADI,4D,,SIL,AT83609,IL,10300 S. Doty,(773) 568-8495,2888751
2019-10-29T00:00:00.000,CHEV,2D,,BLK,AJ15699,IL,701 N. Sacramento,(773) 265-7605,6971932
2019-10-29T00:00:00.000,CHEV,4D,,TAN,,IL,701 N. Sacramento,(773) 265-1846,1539461
2019-10-29T00:00:00.000,CHEV,4D,,SIL,AW82590,IL,701 N. Sacramento,(773) 265-7605,6971918
2019-10-29T00:00:00.000,CHEV,PK,TK,GRY,2239396B,IL,10300 S. Doty,(773) 568-8495,2888768
2019-10-29T00:00:00.000,CHEV,VN,,PLE,BFW469,MI,10300 S. Doty,(773) 568-8495,2888750
2019-10-29T00:00:00.000,CHRY,VN,,GLD,131690,IL,701 N. Sacramento,(773) 265-7605,6971930
2019-10-29T00:00:00.000,CHRY,VN,TK,BLU,,,10300 S. Doty,(773) 568-8495,2888761
2019-10-29T00:00:00.000,DODG,4D,,RED,6027593,IL,10300 S. Doty,(773) 568-8495,2888757
2019-10-29T00:00:00.000,DODG,4D,,SIL,BA90978,IL,701 N. Sacramento,(773) 265-7605,6971942
2019-10-29T00:00:00.000,FORD,4D,,DBL,BL69142,IL,10300 S. Doty,(773) 568-8495,2888755
2019-10-29T00:00:00.000,FORD,LL,,RED,BN28284,IL,10300 S. Doty,(773) 568-8495,2888770
2019-10-29T00:00:00.000,FORD,PK,,BLK,2281990B,IL,701 N. Sacramento,(773) 265-7605,6971936
2019-10-29T00:00:00.000,HOND,4D,,SIL,,IL,701 N. Sacramento,(773) 265-7605,6971921
2019-10-29T00:00:00.000,HOND,LL,,GRY,AV91402,IL,10300 S. Doty,(773) 568-8495,2888756
2019-10-29T00:00:00.000,HOND,LL,,GRY,Z817082,IL,400 E. Lower Wacker,(312) 744-7550,0214832
2019-10-29T00:00:00.000,HOND,VN,TK,TAN,ZX21274,IL,10300 S. Doty,(773) 568-8495,2888769
2019-10-29T00:00:00.000,HYUN,4D,,WHI,AE71439,IL,701 N. Sacramento,(773) 265-7605,6971922
2019-10-29T00:00:00.000,JAGU,4D,,SIL,AX34820,IL,701 N. Sacramento,(773) 265-7605,6971923
2019-10-29T00:00:00.000,JEEP,4D,,GRY,,IL,10300 S. Doty,(773) 568-8495,2888746
2019-10-29T00:00:00.000,JEEP,LL,,GRY,BF73981,IL,701 N. Sacramento,(773) 265-7605,6971892
2019-10-29T00:00:00.000,MAZD,4D,,BLK,P117129,IL,701 N. Sacramento,(773) 265-7605,6971941
2019-10-29T00:00:00.000,NISS,4D,,GRN,688U248,IL,701 N. Sacramento,(773) 265-1846,1539465
2019-10-29T00:00:00.000,NISS,4D,,BLK,A305022,IL,701 N. Sacramento,(773) 265-1846,1539463
2019-10-29T00:00:00.000,OLDS,2D,,RED,AZ27329,IL,701 N. Sacramento,(773) 265-7605,6971924
2019-10-29T00:00:00.000,OLDS,LL,,GLD,3897631,IL,701 N. Sacramento,(773) 265-7605,6971944
2019-10-29T00:00:00.000,PONT,4D,,GRY,BB21018,IL,701 N. Sacramento,(773) 265-7605,6971946
2019-10-29T00:00:00.000,PONT,4D,,BLK,BL91439,IL,701 N. Sacramento,(773) 265-7605,6971969
2019-10-29T00:00:00.000,PONT,4D,,RED,Q932050,IL,701 N. Sacramento,(773) 265-7605,6971902
2019-10-29T00:00:00.000,SUBA,LL,,BLK,AY84311,IL,701 N. Sacramento,(773) 265-7605,6971940
2019-10-29T00:00:00.000,SUZI,4D,,BLK,BK53965,IL,701 N. Sacramento,(773) 265-7605,6971916
2019-10-29T00:00:00.000,SUZI,MC,,RED,EC7657,IL,701 N. Sacramento,(773) 265-1846,1539459
2019-10-29T00:00:00.000,TOYT,4D,,BLU,BM75653,IL,701 N. Sacramento,(773) 265-7605,6971953
2019-10-29T00:00:00.000,TOYT,4T,,GRY,BH96095,IL,701 N. Sacramento,(773) 265-7605,6971896
2019-10-29T00:00:00.000,VOLK,4T,,WHI,BA30275,IL,10300 S. Doty,(773) 568-8495,2888743
2019-10-29T00:00:00.000,YAMA,MC,,BLK,D25658,IL,701 N. Sacramento,(773) 265-7605,6971937
2019-10-28T00:00:00.000,BMW,4D,,SIL,AV88612,IL,10300 S. Doty,(773) 568-8495,2888725
2019-10-28T00:00:00.000,BUIC,4D,,DBL,,IL,10300 S. Doty,(773) 568-8495,2888723
2019-10-28T00:00:00.000,BUIC,4D,,BLU,S678180,IL,701 N. Sacramento,(773) 265-1846,1539457
2019-10-28T00:00:00.000,CHEV,4D,,WHI,BN80863,IL,10300 S. Doty,(773) 568-8495,2888724
2019-10-28T00:00:00.000,CHEV,4D,,LBL,99616PV,IL,701 N. Sacramento,(773) 265-7605,6971865
2019-10-28T00:00:00.000,CHEV,PK,,MAR,,,701 N. Sacramento,(773) 265-7605,6971887
2019-10-28T00:00:00.000,CHRY,VN,,GRN,AY16343,IL,701 N. Sacramento,(773) 265-1846,1539454
2019-10-28T00:00:00.000,DODG,4D,,GRY,YNX58,IL,10300 S. Doty,(773) 785-9752,1719692
2019-10-28T00:00:00.000,FORD,2T,,SIL,AV36017,IL,10300 S. Doty,(773) 568-8495,2888734
2019-10-28T00:00:00.000,FORD,4D,,SIL,AT77899,IL,10300 S. Doty,(773) 568-8495,2888716
2019-10-28T00:00:00.000,HOND,4D,,TAN,AW15067,IL,10300 S. Doty,(773) 568-8495,2888709
2019-10-28T00:00:00.000,HOND,4D,,WHI,Q992991,IL,10300 S. Doty,(773) 568-8495,2888720
2019-10-28T00:00:00.000,HOND,4D,,BLK,,IL,701 N. Sacramento,(773) 265-7605,6971876
2019-10-28T00:00:00.000,HYUN,4D,,BLK,,IL,701 N. Sacramento,(773) 265-1846,1539456
2019-10-28T00:00:00.000,HYUN,4D,,SIL,,IL,10300 S. Doty,(773) 568-8495,2888731
2019-10-28T00:00:00.000,HYUN,4D,,BLK,JB6K9K,MO,701 N. Sacramento,(773) 265-7605,6971878
2019-10-28T00:00:00.000,JEEP,LL,TK,BLK,BM45093,IL,701 N. Sacramento,(773) 265-7605,6971879
2019-10-28T00:00:00.000,JEEP,LL,,GRY,BE78769,IL,10300 S. Doty,(773) 568-8495,2888730
2019-10-28T00:00:00.000,JEEP,LL,,MAR,BL87141,IL,10300 S. Doty,(773) 568-8495,2888719
2019-10-28T00:00:00.000,JEEP,LL,,BLK,ACH8771,IL,10300 S. Doty,(773) 568-8495,2888711
2019-10-28T00:00:00.000,MAZD,4T,,BGE,BU98818,IL,10300 S. Doty,(773) 568-8495,2888707
2019-10-28T00:00:00.000,MERZ,SW,,SIL,889U886,IL,10300 S. Doty,(773) 568-8495,2888721
2019-10-28T00:00:00.000,NISS,4D,,SIL,AY57575,IL,701 N. Sacramento,(773) 265-7605,6971857
2019-10-28T00:00:00.000,NISS,4D,,BLK,K918117,IL,701 N. Sacramento,(773) 265-7605,6971856
2019-10-28T00:00:00.000,NISS,4D,,WHI,ABE1427,WI,10300 S. Doty,(773) 568-8495,2888710
2019-10-28T00:00:00.000,NISS,4D,,GRY,5CCG101,CA,10300 S. Doty,(773) 568-8495,2888715
2019-10-28T00:00:00.000,PONT,2D,,PLE,BN87581,IL,10300 S. Doty,(773) 568-8495,2888732
2019-10-28T00:00:00.000,PONT,4D,,WHI,BF62679,IL,10300 S. Doty,(773) 568-8495,2888708
2019-10-28T00:00:00.000,PONT,4D,,GRY,AW23232,IL,701 N. Sacramento,(773) 265-7605,6971881
2019-10-28T00:00:00.000,SATU,4T,,TAN,,IL,10300 S. Doty,(773) 568-8495,2888714
2019-10-28T00:00:00.000,TOYT,4D,,GRY,Q812764,IL,701 N. Sacramento,(773) 265-1846,1539458
2019-10-27T00:00:00.000,BUIC,LL,,GRY,BPE882,IN,10300 S. Doty,(773) 568-8495,2888700
2019-10-27T00:00:00.000,CADI,4T,,MAR,BF39064,IL,701 N. Sacramento,(773) 265-7605,6971808
2019-10-27T00:00:00.000,CHEV,4D,,BLK,BG55969,IL,10300 S. Doty,(773) 568-8495,2888664
2019-10-27T00:00:00.000,CHEV,4D,,GRY,ZY25001,IL,701 N. Sacramento,(773) 265-7605,6971819
2019-10-27T00:00:00.000,CHEV,4D,,RED,AX20489,IL,701 N. Sacramento,(773) 265-7605,6971834
2019-10-27T00:00:00.000,CHEV,4T,,BLU,BG22724,IL,701 N. Sacramento,(773) 265-7605,6971803
2019-10-27T00:00:00.000,CHEV,4T,,SIL,AE17948,IL,701 N. Sacramento,(773) 265-7605,6971804
2019-10-27T00:00:00.000,CHEV,LL,,YEL,K74764,IN,10300 S. Doty,(773) 568-8495,2888658
2019-10-27T00:00:00.000,CHEV,LL,,DGR,AW98645,IL,10300 S. Doty,(773) 568-8495,2888659
2019-10-27T00:00:00.000,CHEV,LL,,BLK,,IL,10300 S. Doty,(773) 568-8495,2888703
2019-10-27T00:00:00.000,CHEV,VN,,WHI,,IL,10300 S. Doty,(773) 568-8495,2888702
2019-10-27T00:00:00.000,CHEV,VN,,TAN,,IL,10300 S. Doty,(773) 568-8495,2888684
2019-10-27T00:00:00.000,CHEV,VN,,RED,ZZ86160,IL,10300 S. Doty,(773) 568-8495,2888706
2019-10-27T00:00:00.000,DODG,4D,,BRO,,IL,10300 S. Doty,(773) 568-8495,2888650
2019-10-27T00:00:00.000,DODG,4D,,GRN,AX27407,IL,10300 S. Doty,(773) 568-8495,2888701
2019-10-27T00:00:00.000,DODG,4D,,RED,AT86532,IL,10300 S. Doty,(773) 568-8495,2888676
2019-10-27T00:00:00.000,DODG,LL,,GRY,549095,IL,10300 S. Doty,(773) 568-8495,2888686
2019-10-27T00:00:00.000,FORD,4D,,SIL,Q381582,IL,10300 S. Doty,(773) 568-8495,2888677
2019-10-27T00:00:00.000,FORD,LL,,RED,K742839,IN,10300 S. Doty,(773) 568-8495,2888655
2019-10-27T00:00:00.000,FORD,PK,,GRY,2670600,IL,10300 S. Doty,(773) 568-8495,2888704
2019-10-27T00:00:00.000,GMC,PK,,WHI,AE14990,AZ,701 N. Sacramento,(773) 265-7605,6971837
2019-10-27T00:00:00.000,HOND,4T,,BLK,BH97202,IL,701 N. Sacramento,(773) 265-7605,6971805
2019-10-27T00:00:00.000,HOND,LL,,BLU,AY77353,IL,10300 S. Doty,(773) 568-8495,2888692
2019-10-27T00:00:00.000,HOND,VN,,LBL,BF50549,IL,701 N. Sacramento,(773) 265-7605,6971807
2019-10-27T00:00:00.000,HYUN,4D,,GRY,,,701 N. Sacramento,(773) 265-7605,6971843
2019-10-27T00:00:00.000,JEEP,LL,,GRY,BD28527,IL,10300 S. Doty,(773) 568-8495,2888667
2019-10-27T00:00:00.000,JEEP,LL,,WHI,HTS7583,OH,10300 S. Doty,(773) 568-8495,2888691
2019-10-27T00:00:00.000,KIA,4D,,BLU,BN78364,IL,10300 S. Doty,(773) 568-8495,2888705
2019-10-27T00:00:00.000,MAZD,4T,,BRZ,P314372,IL,10300 S. Doty,(773) 568-8495,2888656
2019-10-27T00:00:00.000,MERC,LL,,SIL,AL82798,IL,10300 S. Doty,(773) 568-8495,2888687
2019-10-27T00:00:00.000,NISS,4D,,BLK,Q606025,IL,10300 S. Doty,(773) 568-8495,2888672
2019-10-27T00:00:00.000,NISS,4D,,WHI,P677336,IL,10300 S. Doty,(773) 568-8495,2888669
2019-10-27T00:00:00.000,NISS,4D,,BLK,AN22011,IL,701 N. Sacramento,(773) 265-7605,6971812
2019-10-27T00:00:00.000,NISS,4T,,BLK,BF41966,IL,701 N. Sacramento,(773) 265-7605,6971802
2019-10-27T00:00:00.000,PONT,2D,,BLK,AQ54953,IL,10300 S. Doty,(773) 568-8495,2888681
2019-10-27T00:00:00.000,PONT,4D,,BLK,BA38807,IL,701 N. Sacramento,(773) 265-7605,6971806
2019-10-27T00:00:00.000,PONT,4T,,BGE,V128170,IL,701 N. Sacramento,(773) 265-7605,6971809
2019-10-27T00:00:00.000,SATR,LL,,SIL,BM17168,IL,701 N. Sacramento,(773) 265-7605,6971842
2019-10-27T00:00:00.000,TOYT,4D,,GRY,BU73573,IL,10300 S. Doty,(773) 568-8495,2888682
2019-10-27T00:00:00.000,TOYT,4D,,BLU,,IL,10300 S. Doty,(773) 568-8495,2888660
2019-10-27T00:00:00.000,TOYT,4T,,GRY,AF28325,IL,10300 S. Doty,(773) 568-8495,2888665
2019-10-27T00:00:00.000,TOYT,LL,,SIL,,IL,10300 S. Doty,(773) 568-8495,2888696
2019-10-27T00:00:00.000,TOYT,LL,,WHI,644U305,IL,10300 S. Doty,(773) 568-8495,2888695
2019-10-26T00:00:00.000,ACUR,4D,,BLU,AM26441,IL,701 N. Sacramento,(773) 265-7605,6971754
2019-10-26T00:00:00.000,ACUR,4T,,GRY,BB59427,IL,10300 S. Doty,(773) 568-8495,2888559
2019-10-26T00:00:00.000,ACUR,LL,,TAN,AT79560,IL,701 N. Sacramento,(773) 265-7605,6971762
2019-10-26T00:00:00.000,BUIC,4D,,SIL,BB20125,IL,10300 S. Doty,(773) 568-8495,2888602
2019-10-26T00:00:00.000,BUIC,4D,,TAN,R313681,IL,701 N. Sacramento,(773) 265-7605,6971763
2019-10-26T00:00:00.000,BUIC,4T,,SIL,,IL,701 N. Sacramento,(773) 265-7605,6971736
2019-10-26T00:00:00.000,CADI,4D,,BLK,AS50762,IL,10300 S. Doty,(773) 568-8495,2888624
2019-10-26T00:00:00.000,CHEV,4D,,GRY,DHSG11,FL,10300 S. Doty,(773) 568-8495,2888648
2019-10-26T00:00:00.000,CHEV,4D,,GLD,Y857077,IL,701 N. Sacramento,(773) 265-7605,6971776
2019-10-26T00:00:00.000,CHEV,4D,,MAR,V153756,IL,701 N. Sacramento,(773) 265-7605,6971775
2019-10-26T00:00:00.000,CHEV,4D,,GRY,AE34153,IL,10300 S. Doty,(773) 568-8495,2888627
2019-10-26T00:00:00.000,CHEV,4D,,GRN,AT40690,IL,701 N. Sacramento,(773) 265-7605,6971780
2019-10-26T00:00:00.000,CHEV,4D,,BLK,BN92466,IL,10300 S. Doty,(773) 568-8495,2888598
2019-10-26T00:00:00.000,CHEV,4D,,SIL,,IL,701 N. Sacramento,(773) 265-7605,6971792
2019-10-26T00:00:00.000,CHEV,4D,,WHI,,IL,10300 S. Doty,(773) 568-8495,2888636
2019-10-26T00:00:00.000,CHEV,4D,,SIL,AW12992,IL,701 N. Sacramento,(773) 265-7605,6971767
2019-10-26T00:00:00.000,CHEV,4D,,TAN,AG37395,IL,701 N. Sacramento,(773) 265-7605,6971785
2019-10-26T00:00:00.000,CHEV,LL,,WHI,040G710,MI,701 N. Sacramento,(773) 265-7605,6971795
2019-10-26T00:00:00.000,CHEV,PK,,MAR,2399264,IL,10300 S. Doty,(773) 568-8495,2888629
2019-10-26T00:00:00.000,CHEV,PK,,BLU,80649FF,IL,10300 S. Doty,(773) 568-8495,2888631
2019-10-26T00:00:00.000,CHRY,4D,,WHI,AU40812,IL,10300 S. Doty,(773) 568-8495,2888607
2019-10-26T00:00:00.000,CHRY,LL,,LBL,BF21867,IL,10300 S. Doty,(773) 568-8495,2888560
2019-10-26T00:00:00.000,DODG,LL,,BRZ,BK65070,IL,701 N. Sacramento,(773) 265-7605,6971735
2019-10-26T00:00:00.000,DODG,PK,TK,RED,2713191B,IL,10300 S. Doty,(773) 568-8495,2888642
2019-10-26T00:00:00.000,DODG,PK,,RED,2473513B,IL,701 N. Sacramento,(773) 265-7605,6971768
2019-10-26T00:00:00.000,DODG,PK,,SIL,1605834B,IL,10300 S. Doty,(773) 568-8495,2888640
2019-10-26T00:00:00.000,DODG,VN,,RED,Q476887,IL,10300 S. Doty,(773) 568-8495,2888612
2019-10-26T00:00:00.000,FORD,4D,,WHI,AT45113,IL,10300 S. Doty,(773) 568-8495,2888613
2019-10-26T00:00:00.000,FORD,4D,,WHI,BE92492,IL,10300 S. Doty,(773) 568-8495,2888584
2019-10-26T00:00:00.000,FORD,4D,,WHI,K772328,IL,10300 S. Doty,(773) 568-8495,2888589
2019-10-26T00:00:00.000,FORD,4D,,BLK,791TRL,IN,10300 S. Doty,(773) 568-8495,2888621
2019-10-26T00:00:00.000,FORD,4D,,GRY,,IL,10300 S. Doty,(773) 568-8495,2888604
2019-10-26T00:00:00.000,FORD,4D,,BLK,E371558,IL,701 N. Sacramento,(773) 265-7605,6971758
2019-10-26T00:00:00.000,FORD,LL,,SIL,P206107,IL,701 N. Sacramento,(773) 265-7605,6971752
2019-10-26T00:00:00.000,FORD,LL,,BLK,BD17309,IL,10300 S. Doty,(773) 568-8495,2888580
2019-10-26T00:00:00.000,FORD,LL,,WHI,,IL,10300 S. Doty,(773) 568-8495,2888635
2019-10-26T00:00:00.000,FORD,LL,,RED,AM99859,IL,701 N. Sacramento,(773) 265-7605,6971773
2019-10-26T00:00:00.000,FORD,VN,,BLU,V518771,IL,701 N. Sacramento,(773) 265-7605,6971772
2019-10-26T00:00:00.000,JEEP,LL,,BLK,BQ74539,IL,701 N. Sacramento,(773) 265-7605,6971755
2019-10-26T00:00:00.000,JEEP,LL,,BLU,312143,IL,701 N. Sacramento,(773) 265-7605,6971786
2019-10-26T00:00:00.000,KIA,4D,,GRY,Z348040,IL,400 E. Lower Wacker,(312) 744-7550,0214718
2019-10-26T00:00:00.000,KIA,SW,,WHI,BD31666,IL,701 N. Sacramento,(773) 265-7605,6971745
2019-10-26T00:00:00.000,MAZD,4D,,TAN,864U783,IL,10300 S. Doty,(773) 568-8495,2888566
2019-10-26T00:00:00.000,MAZD,4D,,BLU,308875,IL,701 N. Sacramento,(773) 265-7605,6971782
2019-10-26T00:00:00.000,MAZD,VN,,SIL,AS87951,IL,701 N. Sacramento,(773) 265-7605,6971766
2019-10-26T00:00:00.000,MERC,4D,,RED,,IL,701 N. Sacramento,(773) 265-7605,6971788
2019-10-26T00:00:00.000,MERZ,4D,,GRY,3DZ4649,MD,10300 S. Doty,(773) 568-8495,2888588
2019-10-26T00:00:00.000,MERZ,4D,,BRO,BQ13554,IL,10300 S. Doty,(773) 568-8495,2888557
2019-10-26T00:00:00.000,NISS,4D,,BLK,,IL,10300 S. Doty,(773) 568-8495,2888633
2019-10-26T00:00:00.000,NISS,4D,,SIL,Q992491,IL,10300 S. Doty,(773) 568-8495,2888628
2019-10-26T00:00:00.000,NISS,4D,,TAN,,IL,10300 S. Doty,(773) 568-8495,2888634
2019-10-26T00:00:00.000,NISS,4D,,SIL,E422620,IL,701 N. Sacramento,(773) 265-7605,6971743
2019-10-26T00:00:00.000,OTTE,HH,,WHI,121704TC,IL,10300 S. Doty,(773) 568-8495,2888611
2019-10-26T00:00:00.000,PONT,4D,,SIL,BG86374,IL,701 N. Sacramento,(773) 265-7605,6971774
2019-10-26T00:00:00.000,PONT,VN,,BLU,BE76413,IL,701 N. Sacramento,(773) 265-7605,6971760
2019-10-26T00:00:00.000,TOYT,4D,,TAN,,IL,10300 S. Doty,(773) 568-8495,2888615
2019-10-26T00:00:00.000,TOYT,4D,,BLK,Z972806,IL,400 E. Lower Wacker,(312) 744-7550,2888591
2019-10-26T00:00:00.000,TOYT,4D,,WHI,E972169,IL,10300 S. Doty,(773) 568-8495,2888647
2019-10-26T00:00:00.000,TOYT,4T,,BGE,BH97266,IL,10300 S. Doty,(773) 568-8495,2888579
2019-10-26T00:00:00.000,VOLK,4D,,BLK,BQ79794,IL,10300 S. Doty,(773) 568-8495,2888649
2019-10-26T00:00:00.000,,,,WHI,,IL,10300 S. Doty,(773) 568-8495,2888610
2019-10-25T00:00:00.000,BMW,2D,,BLK,00222014,IL,10300 S. Doty,(773) 568-8495,2888550
2019-10-25T00:00:00.000,BMW,4D,,BLK,BH23596,IL,10300 S. Doty,(773) 568-8495,2888507
2019-10-25T00:00:00.000,BUIC,2D,,BLU,,IL,701 N. Sacramento,(773) 265-1846,1539450
2019-10-25T00:00:00.000,BUIC,4D,,TAN,,IL,10300 S. Doty,(773) 785-9752,1719689
2019-10-25T00:00:00.000,BUIC,LL,,MAR,BH94107,IL,701 N. Sacramento,(773) 265-7605,6971676
2019-10-25T00:00:00.000,CADI,4D,,GRY,BR71930,IL,701 N. Sacramento,(773) 265-7605,6971687
2019-10-25T00:00:00.000,CHEV,2D,,BLU,BE84366,IL,10300 S. Doty,(773) 568-8495,2888548
2019-10-25T00:00:00.000,CHEV,4D,,WHI,AW25882,IL,701 N. Sacramento,(773) 265-7605,6971692
2019-10-25T00:00:00.000,CHEV,4D,,BLK,E418406,IL,10300 S. Doty,(773) 568-8495,2888545
2019-10-25T00:00:00.000,CHEV,4D,,BLU,AP73056,IL,10300 S. Doty,(773) 568-8495,2888547
2019-10-25T00:00:00.000,CHEV,4D,,BLK,BN81407,IL,10300 S. Doty,(773) 568-8495,2888480
2019-10-25T00:00:00.000,CHEV,LL,,SIL,GKT4689,TX,701 N. Sacramento,(773) 265-7605,6971715
2019-10-25T00:00:00.000,CHEV,LL,,GRN,482821,IL,701 N. Sacramento,(773) 265-7605,6971713
2019-10-25T00:00:00.000,CHEV,LL,,GRN,N561590,IL,701 N. Sacramento,(773) 265-7605,6971683
2019-10-25T00:00:00.000,CHEV,LL,,SIL,AN16702,IL,701 N. Sacramento,(773) 265-1846,1539451
2019-10-25T00:00:00.000,CHEV,LL,,BGE,ZU59011,IL,701 N. Sacramento,(773) 265-7605,6971678
2019-10-25T00:00:00.000,CHEV,VN,,GRY,AV93512,IL,701 N. Sacramento,(773) 265-7605,6971689
2019-10-25T00:00:00.000,CHRY,4D,,GRY,BM22760,IL,701 N. Sacramento,(773) 265-7605,6971698
2019-10-25T00:00:00.000,CHRY,4D,,BLK,AP54254,IL,10300 S. Doty,(773) 785-9752,1719688
2019-10-25T00:00:00.000,CHRY,4D,,BLU,2111995,IL,10300 S. Doty,(773) 785-9752,1719687
2019-10-25T00:00:00.000,CHRY,LL,,RED,,IL,10300 S. Doty,(773) 568-8495,2888515
2019-10-25T00:00:00.000,DODG,4D,,GLD,BH12787,IL,10300 S. Doty,(773) 568-8495,2888542
2019-10-25T00:00:00.000,DODG,4D,,BGE,,IL,701 N. Sacramento,(773) 265-7605,6971718
2019-10-25T00:00:00.000,DODG,VN,,BLU,D213ZH,IN,10300 S. Doty,(773) 568-8495,2888537
2019-10-25T00:00:00.000,FORD,2D,,WHI,364919,IL,701 N. Sacramento,(773) 265-7605,6971721
2019-10-25T00:00:00.000,FORD,LL,,RED,BK38448,IL,10300 S. Doty,(773) 568-8495,2888486
2019-10-25T00:00:00.000,FORD,SD,,SIL,BT40104,IL,10300 S. Doty,(773) 568-8495,2888527
2019-10-25T00:00:00.000,HOND,4D,,DBL,Q335823,IL,10300 S. Doty,(773) 568-8495,2888481
2019-10-25T00:00:00.000,HOND,4D,,GRN,A174010,IL,701 N. Sacramento,(773) 265-7605,6971699
2019-10-25T00:00:00.000,HYUN,4D,,WHI,AZ88029,IL,10300 S. Doty,(773) 568-8495,2888554
2019-10-25T00:00:00.000,HYUN,4D,,WHI,,IL,10300 S. Doty,(773) 568-8495,2888553
2019-10-25T00:00:00.000,HYUN,LL,,SIL,BL54060,IL,701 N. Sacramento,(773) 265-7605,6971702
2019-10-25T00:00:00.000,JEEP,LL,,RED,ZZ44408,IL,701 N. Sacramento,(773) 265-7605,6971714
2019-10-25T00:00:00.000,LINC,4D,,BLK,Z895483,IL,10300 S. Doty,(773) 568-8495,2888500
2019-10-25T00:00:00.000,LINC,LL,,BLK,918U133,IL,701 N. Sacramento,(773) 265-7605,6971685
2019-10-25T00:00:00.000,MERC,4D,,GRY,AZ35824,IL,701 N. Sacramento,(773) 265-7605,6971719
2019-10-25T00:00:00.000,MERC,4D,,BLK,Q582423,IL,10300 S. Doty,(773) 568-8495,2888522
2019-10-25T00:00:00.000,NISS,4D,,GRY,BE89644,IL,701 N. Sacramento,(773) 265-7605,6971701
2019-10-25T00:00:00.000,NISS,4D,,GRY,VMM826,NB,400 E. Lower Wacker,(312) 744-7550,6971703
2019-10-25T00:00:00.000,NISS,4D,,WHI,Q115950,IL,701 N. Sacramento,(773) 265-7605,6971677
2019-10-25T00:00:00.000,NISS,VN,,GRY,BL83099,IL,701 N. Sacramento,(773) 265-7605,6971679
2019-10-25T00:00:00.000,OLDS,4D,,GLD,BE92351,IL,10300 S. Doty,(773) 568-8495,2888503
2019-10-25T00:00:00.000,OTTE,MS,,RED,,IL,701 N. Sacramento,(773) 265-1846,1539449
2019-10-25T00:00:00.000,PONT,4D,,GRY,,,400 E. Lower Wacker,(312) 744-7550,0214703
2019-10-25T00:00:00.000,PONT,4D,,GRY,AW12568,IL,701 N. Sacramento,(773) 265-7605,6971693
2019-10-25T00:00:00.000,PONT,4D,,GRY,,IL,701 N. Sacramento,(773) 265-7605,6971697
2019-10-25T00:00:00.000,TOYT,4D,,GLD,BG55491,IL,10300 S. Doty,(773) 785-9752,1719691
2019-10-25T00:00:00.000,TOYT,4D,,SIL,ZZ57348,IL,10300 S. Doty,(773) 568-8495,2888534
2019-10-25T00:00:00.000,TOYT,4D,,WHI,BL96002,IL,701 N. Sacramento,(773) 265-7605,6971710
2019-10-25T00:00:00.000,TOYT,4D,,BLK,BM79224,IL,701 N. Sacramento,(773) 265-7605,6971682
2019-10-25T00:00:00.000,TOYT,LL,,WHI,ZZ51779,IL,10300 S. Doty,(773) 568-8495,2888543
2019-10-25T00:00:00.000,,BT,,GRY,,IL,701 N. Sacramento,(773) 265-7605,6971717
2019-10-25T00:00:00.000,,,,WHI,,IL,701 N. Sacramento,(773) 265-7605,6971716
2019-10-24T00:00:00.000,BMW,LL,,LBL,BG97879,IL,10300 S. Doty,(773) 568-8495,2888476
2019-10-24T00:00:00.000,BUIC,4D,,GRN,943T127,IL,701 N. Sacramento,(773) 265-7605,6971669
2019-10-24T00:00:00.000,CHEV,4D,,WHI,AD61026,IL,701 N. Sacramento,(773) 265-7605,6971673
2019-10-24T00:00:00.000,CHEV,4D,,GRY,,IL,10300 S. Doty,(773) 568-8495,2888467
2019-10-24T00:00:00.000,CHEV,4D,,BLK,BH96870,IL,10300 S. Doty,(773) 568-8495,2888390
2019-10-24T00:00:00.000,CHEV,4D,,BRO,,IL,10300 S. Doty,(773) 568-8495,2888369
2019-10-24T00:00:00.000,CHEV,4D,,GRY,351REG,IN,10300 S. Doty,(773) 568-8495,2888444
2019-10-24T00:00:00.000,CHEV,4D,,GRY,AX92128,IL,701 N. Sacramento,(773) 265-7605,6971674
2019-10-24T00:00:00.000,CHEV,4D,,BLK,BN83859,IL,10300 S. Doty,(773) 568-8495,2888472
2019-10-24T00:00:00.000,CHEV,4D,,SIL,E669395,IL,10300 S. Doty,(773) 568-8495,2888466
2019-10-24T00:00:00.000,CHEV,4D,,WHI,BL25557,IL,10300 S. Doty,(773) 568-8495,2888396
2019-10-24T00:00:00.000,CHEV,4D,,RED,E156551,IL,701 N. Sacramento,(773) 265-7605,6971667
2019-10-24T00:00:00.000,CHEV,LL,,SIL,ADB2261,IL,10300 S. Doty,(773) 568-8495,2888375
2019-10-24T00:00:00.000,CHEV,PK,,GRN,2323155B,IL,10300 S. Doty,(773) 568-8495,2888381
2019-10-24T00:00:00.000,CHEV,VN,,SIL,BN29967,IL,10300 S. Doty,(773) 568-8495,2888461
2019-10-24T00:00:00.000,CHRY,2D,,SIL,NF32792,IL,10300 S. Doty,(773) 785-9752,1719686
2019-10-24T00:00:00.000,DODG,4D,,RED,BN74066,IL,701 N. Sacramento,(773) 265-7605,6971639
2019-10-24T00:00:00.000,DODG,4D,,BLK,BF60899,IL,10300 S. Doty,(773) 568-8495,2888411
2019-10-24T00:00:00.000,FORD,4D,,TAN,S1207D,IL,701 N. Sacramento,(773) 265-1846,1539438
2019-10-24T00:00:00.000,FORD,4D,,BLK,BN72679,IL,10300 S. Doty,(773) 568-8495,2888439
2019-10-24T00:00:00.000,FORD,4D,,GRY,BK13759,IL,10300 S. Doty,(773) 568-8495,2888479
2019-10-24T00:00:00.000,FORD,LL,,WHI,393929RV,IL,701 N. Sacramento,(773) 265-1846,1539439
2019-10-24T00:00:00.000,FORD,LL,,BLU,L719852,IL,10300 S. Doty,(773) 568-8495,2888469
2019-10-24T00:00:00.000,FORD,LL,,BLK,,IL,701 N. Sacramento,(773) 265-7605,485140
2019-10-24T00:00:00.000,FORD,VN,,WHI,Z883264,IL,400 E. Lower Wacker,(312) 744-7550,0214577
2019-10-24T00:00:00.000,FORD,VN,,DBL,BH80109,IL,10300 S. Doty,(773) 568-8495,2888459
2019-10-24T00:00:00.000,GMC,LL,,BLK,,IL,10300 S. Doty,(773) 568-8495,2888457
2019-10-24T00:00:00.000,HOND,4D,,GRN,,IL,701 N. Sacramento,(773) 265-7605,6971658
2019-10-24T00:00:00.000,HYUN,4D,,WHI,BK12351,IL,10300 S. Doty,(773) 568-8495,2888376
2019-10-24T00:00:00.000,INFI,4D,,BLK,,IL,10300 S. Doty,(773) 568-8495,2888371
2019-10-24T00:00:00.000,JAGU,4D,,WHI,BE96090,IL,10300 S. Doty,(773) 568-8495,2888422
2019-10-24T00:00:00.000,JEEP,LL,,BLK,BH96402,IL,10300 S. Doty,(773) 568-8495,2888388
2019-10-24T00:00:00.000,KIA,4D,,GRY,BF27667,IL,10300 S. Doty,(773) 568-8495,2888400
2019-10-24T00:00:00.000,MERZ,LL,,BLK,V818727,IL,10300 S. Doty,(773) 568-8495,2888429
2019-10-24T00:00:00.000,MITS,4D,,BLU,AT22740,IL,10300 S. Doty,(773) 568-8495,2888389
2019-10-24T00:00:00.000,MITS,LL,,WHI,281405D,IL,701 N. Sacramento,(773) 265-7605,6971657
2019-10-24T00:00:00.000,NISS,4D,,GRY,AQ13705,IL,701 N. Sacramento,(773) 265-1846,1539442
2019-10-24T00:00:00.000,NISS,4D,,MAR,BK14977,IL,701 N. Sacramento,(773) 265-7605,6971663
2019-10-24T00:00:00.000,PONT,4D,,TAN,,IL,10300 S. Doty,(773) 568-8495,2888474
2019-10-24T00:00:00.000,PONT,4D,,BLK,R172234,IL,701 N. Sacramento,(773) 265-7605,6971637
2019-10-24T00:00:00.000,SATR,4D,,GRY,BH80570,IL,10300 S. Doty,(773) 568-8495,2888433
2019-10-24T00:00:00.000,SUBA,4D,,SIL,BN79711,IL,10300 S. Doty,(773) 785-9752,1719685
2019-10-24T00:00:00.000,VOLK,4D,,BLK,BA17114,IL,10300 S. Doty,(773) 568-8495,2888378
2019-10-24T00:00:00.000,,MS,,BLK,,,701 N. Sacramento,(773) 265-1846,1539443
2019-10-24T00:00:00.000,,UT,,YEL,,IL,701 N. Sacramento,(773) 265-1846,1539446
2019-10-23T00:00:00.000,BMW,LL,,SIL,413616,IL,701 N. Sacramento,(773) 265-7605,6971556
2019-10-23T00:00:00.000,BUIC,4D,,WHI,,,10300 S. Doty,(773) 568-8495,2888261
2019-10-23T00:00:00.000,BUIC,4D,,SIL,AT56662,IL,10300 S. Doty,(773) 568-8495,2888335
2019-10-23T00:00:00.000,BUIC,LL,,BGE,Z6132G,WI,701 N. Sacramento,(773) 265-7605,6971575
2019-10-23T00:00:00.000,CADI,2D,,MAR,BH8854,IL,10300 S. Doty,(773) 568-8495,2888276
2019-10-23T00:00:00.000,CHEV,2D,,RED,BK15349,IL,10300 S. Doty,(773) 568-8495,2888323
2019-10-23T00:00:00.000,CHEV,4D,,BGE,523U073,IL,10300 S. Doty,(773) 568-8495,2888350
2019-10-23T00:00:00.000,CHEV,4D,,SIL,,,10300 S. Doty,(773) 568-8495,2888344
2019-10-23T00:00:00.000,CHEV,4D,,BLK,AN37766,IL,701 N. Sacramento,(773) 265-7605,6971595
2019-10-23T00:00:00.000,CHEV,4D,,SIL,BF26341,IL,10300 S. Doty,(773) 568-8495,2888358
2019-10-23T00:00:00.000,CHEV,4D,,SIL,864T684,IL,10300 S. Doty,(773) 568-8495,2888338
2019-10-23T00:00:00.000,CHEV,4D,,BLK,,IL,701 N. Sacramento,(773) 265-7605,6971594
2019-10-23T00:00:00.000,CHEV,4T,,DBL,AQ77293,IL,701 N. Sacramento,(773) 265-7605,6971562
2019-10-23T00:00:00.000,CHEV,LL,,RED,830U556,IL,701 N. Sacramento,(773) 265-7605,6971579
2019-10-23T00:00:00.000,CHEV,LL,,WHI,BU69061,IL,701 N. Sacramento,(773) 265-7605,6971566
2019-10-23T00:00:00.000,CHEV,LL,,BLK,BH96005,IL,10300 S. Doty,(773) 568-8495,2888348
2019-10-23T00:00:00.000,CHRY,4T,,SIL,K688404,IN,10300 S. Doty,(773) 568-8495,2888249
2019-10-23T00:00:00.000,DODG,4D,,SIL,BA58268,IL,701 N. Sacramento,(773) 265-7605,6971621
2019-10-23T00:00:00.000,DODG,4T,,RED,AH30425,IL,10300 S. Doty,(773) 568-8495,2888235
2019-10-23T00:00:00.000,DODG,PK,TK,BLU,1885394B,IL,10300 S. Doty,(773) 568-8495,2888353
2019-10-23T00:00:00.000,DODG,VN,,BLK,GRT366,OK,10300 S. Doty,(773) 568-8495,2888262
2019-10-23T00:00:00.000,DODG,VN,,BLU,,IL,10300 S. Doty,(773) 785-9752,1719684
2019-10-23T00:00:00.000,FORD,4D,,GLD,773U359,IL,701 N. Sacramento,(773) 265-7605,6971593
2019-10-23T00:00:00.000,FORD,LL,,BLK,BL95784,IL,701 N. Sacramento,(773) 265-7605,6971558
2019-10-23T00:00:00.000,FORD,LL,,WHI,BF23332,IL,10300 S. Doty,(773) 568-8495,2888345
2019-10-23T00:00:00.000,FORD,LL,TK,TAN,BM42021,IL,10300 S. Doty,(773) 568-8495,2888346
2019-10-23T00:00:00.000,FORD,LL,,TAN,K114218,IL,701 N. Sacramento,(773) 265-7605,6971611
2019-10-23T00:00:00.000,FORD,PK,TK,RED,,,701 N. Sacramento,(773) 265-7605,6971623
2019-10-23T00:00:00.000,GMC,4D,,SIL,E364816,IL,10300 S. Doty,(773) 568-8495,2888266
2019-10-23T00:00:00.000,GMC,LL,TK,TAN,BN77356,IL,10300 S. Doty,(773) 568-8495,2888228
2019-10-23T00:00:00.000,HOND,4T,,GRN,804683,IL,701 N. Sacramento,(773) 265-7605,6971557
2019-10-23T00:00:00.000,HOND,LL,,TRQ,BA78629,IL,701 N. Sacramento,(773) 265-7605,6971590
2019-10-23T00:00:00.000,HYUN,4D,,SIL,BG48114,IL,10300 S. Doty,(773) 568-8495,2888272
2019-10-23T00:00:00.000,HYUN,4T,,SIL,BE85338,IL,10300 S. Doty,(773) 568-8495,2888252
2019-10-23T00:00:00.000,INFI,4D,,BLK,AE85197,IL,10300 S. Doty,(773) 568-8495,2888300
2019-10-23T00:00:00.000,INFI,4D,,GRN,,IL,10300 S. Doty,(773) 785-9752,1719683
2019-10-23T00:00:00.000,JAGU,4D,,SIL,BH98391,IL,701 N. Sacramento,(773) 265-7605,6971561
2019-10-23T00:00:00.000,KIA,4D,,BLU,K745031,IL,701 N. Sacramento,(773) 265-7605,6971617
2019-10-23T00:00:00.000,KIA,4D,,RED,AS62682,IL,10300 S. Doty,(773) 568-8495,2888357
2019-10-23T00:00:00.000,KIA,LL,,WHI,V760108,IL,701 N. Sacramento,(773) 265-7605,6971618
2019-10-23T00:00:00.000,LINC,4D,,WHI,E642761,IL,10300 S. Doty,(773) 568-8495,2888364
2019-10-23T00:00:00.000,MAZD,2D,,SIL,,IL,701 N. Sacramento,(773) 265-1846,1539435
2019-10-23T00:00:00.000,MERZ,4D,,WHI,,,10300 S. Doty,(773) 568-8495,2888248
2019-10-23T00:00:00.000,MITS,4T,,RED,BL12117,IL,701 N. Sacramento,(773) 265-7605,6971572
2019-10-23T00:00:00.000,MITS,LL,,GRY,BE82784,IL,10300 S. Doty,(773) 568-8495,2888227
2019-10-23T00:00:00.000,NISS,4D,,WHI,JLDQ57,FL,701 N. Sacramento,(773) 265-7605,6971614
2019-10-23T00:00:00.000,OLDS,4D,,SIL,BL83455,IL,10300 S. Doty,(773) 568-8495,2888303
2019-10-23T00:00:00.000,PONT,4D,,BLU,BE16603,IL,701 N. Sacramento,(773) 265-7605,6971629
2019-10-23T00:00:00.000,PONT,4D,,TAN,,IL,10300 S. Doty,(773) 568-8495,2888299
2019-10-23T00:00:00.000,PONT,4D,,WHI,,,701 N. Sacramento,(773) 265-7605,6971585
2019-10-23T00:00:00.000,PONT,VN,,MAR,BF22899,IL,701 N. Sacramento,(773) 265-7605,6971603
2019-10-23T00:00:00.000,SATR,LL,,BLK,AH38087,IL,701 N. Sacramento,(773) 265-1846,1539436
2019-10-23T00:00:00.000,TOYT,2D,,BLK,AX90104,IL,701 N. Sacramento,(773) 265-7605,6971607
2019-10-23T00:00:00.000,TOYT,4D,,SIL,2286157,IL,10300 S. Doty,(773) 568-8495,2888329
2019-10-23T00:00:00.000,TOYT,4D,,GRN,AFY4507,WI,10300 S. Doty,(773) 568-8495,2888356
2019-10-23T00:00:00.000,TOYT,4D,,WHI,BB81497,IL,10300 S. Doty,(773) 568-8495,2888298
2019-10-23T00:00:00.000,VOLK,4D,,GRY,819257,IL,701 N. Sacramento,(773) 265-7605,6971589
2019-10-23T00:00:00.000,VOLK,4D,,SIL,KWS5490,TX,701 N. Sacramento,(773) 265-7605,6971627
2019-10-22T00:00:00.000,AUDI,4D,,BLK,600XP,IN,10300 S. Doty,(773) 568-8495,2888165
2019-10-22T00:00:00.000,BMW,4D,,RED,704U159,IL,10300 S. Doty,(773) 568-8495,2888213
2019-10-22T00:00:00.000,BUIC,4D,,BLU,BM20797,IL,10300 S. Doty,(773) 568-8495,2888160
2019-10-22T00:00:00.000,CADI,4D,,WHI,Q461032,IL,10300 S. Doty,(773) 568-8495,2888166
2019-10-22T00:00:00.000,CHEV,2D,,GRY,BE58888,IL,10300 S. Doty,(773) 785-9752,1719681
2019-10-22T00:00:00.000,CHEV,4D,,WHI,BQ82546,IL,10300 S. Doty,(773) 568-8495,2888222
2019-10-22T00:00:00.000,CHEV,4D,,BGE,BN80763,IL,701 N. Sacramento,(773) 265-7605,6971534
2019-10-22T00:00:00.000,CHEV,4D,,BLK,X484945,IL,10300 S. Doty,(773) 568-8495,2888220
2019-10-22T00:00:00.000,CHRY,VN,,YEL,,,701 N. Sacramento,(773) 265-7605,6971529
2019-10-22T00:00:00.000,DODG,4D,,GRY,LSPJ38,FL,10300 S. Doty,(773) 568-8495,2888221
2019-10-22T00:00:00.000,DODG,LL,,SIL,BG74533,IL,10300 S. Doty,(773) 568-8495,2888182
2019-10-22T00:00:00.000,DODG,VN,,WHI,KEYTH3PV,IL,400 E. Lower Wacker,(312) 744-7550,0214433
2019-10-22T00:00:00.000,FORD,2D,,RED,00234292,IL,10300 S. Doty,(773) 568-8495,2888187
2019-10-22T00:00:00.000,FORD,4D,,BLK,BG88391,IL,701 N. Sacramento,(773) 265-1846,1539429
2019-10-22T00:00:00.000,FORD,4D,,WHI,AU75178,IL,701 N. Sacramento,(773) 265-7605,6971544
2019-10-22T00:00:00.000,FORD,4D,,GRN,BF19144,IL,10300 S. Doty,(773) 568-8495,2888218
2019-10-22T00:00:00.000,FORD,LL,,BLK,MV79840,WI,701 N. Sacramento,(773) 265-1846,1539431
2019-10-22T00:00:00.000,FORD,LL,,BLU,BQ65882,IL,701 N. Sacramento,(773) 265-7605,6971553
2019-10-22T00:00:00.000,FORD,PK,,GRY,2205030B,IL,701 N. Sacramento,(773) 265-7605,6971545
2019-10-22T00:00:00.000,FORD,TR,,TAN,402396RV,IL,701 N. Sacramento,(773) 265-1846,1539428
2019-10-22T00:00:00.000,GMC,LL,TK,GRN,816U747,IL,701 N. Sacramento,(773) 265-7605,6971548
2019-10-22T00:00:00.000,HOND,4D,,BLU,BT30682,IL,10300 S. Doty,(773) 568-8495,2888202
2019-10-22T00:00:00.000,HOND,LL,,GRY,E154666,IL,10300 S. Doty,(773) 568-8495,2888179
2019-10-22T00:00:00.000,HYUN,2T,,BLU,BF24784,IL,701 N. Sacramento,(773) 265-7605,6971525
2019-10-22T00:00:00.000,HYUN,4D,,SIL,BE24501,IL,10300 S. Doty,(773) 568-8495,2888219
2019-10-22T00:00:00.000,HYUN,LL,,SIL,852U348,IL,10300 S. Doty,(773) 785-9752,1719680
2019-10-22T00:00:00.000,INFI,4D,,SIL,BN19549,IL,701 N. Sacramento,(773) 265-7605,6971547
2019-10-22T00:00:00.000,INFI,LL,,SIL,,IL,10300 S. Doty,(773) 568-8495,2888201
2019-10-22T00:00:00.000,JEEP,4D,,BLK,BG90502,IL,701 N. Sacramento,(773) 265-7605,6971528
2019-10-22T00:00:00.000,JEEP,LL,,GRY,X425395,IL,10300 S. Doty,(773) 568-8495,2888225
2019-10-22T00:00:00.000,JEEP,LL,,RED,GUZ194,IA,10300 S. Doty,(773) 568-8495,2888212
2019-10-22T00:00:00.000,JEEP,LL,,BLU,A263120,IL,701 N. Sacramento,(773) 265-7605,6971555
2019-10-22T00:00:00.000,JEEP,LL,,WHI,AQ70452,IL,701 N. Sacramento,(773) 265-7605,6971554
2019-10-22T00:00:00.000,MAZD,4D,,BLU,BC512,IL,400 E. Lower Wacker,(312) 744-7550,02144
2019-10-22T00:00:00.000,MAZD,VN,,RED,00231134,IL,701 N. Sacramento,(773) 265-7605,6971543
2019-10-22T00:00:00.000,MERC,LL,,BLK,AV88385,IL,10300 S. Doty,(773) 568-8495,2888208
2019-10-22T00:00:00.000,MITS,4D,,WHI,6256760,IL,10300 S. Doty,(773) 568-8495,2888204
2019-10-22T00:00:00.000,MITS,LL,,WHI,AJ83514,IL,701 N. Sacramento,(773) 265-7605,6971542
2019-10-22T00:00:00.000,NISS,4D,,SIL,,IL,701 N. Sacramento,(773) 265-1846,1539433
2019-10-22T00:00:00.000,NISS,LL,,RED,FORTN81,IL,701 N. Sacramento,(773) 265-1846,1539430
2019-10-22T00:00:00.000,PONT,4D,,MAR,46947K7,TX,10300 S. Doty,(773) 568-8495,2888157
2019-10-22T00:00:00.000,PONT,4D,,SIL,,,10300 S. Doty,(773) 568-8495,2888210
2019-10-22T00:00:00.000,PONT,4D,,SIL,2234880,IL,10300 S. Doty,(773) 568-8495,2888161
2019-10-22T00:00:00.000,VOLK,4D,,BLU,AY44869,IL,400 E. Lower Wacker,(312) 744-7550,0214445
2019-10-22T00:00:00.000,VOLK,4D,,GRY,BL13204,IL,701 N. Sacramento,(773) 265-7605,6971552
2019-10-22T00:00:00.000,YAMA,MC,,SIL,,IL,701 N. Sacramento,(773) 265-1846,1539427
2019-10-21T00:00:00.000,BMW,4D,,BLK,BU18149,IL,400 E. Lower Wacker,(312) 744-7550,0214346
2019-10-21T00:00:00.000,BUIC,4D,,TAN,BL22837,IL,701 N. Sacramento,(773) 265-1846,1539422
2019-10-21T00:00:00.000,BUIC,4D,,TAN,AG61854,IL,10300 S. Doty,(773) 568-8495,2888149
2019-10-21T00:00:00.000,CHEV,4D,,WHI,BB84405,IL,10300 S. Doty,(773) 568-8495,2888150
2019-10-21T00:00:00.000,CHEV,4D,MAL,SIL,AX87690,IL,701 N. Sacramento,(773) 265-7605,6971513
2019-10-21T00:00:00.000,CHEV,4D,,BLK,BM12934,IL,10300 S. Doty,(773) 568-8495,2888144
2019-10-21T00:00:00.000,CHEV,4D,,SIL,BP57882,IL,701 N. Sacramento,(773) 265-7605,6971495
2019-10-21T00:00:00.000,CHEV,4D,,WHI,BN16935,IL,701 N. Sacramento,(773) 265-7605,6971503
2019-10-21T00:00:00.000,CHRY,LL,,BLK,,IL,10300 S. Doty,(773) 785-9752,1719675
2019-10-21T00:00:00.000,CHRY,LL,TK,RED,BN37605,IL,10300 S. Doty,(773) 568-8495,2888145
2019-10-21T00:00:00.000,DODG,VN,,GRY,,IL,701 N. Sacramento,(773) 265-1846,1539421
2019-10-21T00:00:00.000,FORD,2D,,BLU,,,10300 S. Doty,(773) 568-8495,2888143
2019-10-21T00:00:00.000,FORD,LL,TK,RED,00229483,IL,701 N. Sacramento,(773) 265-7605,6971512
2019-10-21T00:00:00.000,HOND,2D,,BLK,528RKY,IN,10300 S. Doty,(773) 568-8495,2888132
2019-10-21T00:00:00.000,HOND,2D,,DBL,Y850141,IL,701 N. Sacramento,(773) 265-1846,1539424
2019-10-21T00:00:00.000,HOND,4D,,GRY,BB68584,IL,10300 S. Doty,(773) 568-8495,2888130
2019-10-21T00:00:00.000,INFI,4D,,DBL,943U758,IL,701 N. Sacramento,(773) 265-7605,6971523
2019-10-21T00:00:00.000,ISU,LL,TK,BLK,,IL,10300 S. Doty,(773) 568-8495,2888127
2019-10-21T00:00:00.000,JEEP,LL,,SIL,,IL,701 N. Sacramento,(773) 265-7605,6971521
2019-10-21T00:00:00.000,JEEP,LL,,BLK,BC34362,IL,10300 S. Doty,(773) 785-9752,1719674
2019-10-21T00:00:00.000,JEEP,LL,,BLK,L262966,IL,701 N. Sacramento,(773) 265-7605,6971515
2019-10-21T00:00:00.000,JEEP,LL,,BLU,,IL,701 N. Sacramento,(773) 265-7605,6971522
2019-10-21T00:00:00.000,LEXS,4D,,BGE,676792,IL,701 N. Sacramento,(773) 265-7605,6971500
2019-10-21T00:00:00.000,MAZD,4D,,RED,AD63291,IL,10300 S. Doty,(773) 568-8495,2888151
2019-10-21T00:00:00.000,MAZD,4D,,BLU,W99LGR,NJ,701 N. Sacramento,(773) 265-7605,6971518
2019-10-21T00:00:00.000,MITS,4D,,SIL,,IL,10300 S. Doty,(773) 785-9752,1719679
2019-10-21T00:00:00.000,NISS,4D,,SIL,,IL,10300 S. Doty,(773) 568-8495,2888154
2019-10-21T00:00:00.000,NISS,4D,,BLK,ZX75248,IL,701 N. Sacramento,(773) 265-7605,6971498
2019-10-21T00:00:00.000,PONT,2D,,BLK,,IL,10300 S. Doty,(773) 785-9752,1719678
2019-10-21T00:00:00.000,SATR,4D,,SIL,,IL,701 N. Sacramento,(773) 265-1846,1539423
2019-10-21T00:00:00.000,TOYT,4D,,BLK,AY91818,IL,701 N. Sacramento,(773) 265-7605,6971519
2019-10-21T00:00:00.000,VOLK,4D,,BLK,BD17780,IL,400 E. Lower Wacker,(312) 744-7550,0214343
2019-10-21T00:00:00.000,VOLK,4D,,GRY,BH78525,IL,400 E. Lower Wacker,(312) 744-7550,0214340
2019-10-20T00:00:00.000,BUIC,4D,,MAR,,,701 N. Sacramento,(773) 265-7605,6971488
2019-10-20T00:00:00.000,BUIC,4D,,GLD,BG75243,IL,701 N. Sacramento,(773) 265-7605,6971485
2019-10-20T00:00:00.000,BUIC,4D,,WHI,AQ75814,IL,701 N. Sacramento,(773) 265-7605,6971484
2019-10-20T00:00:00.000,BUIC,4D,,WHI,BB25674,IL,10300 S. Doty,(773) 568-8495,2888087
2019-10-20T00:00:00.000,CHEV,2D,,BLK,BU69887,IL,10300 S. Doty,(773) 568-8495,2888098
2019-10-20T00:00:00.000,CHEV,4D,,GRY,23342J4,TX,701 N. Sacramento,(773) 265-7605,6971474
2019-10-20T00:00:00.000,CHEV,4D,,RED,,IL,10300 S. Doty,(773) 568-8495,2888122
2019-10-20T00:00:00.000,CHEV,4D,,GRY,957U627,IL,10300 S. Doty,(773) 568-8495,2888100
2019-10-20T00:00:00.000,CHEV,4D,,BLK,AGD9386,WI,701 N. Sacramento,(773) 265-7605,6971434
2019-10-20T00:00:00.000,CHEV,4D,,WHI,AE86620,IL,701 N. Sacramento,(773) 265-7605,6971471
2019-10-20T00:00:00.000,CHEV,LL,,BLU,840NC,WI,10300 S. Doty,(773) 568-8495,2888096
2019-10-20T00:00:00.000,CHEV,LL,,BLK,Q521367,IL,10300 S. Doty,(773) 568-8495,2888094
2019-10-20T00:00:00.000,CHEV,PK,,GRY,,IL,10300 S. Doty,(773) 568-8495,2888114
2019-10-20T00:00:00.000,CHRY,4D,,SIL,821YBZ,AR,10300 S. Doty,(773) 568-8495,2888109
2019-10-20T00:00:00.000,CHRY,4D,,WHI,BU70605,IL,10300 S. Doty,(773) 568-8495,2888105
2019-10-20T00:00:00.000,DODG,LL,,RED,BQ58132,IL,701 N. Sacramento,(773) 265-7605,6971482
2019-10-20T00:00:00.000,DODG,PK,TK,BLK,2515586B,IL,10300 S. Doty,(773) 568-8495,2888113
2019-10-20T00:00:00.000,FORD,4D,,BLK,,IL,10300 S. Doty,(773) 568-8495,2888083
2019-10-20T00:00:00.000,FORD,4D,,SIL,,,10300 S. Doty,(773) 568-8495,2888112
2019-10-20T00:00:00.000,FORD,4D,,TAN,BK88328,IL,701 N. Sacramento,(773) 265-7605,6971419
2019-10-20T00:00:00.000,FORD,LL,TK,RED,E155179,IL,10300 S. Doty,(773) 568-8495,2888090
2019-10-20T00:00:00.000,FORD,LL,,BLU,Z798158,IL,10300 S. Doty,(773) 568-8495,2888120
2019-10-20T00:00:00.000,FORD,PK,,YEL,175107H,IL,701 N. Sacramento,(773) 265-7605,6971476
2019-10-20T00:00:00.000,FORD,PK,,BLU,1383292B,IL,701 N. Sacramento,(773) 265-7605,6971426
2019-10-20T00:00:00.000,FORD,PK,,BLU,2600835B,IL,701 N. Sacramento,(773) 265-7605,6971449
2019-10-20T00:00:00.000,HOND,4D,,RED,BH80236,IL,701 N. Sacramento,(773) 265-7605,6971469
2019-10-20T00:00:00.000,HOND,LL,,BLK,5ZMV191,CA,701 N. Sacramento,(773) 265-7605,6971435
2019-10-20T00:00:00.000,HYUN,4D,,GRY,BF31795,IL,10300 S. Doty,(773) 568-8495,2888104
2019-10-20T00:00:00.000,INFI,LL,,LBL,AW26313,IL,701 N. Sacramento,(773) 265-7605,6971489
2019-10-20T00:00:00.000,JEEP,LL,,BLK,AR70940,IL,10300 S. Doty,(773) 568-8495,2888123
2019-10-20T00:00:00.000,MAZD,4D,,GRY,BG93127,IL,701 N. Sacramento,(773) 265-7605,6971438
2019-10-20T00:00:00.000,MITS,4D,,BLK,AV85714,IL,10300 S. Doty,(773) 568-8495,2888117
2019-10-20T00:00:00.000,NISS,4D,,SIL,,IL,10300 S. Doty,(773) 568-8495,2888116
2019-10-20T00:00:00.000,NISS,4D,,LBL,,IL,10300 S. Doty,(773) 568-8495,2888118
2019-10-20T00:00:00.000,NISS,4D,,BLU,BF26520,IL,10300 S. Doty,(773) 568-8495,2888099
2019-10-20T00:00:00.000,NISS,4D,,BLK,BT71880,IL,10300 S. Doty,(773) 568-8495,2888088
2019-10-20T00:00:00.000,NISS,4D,,GRY,CMB6266,FL,10300 S. Doty,(773) 568-8495,2888111
2019-10-20T00:00:00.000,NISS,LL,,BLK,,IL,10300 S. Doty,(773) 568-8495,2888093
2019-10-20T00:00:00.000,OLDS,4D,,BGE,,IL,701 N. Sacramento,(773) 265-7605,6971403
2019-10-20T00:00:00.000,PONT,2D,,BLU,BB24515,IL,10300 S. Doty,(773) 568-8495,2888124
2019-10-20T00:00:00.000,PONT,LL,,MAR,BM64585,IL,701 N. Sacramento,(773) 265-7605,6971454
2019-10-20T00:00:00.000,TOYT,VN,,RED,BE16453,IL,701 N. Sacramento,(773) 265-7605,6971457
2019-10-19T00:00:00.000,BMW,2D,,BLK,,IL,10300 S. Doty,(773) 568-8495,2888074
2019-10-19T00:00:00.000,BUIC,4D,,BLU,,IL,701 N. Sacramento,(773) 265-7605,6971400
2019-10-19T00:00:00.000,BUIC,4D,,WHI,,IL,701 N. Sacramento,(773) 265-7605,6971365
2019-10-19T00:00:00.000,CHEV,4D,,BLK,ARX166,IN,400 E. Lower Wacker,(312) 744-7550,0214246
2019-10-19T00:00:00.000,CHEV,4D,,TAN,833YPY,WI,10300 S. Doty,(773) 568-8495,2888057
2019-10-19T00:00:00.000,CHEV,4D,,SIL,BF23139,IL,10300 S. Doty,(773) 568-8495,2888076
2019-10-19T00:00:00.000,CHEV,4D,,SIL,AM81643,IL,10300 S. Doty,(773) 568-8495,2888061
2019-10-19T00:00:00.000,CHEV,PK,,BLK,2671934B,IL,701 N. Sacramento,(773) 265-7605,6971327
2019-10-19T00:00:00.000,CHEV,VN,,BRO,BR68675,IL,701 N. Sacramento,(773) 265-7605,6971314
2019-10-19T00:00:00.000,CHRY,4D,,SIL,BM23392,IL,701 N. Sacramento,(773) 265-7605,6971311
2019-10-19T00:00:00.000,CHRY,4D,,SIL,BF18941,IL,10300 S. Doty,(773) 568-8495,2888080
2019-10-19T00:00:00.000,CHRY,VN,,BLK,BA27433,IL,10300 S. Doty,(773) 568-8495,2888071
2019-10-19T00:00:00.000,CHRY,VN,TK,SIL,,,10300 S. Doty,(773) 568-8495,2888052
2019-10-19T00:00:00.000,FORD,4D,,BLU,BD64487,IL,10300 S. Doty,(773) 568-8495,2888044
2019-10-19T00:00:00.000,FORD,4T,,DBL,N196050,IL,701 N. Sacramento,(773) 265-7605,6971321
2019-10-19T00:00:00.000,FORD,LL,,SIL,AH36637,IL,701 N. Sacramento,(773) 265-7605,6971392
2019-10-19T00:00:00.000,FORD,LL,,RED,889U907,IL,10300 S. Doty,(773) 568-8495,2888070
2019-10-19T00:00:00.000,FORD,VN,,WHI,E352098,IL,701 N. Sacramento,(773) 265-7605,6971361
2019-10-19T00:00:00.000,GMC,PK,,WHI,68090VB,IL,701 N. Sacramento,(773) 265-7605,6971379
2019-10-19T00:00:00.000,HOND,2D,,RED,816U473,IL,701 N. Sacramento,(773) 265-7605,6971350
2019-10-19T00:00:00.000,HOND,4D,,TAN,784U068,IL,10300 S. Doty,(773) 568-8495,2888078
2019-10-19T00:00:00.000,HOND,4D,,BLK,Z152431,IL,701 N. Sacramento,(773) 265-7605,6971343
2019-10-19T00:00:00.000,HYUN,4D,,BLU,AX25576,IL,10300 S. Doty,(773) 568-8495,2888049
2019-10-19T00:00:00.000,HYUN,4D,,BLK,AT76407,IL,701 N. Sacramento,(773) 265-7605,6971342
2019-10-19T00:00:00.000,HYUN,4D,,MAR,835U407,IL,701 N. Sacramento,(773) 265-7605,6971346
2019-10-19T00:00:00.000,HYUN,4D,,GRY,,,10300 S. Doty,(773) 568-8495,2888041
2019-10-19T00:00:00.000,HYUN,LL,,SIL,BK85778,IL,701 N. Sacramento,(773) 265-7605,6971335
2019-10-19T00:00:00.000,JEEP,LL,,RED,,IL,701 N. Sacramento,(773) 265-7605,6971391
2019-10-19T00:00:00.000,KIA,4D,,RED,BE29794,IL,10300 S. Doty,(773) 568-8495,2888055
2019-10-19T00:00:00.000,KIA,LL,,BRZ,BL86848,IL,701 N. Sacramento,(773) 265-7605,6971377
2019-10-19T00:00:00.000,LINC,LL,,CRM,BG87051,IL,701 N. Sacramento,(773) 265-7605,6971344
2019-10-19T00:00:00.000,MERZ,4D,,BLK,BE72528,IL,701 N. Sacramento,(773) 265-7605,6971362
2019-10-19T00:00:00.000,NISS,4D,,BLK,537U649,IL,10300 S. Doty,(773) 568-8495,2888054
2019-10-19T00:00:00.000,NISS,4D,,GRN,BK44512,IL,701 N. Sacramento,(773) 265-7605,6971381
2019-10-19T00:00:00.000,PONT,4D,,GRY,IMC251,IA,10300 S. Doty,(773) 568-8495,2888059
2019-10-19T00:00:00.000,PONT,4D,,BLK,AV82575,IL,701 N. Sacramento,(773) 265-7605,6971382
2019-10-19T00:00:00.000,TOYT,4D,,SIL,,IL,701 N. Sacramento,(773) 265-7605,6971387
2019-10-19T00:00:00.000,TOYT,LL,RAV,SIL,BG75743,IL,10300 S. Doty,(773) 568-8495,2888060
2019-10-18T00:00:00.000,ACUR,4D,,SIL,PCU4933,GA,701 N. Sacramento,(773) 265-1846,1539414
2019-10-18T00:00:00.000,BMW,LL,,GRY,DL3494,IL,400 E. Lower Wacker,(312) 744-7550,0214226
2019-10-18T00:00:00.000,BUIC,2D,,GRY,178964AV,IL,701 N. Sacramento,(773) 265-1846,1539416
2019-10-18T00:00:00.000,CADI,4D,,SIL,633U891,IL,701 N. Sacramento,(773) 265-7605,6971243
2019-10-18T00:00:00.000,CHEV,2D,,BLU,BN70991,IL,10300 S. Doty,(773) 568-8495,2888028
2019-10-18T00:00:00.000,CHEV,4D,,WHI,,IL,701 N. Sacramento,(773) 265-1846,1539415
2019-10-18T00:00:00.000,CHEV,4D,,TAN,,IL,10300 S. Doty,(773) 568-8495,2888032
2019-10-18T00:00:00.000,CHEV,LL,,BLK,974146,IL,10300 S. Doty,(773) 568-8495,2888029
2019-10-18T00:00:00.000,CHEV,LL,,BLK,978U058,IL,701 N. Sacramento,(773) 265-7605,6971241
2019-10-18T00:00:00.000,CHEV,LL,,WHI,AH43375,IL,701 N. Sacramento,(773) 265-7605,6971203
2019-10-18T00:00:00.000,CHEV,VN,,TAN,1663867,IL,10300 S. Doty,(773) 568-8495,485152
2019-10-18T00:00:00.000,CHEV,VN,,GRY,Q935198,IL,701 N. Sacramento,(773) 265-1846,1539417
2019-10-18T00:00:00.000,CHRY,2D,,SIL,BA47831,IL,701 N. Sacramento,(773) 265-7605,6971251
2019-10-18T00:00:00.000,CHRY,4D,,SIL,8150864,IL,701 N. Sacramento,(773) 265-7605,6971242
2019-10-18T00:00:00.000,COLM,CG,,WHI,,IL,10300 S. Doty,(773) 785-9752,1719673
2019-10-18T00:00:00.000,DODG,VN,TK,WHI,Q375477,IL,10300 S. Doty,(773) 568-8495,2888037
2019-10-18T00:00:00.000,FORD,4D,,,,IL,701 N. Sacramento,(773) 265-7605,6971274
2019-10-18T00:00:00.000,FORD,LL,,BLU,,IL,10300 S. Doty,(773) 785-9752,1719672
2019-10-18T00:00:00.000,FORD,LL,,WHI,,IL,10300 S. Doty,(773) 568-8495,2888026
2019-10-18T00:00:00.000,FORD,VN,,GRN,2367236B,IL,701 N. Sacramento,(773) 265-1846,1539419
2019-10-18T00:00:00.000,HOND,LL,,BLK,ZU15448,IL,701 N. Sacramento,(773) 265-7605,6971284
2019-10-18T00:00:00.000,JEEP,LL,TK,BGE,AV86933,IL,10300 S. Doty,(773) 568-8495,2888030
2019-10-18T00:00:00.000,JEEP,LL,,BLK,EEZ3865,NC,701 N. Sacramento,(773) 265-1846,1539420
2019-10-18T00:00:00.000,JEEP,LL,,GRY,577U714,IL,701 N. Sacramento,(773) 265-7605,6971247
2019-10-18T00:00:00.000,KIA,4D,,BLK,HP6N3F,MO,701 N. Sacramento,(773) 265-7605,6971238
2019-10-18T00:00:00.000,MAZD,LL,,WHI,,IL,10300 S. Doty,(773) 568-8495,2888035
2019-10-18T00:00:00.000,MERC,2D,,GRY,,IL,10300 S. Doty,(773) 568-8495,2888033
2019-10-18T00:00:00.000,MERZ,4D,,GRY,,IL,10300 S. Doty,(773) 568-8495,2888021
2019-10-18T00:00:00.000,MITS,4T,,SIL,732573,IL,701 N. Sacramento,(773) 265-7605,6971225
2019-10-18T00:00:00.000,PONT,2D,,BLU,,IL,10300 S. Doty,(773) 568-8495,2888027
2019-10-18T00:00:00.000,PONT,4D,,GRY,BK84380,IL,701 N. Sacramento,(773) 265-7605,6971300
2019-10-18T00:00:00.000,SATR,4D,,MAR,914639,IL,10300 S. Doty,(773) 568-8495,2888020
2019-10-18T00:00:00.000,TOYT,4D,,SIL,553BLF,IN,10300 S. Doty,(773) 568-8495,2888022
2019-10-18T00:00:00.000,TOYT,4D,,WHI,FP83637,IL,701 N. Sacramento,(773) 265-7605,6971192
2019-10-18T00:00:00.000,TOYT,4D,,BLK,BF42285,IL,10300 S. Doty,(773) 568-8495,2888036
2019-10-18T00:00:00.000,TOYT,4T,,SIL,AH21008,IL,701 N. Sacramento,(773) 265-7605,6971209
2019-10-18T00:00:00.000,VOLK,4D,,BLK,BE16330,IL,701 N. Sacramento,(773) 265-7605,6971245
2019-10-18T00:00:00.000,VOLV,4D,,RED,S0142632,IL,701 N. Sacramento,(773) 265-7605,6971237
2019-10-17T00:00:00.000,CADI,4D,,BLK,8344285,IL,701 N. Sacramento,(773) 265-7605,6971023
2019-10-17T00:00:00.000,CHEV,4D,,BLK,798U390,IL,10300 S. Doty,(773) 568-8495,2887984
2019-10-17T00:00:00.000,CHEV,LL,,WHI,ZU41140,IL,701 N. Sacramento,(773) 265-7605,6971080
2019-10-17T00:00:00.000,CHEV,VN,,BLU,2265192B,IL,701 N. Sacramento,(773) 265-1846,1539406
2019-10-17T00:00:00.000,CHRY,4D,,BLK,,IL,10300 S. Doty,(773) 568-8495,2888008
2019-10-17T00:00:00.000,FORD,4D,,WHI,,IL,10300 S. Doty,(773) 568-8495,2887986
2019-10-17T00:00:00.000,FORD,LL,,BLK,Y750177,IL,701 N. Sacramento,(773) 265-7605,6971159
2019-10-17T00:00:00.000,FORD,LL,,RED,,IL,10300 S. Doty,(773) 568-8495,2888011
2019-10-17T00:00:00.000,GEO,LL,,GRN,H675083,IL,10300 S. Doty,(773) 568-8495,2887989
2019-10-17T00:00:00.000,GMC,LL,,RED,DCB622,MN,10300 S. Doty,(773) 568-8495,2888010
2019-10-17T00:00:00.000,HOND,2D,,GRN,,IL,701 N. Sacramento,(773) 265-1846,1539413
2019-10-17T00:00:00.000,HYUN,LL,,GRY,AT61423,IL,701 N. Sacramento,(773) 265-1846,1539401
2019-10-17T00:00:00.000,INFI,4D,,SIL,,IL,701 N. Sacramento,(773) 265-1846,1539408
2019-10-17T00:00:00.000,INFI,4D,,BLK,BR68295,IL,701 N. Sacramento,(773) 265-7605,6971105
2019-10-17T00:00:00.000,JEEP,4D,,GRN,BG86793,IL,701 N. Sacramento,(773) 265-7605,6971184
2019-10-17T00:00:00.000,JEEP,LL,,BLU,H540463,IL,701 N. Sacramento,(773) 265-1846,1539400
2019-10-17T00:00:00.000,MERC,4D,,BLU,E845785,IL,701 N. Sacramento,(773) 265-1846,1539405
2019-10-17T00:00:00.000,MERC,4D,,WHI,PJS8393,GA,10300 S. Doty,(773) 568-8495,2888009
2019-10-17T00:00:00.000,MITS,4D,,WHI,BH36359,IL,701 N. Sacramento,(773) 265-7605,6971091
2019-10-17T00:00:00.000,NISS,4D,,MAR,AT46482,IL,701 N. Sacramento,(773) 265-1846,1539402
2019-10-17T00:00:00.000,NISS,4D,,PNK,,IL,10300 S. Doty,(773) 785-9752,1719669
2019-10-17T00:00:00.000,OLDS,4D,,SIL,BR71115,IL,701 N. Sacramento,(773) 265-7605,6971103
2019-10-17T00:00:00.000,SATR,4D,,RED,BN97111,IL,701 N. Sacramento,(773) 265-7605,6971172
2019-10-17T00:00:00.000,SATR,4D,,BLK,BQ79193,IL,701 N. Sacramento,(773) 265-7605,6971190
2019-10-17T00:00:00.000,TOYT,4D,,WHI,AT84817,IL,701 N. Sacramento,(773) 265-7605,6971179
2019-10-17T00:00:00.000,TOYT,4D,,TAN,AZ44756,IL,701 N. Sacramento,(773) 265-7605,6971120
2019-10-17T00:00:00.000,TOYT,TR,,BLK,,IL,701 N. Sacramento,(773) 265-1846,1539410
2019-10-17T00:00:00.000,VOLK,4D,,RED,BN58593,IL,701 N. Sacramento,(773) 265-1846,1539404
2019-10-17T00:00:00.000,VOLK,4D,,GRY,174116,IL,701 N. Sacramento,(773) 265-7605,6971186
2019-10-17T00:00:00.000,,MC,,RED,949859C,MI,701 N. Sacramento,(773) 265-1846,1539411
2019-10-16T00:00:00.000,ACUR,4D,,GRY,V452588,IL,701 N. Sacramento,(773) 265-7605,6971073
2019-10-16T00:00:00.000,BMW,4D,,GRY,,,10300 S. Doty,(773) 568-8495,2887975
2019-10-16T00:00:00.000,BUIC,4D,,WHI,BC40243,IL,10300 S. Doty,(773) 568-8495,2887980
2019-10-16T00:00:00.000,CADI,4D,,BLK,,,10300 S. Doty,(773) 568-8495,2887979
2019-10-16T00:00:00.000,CHEV,4D,,GLD,AW34767,IL,701 N. Sacramento,(773) 265-7605,6971054
2019-10-16T00:00:00.000,CHEV,4D,,BGE,BD87490,IL,10300 S. Doty,(773) 568-8495,2887969
2019-10-16T00:00:00.000,CHRY,2D,,SIL,BL93969,IL,10300 S. Doty,(773) 568-8495,2887944
2019-10-16T00:00:00.000,CHRY,4D,,PLE,,IL,10300 S. Doty,(773) 568-8495,2887937
2019-10-16T00:00:00.000,CHRY,LL,,GRY,AT93058,IL,701 N. Sacramento,(773) 265-7605,6970997
2019-10-16T00:00:00.000,CHRY,LL,,GRY,E690104,IL,10300 S. Doty,(773) 568-8495,2887972
2019-10-16T00:00:00.000,DODG,VN,TK,BLK,BA58436,IL,10300 S. Doty,(773) 568-8495,2887950
2019-10-16T00:00:00.000,FORD,VC,TK,WHI,,,10300 S. Doty,(773) 568-8495,2887948
2019-10-16T00:00:00.000,HYUN,4D,,BLU,9219,IL,400 E. Lower Wacker,(312) 744-7550,021
2019-10-16T00:00:00.000,INFI,4D,,RED,,IL,701 N. Sacramento,(773) 265-7605,6971037
2019-10-16T00:00:00.000,JEEP,LL,,BLU,800U070,IL,701 N. Sacramento,(773) 265-7605,6971069
2019-10-16T00:00:00.000,JEEP,LL,TK,BLU,ZY54190,IL,10300 S. Doty,(773) 568-8495,2887941
2019-10-16T00:00:00.000,KIA,4D,,BLK,699U947,IL,10300 S. Doty,(773) 568-8495,2887967
2019-10-16T00:00:00.000,LEXS,4D,,WHI,BB12395,IL,10300 S. Doty,(773) 568-8495,2887966
2019-10-16T00:00:00.000,MERC,4D,,BLU,,,701 N. Sacramento,(773) 265-7605,6971064
2019-10-16T00:00:00.000,NISS,LL,,SIL,E577271,IL,701 N. Sacramento,(773) 265-7605,6971006
2019-10-16T00:00:00.000,NISS,LL,TK,BLK,YEZ468,IN,10300 S. Doty,(773) 568-8495,2887954
2019-10-16T00:00:00.000,OLDS,4D,,TAN,HA1852,MS,701 N. Sacramento,(773) 265-7605,6971066
2019-10-16T00:00:00.000,PONT,4D,,BLK,K752613,IN,701 N. Sacramento,(773) 265-7605,6970986
2019-10-16T00:00:00.000,SATR,LL,,BLK,AX22095,IL,701 N. Sacramento,(773) 265-7605,6971048
2019-10-16T00:00:00.000,SCIO,2D,TC,GRY,AD44028,IL,701 N. Sacramento,(773) 265-7605,6971065
2019-10-16T00:00:00.000,TOYT,4D,,SIL,BB16114,IL,10300 S. Doty,(773) 568-8495,2887977
2019-10-16T00:00:00.000,TOYT,4D,,SIL,881515,IL,10300 S. Doty,(773) 568-8495,2887955
2019-10-16T00:00:00.000,TOYT,LL,TK,SIL,ZZ75806,IL,701 N. Sacramento,(773) 265-7605,6971070
2019-10-16T00:00:00.000,VOLK,4D,,BLK,BF42415,IL,701 N. Sacramento,(773) 265-7605,6970992
2019-10-16T00:00:00.000,VOLV,SW,,BLU,,IL,701 N. Sacramento,(773) 265-7605,6971068
2019-10-15T00:00:00.000,CADI,4D,,CRM,AQ48963,IL,10300 S. Doty,(773) 568-8495,2887896
2019-10-15T00:00:00.000,CHEV,4D,,WHI,ZZ31237,IL,10300 S. Doty,(773) 785-9752,1719662
2019-10-15T00:00:00.000,CHEV,4D,,WHI,,IL,701 N. Sacramento,(773) 265-1846,1539392
2019-10-15T00:00:00.000,CHRY,4D,,MAR,AV52545,IL,701 N. Sacramento,(773) 265-7605,6970975
2019-10-15T00:00:00.000,DODG,4D,,BLK,BK57695,IL,10300 S. Doty,(773) 568-8495,2887928
2019-10-15T00:00:00.000,DODG,VN,TK,GRY,BQ86411,IL,701 N. Sacramento,(773) 265-7605,6970979
2019-10-15T00:00:00.000,FORD,2D,,WHI,CKT9973,GA,701 N. Sacramento,(773) 265-7605,6970959
2019-10-15T00:00:00.000,FORD,4D,,WHI,V875263,IL,400 E. Lower Wacker,(312) 744-7550,0214023
2019-10-15T00:00:00.000,FORD,LL,TK,BLK,BA75459,IL,701 N. Sacramento,(773) 265-7605,6970963
2019-10-15T00:00:00.000,HOND,4D,,SIL,AS70087,IL,10300 S. Doty,(773) 568-8495,2887909
2019-10-15T00:00:00.000,HYUN,4D,,BLK,H406037,IL,10300 S. Doty,(773) 568-8495,2887926
2019-10-15T00:00:00.000,HYUN,4D,,RED,BB88784,IL,10300 S. Doty,(773) 568-8495,2887893
2019-10-15T00:00:00.000,KIA,4D,,SIL,S763552,IL,10300 S. Doty,(773) 568-8495,2887930
2019-10-15T00:00:00.000,LEXS,4D,,WHI,AL24200,IL,701 N. Sacramento,(773) 265-7605,6970944
2019-10-15T00:00:00.000,LINC,LL,,WHI,BF26829,IL,10300 S. Doty,(773) 568-8495,2887929
2019-10-15T00:00:00.000,MERC,4D,,SIL,,IL,10300 S. Doty,(773) 568-8495,2887933
2019-10-15T00:00:00.000,NISS,4D,,GRY,,IL,10300 S. Doty,(773) 568-8495,2887917
2019-10-15T00:00:00.000,NISS,4D,,SIL,Z134261,IL,10300 S. Doty,(773) 568-8495,2887907
2019-10-15T00:00:00.000,OLDS,LL,,TAN,DWH9356,MI,701 N. Sacramento,(773) 265-1846,1539388
2019-10-15T00:00:00.000,PONT,4D,,SIL,BF25598,IL,10300 S. Doty,(773) 568-8495,2887906
2019-10-15T00:00:00.000,VOLK,4D,,WHI,BG70255,IL,10300 S. Doty,(773) 568-8495,2887913
2019-10-15T00:00:00.000,,BT,,SIL,,IL,10300 S. Doty,(773) 785-9752,1719661
2019-10-15T00:00:00.000,,OB,,WHI,,IL,10300 S. Doty,(773) 785-9752,1719660
2019-10-14T00:00:00.000,BUIC,4D,,WHI,,IL,10300 S. Doty,(773) 568-8495,2887868
2019-10-14T00:00:00.000,CADI,4D,,BLK,BR68280,IL,701 N. Sacramento,(773) 265-7605,6970908
2019-10-14T00:00:00.000,CHEV,2D,,COM,BB45450,IL,701 N. Sacramento,(773) 265-7605,6970879
2019-10-14T00:00:00.000,CHEV,2D,,BLK,DL6098G,IL,701 N. Sacramento,(773) 265-7605,6970885
2019-10-14T00:00:00.000,CHEV,4D,,GRY,BE19744,IL,701 N. Sacramento,(773) 265-7605,6970928
2019-10-14T00:00:00.000,CHRY,4D,,WHI,BN78709,IL,10300 S. Doty,(773) 568-8495,2887832
2019-10-14T00:00:00.000,CHRY,VN,TK,BLU,BF41190,IL,701 N. Sacramento,(773) 265-7605,6970926
2019-10-14T00:00:00.000,FORD,4D,,RED,BA27046,IL,701 N. Sacramento,(773) 265-7605,6970882
2019-10-14T00:00:00.000,FORD,LL,,BLK,BF26815,IL,10300 S. Doty,(773) 568-8495,2887860
2019-10-14T00:00:00.000,FORD,LL,,RED,BH22179,IL,10300 S. Doty,(773) 568-8495,2887872
2019-10-14T00:00:00.000,FORD,LL,TK,BLK,BK38395,IL,701 N. Sacramento,(773) 265-7605,6970884
2019-10-14T00:00:00.000,FORD,LL,TK,BLU,,IL,10300 S. Doty,(773) 568-8495,2887853
2019-10-14T00:00:00.000,HOND,2D,,RED,N811789,IL,701 N. Sacramento,(773) 265-7605,6970906
2019-10-14T00:00:00.000,HOND,2D,,BLK,BA79174,IL,701 N. Sacramento,(773) 265-7605,6970923
2019-10-14T00:00:00.000,HOND,4D,,WHI,BF21611,IL,10300 S. Doty,(773) 568-8495,2887841
2019-10-14T00:00:00.000,HOND,4D,,GRY,BE24020,IL,701 N. Sacramento,(773) 265-7605,6970887
2019-10-14T00:00:00.000,HOND,4D,,GRY,BF17214,IL,10300 S. Doty,(773) 568-8495,2887829
2019-10-14T00:00:00.000,JEEP,LL,,MAR,D884795,IL,10300 S. Doty,(773) 568-8495,2887842
2019-10-14T00:00:00.000,JEEP,LL,TK,SIL,E118343,IL,10300 S. Doty,(773) 568-8495,2887828
2019-10-14T00:00:00.000,MAZD,4D,,GRY,AJ17670,IL,701 N. Sacramento,(773) 265-7605,6970907
2019-10-14T00:00:00.000,MAZD,4D,,TAN,549359,IL,10300 S. Doty,(773) 568-8495,2887836
2019-10-14T00:00:00.000,MERC,4D,,TAN,,IL,10300 S. Doty,(773) 568-8495,2887879
2019-10-14T00:00:00.000,MITS,4D,,WHI,BK48217,IL,10300 S. Doty,(773) 568-8495,2887876
2019-10-14T00:00:00.000,NISS,4D,,GRY,Z674335,IL,10300 S. Doty,(773) 568-8495,2887890
2019-10-14T00:00:00.000,NISS,4D,,SIL,BF91212,IL,10300 S. Doty,(773) 568-8495,2887838
2019-10-14T00:00:00.000,NISS,4D,,BLU,AR41651,IL,701 N. Sacramento,(773) 265-7605,6970918
2019-10-14T00:00:00.000,NISS,4D,,RED,BR65239,IL,701 N. Sacramento,(773) 265-7605,6970932
2019-10-14T00:00:00.000,PONT,4D,,GRY,,IL,10300 S. Doty,(773) 568-8495,2887834
2019-10-14T00:00:00.000,PONT,4D,,SIL,AM99128,IL,701 N. Sacramento,(773) 265-7605,6970895
2019-10-14T00:00:00.000,PONT,4T,,TAN,BN75134,IL,10300 S. Doty,(773) 568-8495,2887840
2019-10-14T00:00:00.000,TOYT,4D,,BLU,,IL,10300 S. Doty,(773) 568-8495,2887857
2019-10-14T00:00:00.000,VOLK,4D,,WHI,BB78423,IL,701 N. Sacramento,(773) 265-7605,6970919
2019-10-13T00:00:00.000,ACUR,LL,,SIL,AJ12516,IL,701 N. Sacramento,(773) 265-7605,6970859
2019-10-13T00:00:00.000,AUDI,4D,,WHI,ZHUM,IL,10300 S. Doty,(773) 568-8495,287743
2019-10-13T00:00:00.000,BMW,4D,,BLU,5720205,IL,10300 S. Doty,(773) 568-8495,2887685
2019-10-13T00:00:00.000,BUIC,4D,,SIL,BE80003,IL,10300 S. Doty,(773) 568-8495,2887797
2019-10-13T00:00:00.000,BUIC,4D,,BGE,,IL,10300 S. Doty,(773) 568-8495,2887772
2019-10-13T00:00:00.000,BUIC,4D,,BLK,Z925099,IL,10300 S. Doty,(773) 568-8495,2887822
2019-10-13T00:00:00.000,CADI,4D,,SIL,ZZ27579,IL,701 N. Sacramento,(773) 265-7605,6970856
2019-10-13T00:00:00.000,CHEV,4D,,RED,A5596C,WI,10300 S. Doty,(773) 568-8495,2887820
2019-10-13T00:00:00.000,CHEV,4D,,BLK,917U519,IL,10300 S. Doty,(773) 568-8495,2887679
2019-10-13T00:00:00.000,CHEV,4D,,TAN,BN28884,IL,10300 S. Doty,(773) 568-8495,2887682
2019-10-13T00:00:00.000,CHEV,4T,,BLK,BOD584,IN,10300 S. Doty,(773) 568-8495,2887825
2019-10-13T00:00:00.000,CHEV,LL,,BGE,BE16884,IL,701 N. Sacramento,(773) 265-7605,6970854
2019-10-13T00:00:00.000,CHEV,VN,,GRY,,IL,10300 S. Doty,(773) 568-8495,2887817
2019-10-13T00:00:00.000,CHRY,4D,,BLU,BB25060,IL,701 N. Sacramento,(773) 265-7605,6970862
2019-10-13T00:00:00.000,CHRY,4D,300,BLK,,IL,701 N. Sacramento,(773) 265-7605,6970871
2019-10-13T00:00:00.000,CHRY,4D,,SIL,BB28293,IL,701 N. Sacramento,(773) 265-7605,6970833
2019-10-13T00:00:00.000,DODG,2D,,GRY,862U443,IL,10300 S. Doty,(773) 568-8495,2887818
2019-10-13T00:00:00.000,DODG,4D,,RED,,IL,10300 S. Doty,(773) 568-8495,2887702
2019-10-13T00:00:00.000,DODG,VN,,TAN,,,701 N. Sacramento,(773) 265-7605,6970858
2019-10-13T00:00:00.000,FORD,4D,,BLK,AS54247,IL,701 N. Sacramento,(773) 265-7605,6970658
2019-10-13T00:00:00.000,FORD,4D,TAU,GRY,BH86223,IL,701 N. Sacramento,(773) 265-7605,6970872
2019-10-13T00:00:00.000,FORD,PK,,WHI,2692552B,IL,10300 S. Doty,(773) 568-8495,2887757
2019-10-13T00:00:00.000,HARL,MC,,SIL,EJ3536,IL,701 N. Sacramento,(773) 265-7605,6970708
2019-10-13T00:00:00.000,HOND,4D,,BLK,DJD113,GA,701 N. Sacramento,(773) 265-7605,6970719
2019-10-13T00:00:00.000,HOND,4D,,GRY,BL55279,IL,701 N. Sacramento,(773) 265-7605,6970741
2019-10-13T00:00:00.000,HOND,4D,,WHI,AW65108,IL,701 N. Sacramento,(773) 265-7605,6970786
2019-10-13T00:00:00.000,HYUN,4D,,GRY,BD48276,IL,10300 S. Doty,(773) 568-8495,2887701
2019-10-13T00:00:00.000,KIA,4D,,BLK,BB23977,IL,701 N. Sacramento,(773) 265-7605,6970864
2019-10-13T00:00:00.000,NISS,4D,,WHI,V656292,IL,10300 S. Doty,(773) 568-8495,2887687
2019-10-13T00:00:00.000,NISS,4D,,GRY,BN23783,IL,701 N. Sacramento,(773) 265-7605,6970674
2019-10-13T00:00:00.000,NISS,4D,,BLU,AS24386,IL,701 N. Sacramento,(773) 265-7605,6970834
2019-10-13T00:00:00.000,NISS,LL,,GRY,233H80,NM,701 N. Sacramento,(773) 265-7605,6970768
2019-10-13T00:00:00.000,NISS,LL,,GRY,233H80,NM,701 N. Sacramento,(773) 265-7605,6970768
2019-10-13T00:00:00.000,PONT,4D,,BLU,BB86083,IL,10300 S. Doty,(773) 568-8495,2887852
2019-10-13T00:00:00.000,SATU,4D,,BLU,,IL,701 N. Sacramento,(773) 265-7605,6970874
2019-10-13T00:00:00.000,SCIO,2D,,PLE,Q424998,IL,701 N. Sacramento,(773) 265-7605,6970772
2019-10-13T00:00:00.000,SUBA,LL,,GRN,GDJ9520,NY,701 N. Sacramento,(773) 265-7605,6970799
2019-10-13T00:00:00.000,TOYT,2D,CAM,RED,AW19326,IL,701 N. Sacramento,(773) 265-7605,6970868
2019-10-12T00:00:00.000,BUIC,4D,,GRY,BM28771,IL,10300 S. Doty,(773) 568-8495,2887588
2019-10-12T00:00:00.000,BUIC,LL,,BLK,BL94605,IL,400 E. Lower Wacker,(312) 744-7550,0213798
2019-10-12T00:00:00.000,CADI,LL,,BRZ,,IL,10300 S. Doty,(773) 568-8495,2887670
2019-10-12T00:00:00.000,CHEV,4D,,GRN,BL85213,IL,701 N. Sacramento,(773) 265-7605,6970628
2019-10-12T00:00:00.000,CHEV,4D,,DBL,712U933,IL,701 N. Sacramento,(773) 265-7605,6970641
2019-10-12T00:00:00.000,CHEV,LL,,TAN,AJ85674,IL,10300 S. Doty,(773) 568-8495,2887598
2019-10-12T00:00:00.000,CHEV,VN,,MAR,810U983,IL,701 N. Sacramento,(773) 265-7605,6970605
2019-10-12T00:00:00.000,CHRY,4D,,CRM,,IL,10300 S. Doty,(773) 568-8495,2887603
2019-10-12T00:00:00.000,CHRY,VN,,BLK,BE92408,IL,10300 S. Doty,(773) 568-8495,2887605
2019-10-12T00:00:00.000,FORD,LL,,BLK,BM37851,IL,701 N. Sacramento,(773) 265-7605,6970624
2019-10-12T00:00:00.000,FORD,LL,,SIL,AS85160,IL,10300 S. Doty,(773) 568-8495,2887587
2019-10-12T00:00:00.000,FORD,PK,,RED,2042665B,IL,701 N. Sacramento,(773) 265-7605,6970623
2019-10-12T00:00:00.000,FORD,VN,,MAR,414041,IL,10300 S. Doty,(773) 568-8495,2887583
2019-10-12T00:00:00.000,GMC,LL,,GLD,R429456,IL,701 N. Sacramento,(773) 265-7605,6970642
2019-10-12T00:00:00.000,HOND,4D,,SIL,,IL,10300 S. Doty,(773) 568-8495,2887674
2019-10-12T00:00:00.000,HYUN,4D,,GRY,ZY40645,IL,701 N. Sacramento,(773) 265-7605,6970622
2019-10-12T00:00:00.000,HYUN,HB,,,AF74380,IL,10300 S. Doty,(773) 568-8495,2887662
2019-10-12T00:00:00.000,JEEP,4D,,MAR,,IL,10300 S. Doty,(773) 568-8495,2887622
2019-10-12T00:00:00.000,KIA,4D,,BLU,,IL,10300 S. Doty,(773) 568-8495,2887646
2019-10-12T00:00:00.000,LEXS,LL,,BLU,Z854576,IL,10300 S. Doty,(773) 568-8495,2887664
2019-10-12T00:00:00.000,MERC,4D,,SIL,,IL,701 N. Sacramento,(773) 265-7605,6970585
2019-10-12T00:00:00.000,MERC,4D,,BLK,BA36998,IL,701 N. Sacramento,(773) 265-7605,6970592
2019-10-12T00:00:00.000,NISS,4D,,TAN,361484,IL,10300 S. Doty,(773) 568-8495,2887656
2019-10-12T00:00:00.000,NISS,4D,,GRY,BB90132,IL,701 N. Sacramento,(773) 265-7605,6970621
2019-10-12T00:00:00.000,NISS,SD,,BLK,K707988,IN,701 N. Sacramento,(773) 265-7605,6970639
2019-10-12T00:00:00.000,PONT,4D,,SIL,,IL,10300 S. Doty,(773) 568-8495,2887582
2019-10-12T00:00:00.000,PONT,4D,,RED,BH88189,IL,10300 S. Doty,(773) 568-8495,2887590
2019-10-12T00:00:00.000,SATR,4D,,BLK,,IL,10300 S. Doty,(773) 568-8495,2887600
2019-10-12T00:00:00.000,TOYT,4D,,LBL,BC18746,IL,701 N. Sacramento,(773) 265-7605,6970645
2019-10-12T00:00:00.000,VOLK,4D,,SIL,N310160,IL,10300 S. Doty,(773) 568-8495,485011
2019-10-12T00:00:00.000,VOLV,LL,,WHI,P948521,IL,701 N. Sacramento,(773) 265-7605,6970637
2019-10-11T00:00:00.000,BUIC,4D,,BGE,K668382,IN,10300 S. Doty,(773) 568-8495,2887483
2019-10-11T00:00:00.000,BUIC,4D,,TAN,BH50069,IL,701 N. Sacramento,(773) 265-7605,6970571
2019-10-11T00:00:00.000,BUIC,4D,,GRN,BN71921,IL,10300 S. Doty,(773) 568-8495,2887456
2019-10-11T00:00:00.000,CADI,4D,,SIL,BN28537,IL,10300 S. Doty,(773) 568-8495,2887463
2019-10-11T00:00:00.000,CHEV,2D,,BLU,G988813,IL,400 E. Lower Wacker,(312) 744-7550,0213762
2019-10-11T00:00:00.000,CHEV,2D,,BRO,AX19553,IL,10300 S. Doty,(773) 568-8495,2887478
2019-10-11T00:00:00.000,CHEV,4D,,BLU,AL68814,IL,10300 S. Doty,(773) 568-8495,2887563
2019-10-11T00:00:00.000,CHEV,4D,,BLK,AU32374,IL,701 N. Sacramento,(773) 265-7605,6970516
2019-10-11T00:00:00.000,CHEV,4D,,BLK,BA27266,IL,701 N. Sacramento,(773) 265-7605,6970518
2019-10-11T00:00:00.000,CHEV,4D,,WHI,AG47967,IL,701 N. Sacramento,(773) 265-7605,6970549
2019-10-11T00:00:00.000,CHEV,4T,,WHI,706062,IL,701 N. Sacramento,(773) 265-7605,6970526
2019-10-11T00:00:00.000,CHEV,LL,TK,TAN,2636180B,IL,10300 S. Doty,(773) 568-8495,2887457
2019-10-11T00:00:00.000,CHEV,VN,,MAR,00233721,IL,10300 S. Doty,(773) 568-8495,2887560
2019-10-11T00:00:00.000,CHRY,VN,,BLK,AG73233,IL,10300 S. Doty,(773) 568-8495,2887476
2019-10-11T00:00:00.000,DODG,4T,,BLU,AW13720,IL,10300 S. Doty,(773) 568-8495,2887474
2019-10-11T00:00:00.000,DODG,LL,,WHI,,IL,10300 S. Doty,(773) 568-8495,2887500
2019-10-11T00:00:00.000,FORD,LL,,GRY,AW53765,IL,10300 S. Doty,(773) 568-8495,2887557
2019-10-11T00:00:00.000,FORD,LL,,BLU,5AN7947,MD,701 N. Sacramento,(773) 265-7605,6970522
2019-10-11T00:00:00.000,FORD,PK,,WHI,,IL,10300 S. Doty,(773) 568-8495,2887553
2019-10-11T00:00:00.000,HOND,4D,,SIL,BR96931,IL,701 N. Sacramento,(773) 265-7605,6970527
2019-10-11T00:00:00.000,INFI,4D,,BLK,E653984,IL,701 N. Sacramento,(773) 265-7605,6970563
2019-10-11T00:00:00.000,ISU,4D,,SIL,BM15350,IL,701 N. Sacramento,(773) 265-7605,6970512
2019-10-11T00:00:00.000,JAGU,4D,,TAN,BL94012,IL,10300 S. Doty,(773) 568-8495,2887517
2019-10-11T00:00:00.000,MERC,4D,,BLU,,IL,10300 S. Doty,(773) 568-8495,2887571
2019-10-11T00:00:00.000,MERC,4D,,RED,AW29531,IL,10300 S. Doty,(773) 568-8495,2887473
2019-10-11T00:00:00.000,MITS,4D,,BGE,BT72965,IL,701 N. Sacramento,(773) 265-7605,6970506
2019-10-11T00:00:00.000,NISS,4D,,BLK,Q694384,IL,701 N. Sacramento,(773) 265-1846,1539387
2019-10-11T00:00:00.000,TOYT,4D,,BGE,,IL,10300 S. Doty,(773) 568-8495,2887468
2019-10-11T00:00:00.000,TOYT,4T,,BLU,BB82594,IL,10300 S. Doty,(773) 568-8495,2887477
2019-10-11T00:00:00.000,TOYT,VN,,MAR,,IL,701 N. Sacramento,(773) 265-1846,1539380
2019-10-11T00:00:00.000,VOLV,LL,,BLK,DL2014R,IL,10300 S. Doty,(773) 568-8495,2887552
2019-10-11T00:00:00.000,VOLV,LL,,BLU,AP71072,IL,10300 S. Doty,(773) 568-8495,2887533
2019-10-10T00:00:00.000,BMW,LL,,WHI,K776482,IL,10300 S. Doty,(773) 568-8495,2887454
2019-10-10T00:00:00.000,CHEV,4D,,DBL,LCP4044,TX,701 N. Sacramento,(773) 265-7605,6970490
2019-10-10T00:00:00.000,CHEV,4T,,WHI,DL5047G,IL,701 N. Sacramento,(773) 265-7605,6970465
2019-10-10T00:00:00.000,DODG,4D,,RED,BN37028,IL,10300 S. Doty,(773) 568-8495,2887384
2019-10-10T00:00:00.000,FORD,4D,,RED,ZV43795,IL,10300 S. Doty,(773) 568-8495,2887464
2019-10-10T00:00:00.000,FORD,LL,,SIL,,IL,10300 S. Doty,(773) 568-8495,2887414
2019-10-10T00:00:00.000,GMC,LL,,BLK,Q597560,IL,10300 S. Doty,(773) 568-8495,2887458
2019-10-10T00:00:00.000,HOND,VN,,DBL,BL97764,IL,701 N. Sacramento,(773) 265-7605,6970499
2019-10-10T00:00:00.000,HYUN,4D,,WHI,BA44786,IL,701 N. Sacramento,(773) 265-7605,6970473
2019-10-10T00:00:00.000,HYUN,4T,,SIL,BK81614,IL,10300 S. Doty,(773) 568-8495,2887380
2019-10-10T00:00:00.000,JEEP,LL,,DBL,BG84393,IL,701 N. Sacramento,(773) 265-7605,6970491
2019-10-10T00:00:00.000,MERC,4D,,GLD,,IL,701 N. Sacramento,(773) 265-1846,1539378
2019-10-10T00:00:00.000,MERC,4D,,GRN,Q622881,IL,701 N. Sacramento,(773) 265-7605,6970501
2019-10-10T00:00:00.000,NISS,4D,,WHI,,IL,10300 S. Doty,(773) 568-8495,2887401
2019-10-10T00:00:00.000,SATR,4D,,RED,BN25922,IL,10300 S. Doty,(773) 568-8495,2887368
2019-10-10T00:00:00.000,SATR,VN,,GLD,Q618738,IL,701 N. Sacramento,(773) 265-7605,6970492
2019-10-10T00:00:00.000,SUBA,4D,,BLK,DL6154F,IL,701 N. Sacramento,(773) 265-7605,6970500
2019-10-10T00:00:00.000,VOLK,4D,,WHI,,IL,701 N. Sacramento,(773) 265-7605,6970467
2019-10-10T00:00:00.000,,MC,,GRN,,IL,701 N. Sacramento,(773) 265-7605,6970488
2019-10-09T00:00:00.000,BMW,LL,,BLK,BF42952,IL,701 N. Sacramento,(773) 265-7605,6970429
2019-10-09T00:00:00.000,BUIC,4D,,GRY,BN86269,IL,10300 S. Doty,(773) 568-8495,2887321
2019-10-09T00:00:00.000,BUIC,4D,,GRY,S109805,IL,400 E. Lower Wacker,(312) 744-7550,0213615
2019-10-09T00:00:00.000,CHEV,2D,,SIL,BA72524,IL,400 E. Lower Wacker,(312) 744-7550,0213674
2019-10-09T00:00:00.000,CHEV,4D,,BLU,BN72166,IL,10300 S. Doty,(773) 568-8495,2887352
2019-10-09T00:00:00.000,CHEV,4D,,SIL,BA92896,IL,701 N. Sacramento,(773) 265-7605,6970395
2019-10-09T00:00:00.000,CHEV,4D,,SIL,BF43938,IL,701 N. Sacramento,(773) 265-7605,6970428
2019-10-09T00:00:00.000,CHEV,4D,,SIL,BG82954,IL,10300 S. Doty,(773) 568-8495,2887282
2019-10-09T00:00:00.000,CHEV,4D,,BLK,K463927,IL,701 N. Sacramento,(773) 265-7605,6970424
2019-10-09T00:00:00.000,CHEV,4D,,BLK,8567502,IL,10300 S. Doty,(773) 568-8495,2887278
2019-10-09T00:00:00.000,CHEV,4D,,BLU,E385098,IL,10300 S. Doty,(773) 568-8495,2887298
2019-10-09T00:00:00.000,CHEV,4D,,DBL,795533,IL,701 N. Sacramento,(773) 265-7605,6970422
2019-10-09T00:00:00.000,CHEV,4D,,BGE,BF38517,IL,701 N. Sacramento,(773) 265-7605,6970427
2019-10-09T00:00:00.000,CHEV,LL,,BRO,AV77667,IL,10300 S. Doty,(773) 568-8495,2887225
2019-10-09T00:00:00.000,CHEV,LL,,BLK,BG93763,IL,701 N. Sacramento,(773) 265-7605,6970413
2019-10-09T00:00:00.000,CHEV,PK,,SIL,BFR474,IL,10300 S. Doty,(773) 568-8495,2887350
2019-10-09T00:00:00.000,CHEV,WE,,,BF22508,IL,10300 S. Doty,(773) 568-8495,2887330
2019-10-09T00:00:00.000,CHRY,VN,,BLU,BF14057,IL,10300 S. Doty,(773) 568-8495,2887339
2019-10-09T00:00:00.000,DODG,4D,,WHI,AY32636,IL,400 E. Lower Wacker,(312) 744-7550,0213621
2019-10-09T00:00:00.000,DODG,4D,,BLK,GJX4696,PA,10300 S. Doty,(773) 568-8495,484969
2019-10-09T00:00:00.000,DODG,VN,,SIL,BE16245,IL,701 N. Sacramento,(773) 265-7605,6970431
2019-10-09T00:00:00.000,DODG,VN,,PLE,BG86753,IL,701 N. Sacramento,(773) 265-7605,6970409
2019-10-09T00:00:00.000,FORD,4D,,BLK,BC41535,IL,10300 S. Doty,(773) 568-8495,2887363
2019-10-09T00:00:00.000,FORD,4D,,WHI,AS75185,IL,701 N. Sacramento,(773) 265-7605,6970419
2019-10-09T00:00:00.000,FORD,4D,,SIL,1P93C7,TN,10300 S. Doty,(773) 568-8495,2887311
2019-10-09T00:00:00.000,FORD,VN,,SIL,2335682,IL,10300 S. Doty,(773) 568-8495,2887284
2019-10-09T00:00:00.000,GMC,LL,,WHI,BF21455,IL,10300 S. Doty,(773) 568-8495,2887362
2019-10-09T00:00:00.000,GMC,LL,,BLK,E576581,IL,701 N. Sacramento,(773) 265-7605,6970441
2019-10-09T00:00:00.000,GMC,LL,,BLU,AQ75045,IL,701 N. Sacramento,(773) 265-7605,6970442
2019-10-09T00:00:00.000,HOND,4D,,TAN,BF23481,IL,10300 S. Doty,(773) 568-8495,2887354
2019-10-09T00:00:00.000,HYUN,4D,,GLD,ZU75580,IL,701 N. Sacramento,(773) 265-7605,6970414
2019-10-09T00:00:00.000,HYUN,4D,,SIL,BH68827,IL,10300 S. Doty,(773) 568-8495,2887358
2019-10-09T00:00:00.000,JEEP,LL,,MAR,ACR1831,WI,701 N. Sacramento,(773) 265-7605,6970448
2019-10-09T00:00:00.000,JEEP,LL,,WHI,BC74161,IL,400 E. Lower Wacker,(312) 744-7550,0213648
2019-10-09T00:00:00.000,KIA,4D,,WHI,S726606,IL,400 E. Lower Wacker,(312) 744-7550,0213619
2019-10-09T00:00:00.000,KIA,4D,,SIL,280KYP,WA,400 E. Lower Wacker,(312) 744-7550,0213673
2019-10-09T00:00:00.000,KIA,4D,,SIL,BF28535,IL,701 N. Sacramento,(773) 265-7605,6970436
2019-10-09T00:00:00.000,LEXS,4D,,BLK,,IL,10300 S. Doty,(773) 568-8495,2887360
2019-10-09T00:00:00.000,LINC,4D,,RED,Z192554,IL,10300 S. Doty,(773) 568-8495,2887255
2019-10-09T00:00:00.000,LINC,4D,,GRY,BA42858,IL,701 N. Sacramento,(773) 265-7605,6970430
2019-10-09T00:00:00.000,MERZ,4D,,WHI,BNA248,IN,10300 S. Doty,(773) 568-8495,2887364
2019-10-09T00:00:00.000,MERZ,4D,,MAR,AD60268,IL,10300 S. Doty,(773) 568-8495,2887273
2019-10-09T00:00:00.000,NISS,4D,,BLK,Z803624,IL,10300 S. Doty,(773) 568-8495,2887224
2019-10-09T00:00:00.000,NISS,4D,,TAN,BT24192,IL,701 N. Sacramento,(773) 265-7605,6970411
2019-10-09T00:00:00.000,OLDS,4D,,BLU,,IL,701 N. Sacramento,(773) 265-7605,6970446
2019-10-09T00:00:00.000,PONT,4D,,RED,,IL,10300 S. Doty,(773) 568-8495,2887308
2019-10-09T00:00:00.000,PONT,4D,,SIL,137558,IL,701 N. Sacramento,(773) 265-7605,6970401
2019-10-09T00:00:00.000,SATR,LL,,BLK,BE24091,IL,701 N. Sacramento,(773) 265-7605,6970415
2019-10-09T00:00:00.000,SCIO,4D,,BLK,BM16125,IL,400 E. Lower Wacker,(312) 744-7550,0213671
2019-10-09T00:00:00.000,TOYT,4D,,GRY,AM75690,IL,10300 S. Doty,(773) 568-8495,2887296
2019-10-09T00:00:00.000,TOYT,4D,,GRN,AX29805,IL,10300 S. Doty,(773) 568-8495,2887242
2019-10-09T00:00:00.000,VOLK,4D,,BLK,,IL,701 N. Sacramento,(773) 265-7605,6970450
2019-10-09T00:00:00.000,VOLK,4D,,SIL,BM7X570,TX,701 N. Sacramento,(773) 265-7605,6970439
2019-10-09T00:00:00.000,VOLK,4D,,BLK,BH52795,IL,400 E. Lower Wacker,(312) 744-7550,0213624
2019-10-09T00:00:00.000,,MC,,RED,,IL,10300 S. Doty,(773) 568-8495,2887234
2019-10-08T00:00:00.000,ACUR,2D,,BLK,ZX91632,IL,701 N. Sacramento,(773) 265-7605,6970363
2019-10-08T00:00:00.000,CHEV,4D,,GLD,,IL,10300 S. Doty,(773) 568-8495,2887162
2019-10-08T00:00:00.000,CHEV,4D,,SIL,BP16561,IL,10300 S. Doty,(773) 568-8495,2887151
2019-10-08T00:00:00.000,CHEV,LL,,TAN,Z733639,IL,10300 S. Doty,(773) 568-8495,2887175
2019-10-08T00:00:00.000,CHEV,LL,,BLK,TRUBLS,IN,10300 S. Doty,(773) 568-8495,2887216
2019-10-08T00:00:00.000,DODG,4D,,SIL,BN83714,IL,10300 S. Doty,(773) 568-8495,2887168
2019-10-08T00:00:00.000,DODG,VN,,WHI,BL54123,IL,701 N. Sacramento,(773) 265-7605,6970367
2019-10-08T00:00:00.000,DODG,VN,,GRY,BK84672,IL,10300 S. Doty,(773) 568-8495,2887155
2019-10-08T00:00:00.000,FORD,4D,,WHI,2007896B,IL,10300 S. Doty,(773) 785-9752,1719632
2019-10-08T00:00:00.000,FORD,LL,,BLU,BC37139,IL,10300 S. Doty,(773) 568-8495,2887253
2019-10-08T00:00:00.000,GMC,LL,,GRN,3020TH,FL,10300 S. Doty,(773) 568-8495,484962
2019-10-08T00:00:00.000,HOND,4D,,RED,AJ92113,IL,701 N. Sacramento,(773) 265-7605,6970365
2019-10-08T00:00:00.000,HYUN,4D,,SIL,AW46954,IL,701 N. Sacramento,(773) 265-1846,1539356
2019-10-08T00:00:00.000,JEEP,LL,,BLK,AG42563,IL,701 N. Sacramento,(773) 265-7605,6970384
2019-10-08T00:00:00.000,JEEP,LL,,SIL,BQ94801,IL,10300 S. Doty,(773) 568-8495,2887156
2019-10-08T00:00:00.000,LAND,LL,,RED,BB92210,IL,701 N. Sacramento,(773) 265-1846,1539361
2019-10-08T00:00:00.000,LEXS,4D,,GLD,,IL,10300 S. Doty,(773) 568-8495,2887158
2019-10-08T00:00:00.000,MAZD,4D,,GRY,BB30181,IL,10300 S. Doty,(773) 568-8495,2887160
2019-10-08T00:00:00.000,MITS,4D,,WHI,756586,IL,10300 S. Doty,(773) 568-8495,2887146
2019-10-08T00:00:00.000,NISS,4D,,TAN,MAV956,MN,10300 S. Doty,(773) 568-8495,2887163
2019-10-08T00:00:00.000,NISS,4D,ALT,BRO,AN54430,IL,10300 S. Doty,(773) 568-8495,2887147
2019-10-08T00:00:00.000,NISS,4D,,BLK,,,10300 S. Doty,(773) 568-8495,2887150
2019-10-08T00:00:00.000,PONT,2D,,WHI,BA27531,IL,10300 S. Doty,(773) 568-8495,2887141
2019-10-08T00:00:00.000,PONT,4D,,BLU,,IL,10300 S. Doty,(773) 568-8495,2887152
2019-10-08T00:00:00.000,PONT,4D,,BLK,930U778,IL,701 N. Sacramento,(773) 265-7605,6970377
2019-10-08T00:00:00.000,PONT,VN,TK,GRY,BF17191,IL,10300 S. Doty,(773) 568-8495,2887161
2019-10-08T00:00:00.000,TOYT,4D,,BLK,,IL,10300 S. Doty,(773) 568-8495,2887221
2019-10-08T00:00:00.000,TOYT,LL,RAV,SIL,E191861,IL,701 N. Sacramento,(773) 265-7605,6970388
2019-10-07T00:00:00.000,CHEV,4D,,RED,BR40235,IL,701 N. Sacramento,(773) 265-7605,6970327
2019-10-07T00:00:00.000,CHEV,4D,,GRY,AQ20838,IL,10300 S. Doty,(773) 568-8495,2887121
2019-10-07T00:00:00.000,CHEV,4D,,BLK,165U172,IL,10300 S. Doty,(773) 568-8495,2887106
2019-10-07T00:00:00.000,CHEV,4D,,TAN,AV92954,IL,701 N. Sacramento,(773) 265-7605,6970332
2019-10-07T00:00:00.000,CHEV,LL,,GRY,BG41918,IL,400 E. Lower Wacker,(312) 744-7550,0213486
2019-10-07T00:00:00.000,CHEV,LL,,SIL,,IL,10300 S. Doty,(773) 568-8495,2887110
2019-10-07T00:00:00.000,CHEV,LL,,GRY,BG41918,IL,400 E. Lower Wacker,(312) 744-7550,0213486
2019-10-07T00:00:00.000,CHEV,SD,,RED,BK17358,IL,10300 S. Doty,(773) 568-8495,2887135
2019-10-07T00:00:00.000,CHRY,4D,,SIL,,IL,10300 S. Doty,(773) 568-8495,2887128
2019-10-07T00:00:00.000,DODG,4D,,SIL,,,701 N. Sacramento,(773) 265-1846,1539355
2019-10-07T00:00:00.000,JEEP,LL,TK,RED,BR42441,IL,10300 S. Doty,(773) 568-8495,2887134
2019-10-07T00:00:00.000,JEEP,LL,,BLK,J860151,IN,10300 S. Doty,(773) 568-8495,2887127
2019-10-07T00:00:00.000,KIA,4D,,BLK,Q373501,IL,10300 S. Doty,(773) 568-8495,2887098
2019-10-07T00:00:00.000,LEXS,4D,,MAR,VIP1FF,IL,10300 S. Doty,(773) 568-8495,2887100
2019-10-07T00:00:00.000,SATR,LL,,WHI,BG86799,IL,10300 S. Doty,(773) 568-8495,2887119
2019-10-07T00:00:00.000,TOYO,4D,,BLK,,IL,10300 S. Doty,(773) 568-8495,2887118
2019-10-07T00:00:00.000,TOYO,4D,,SIL,Q688649,IL,701 N. Sacramento,(773) 265-7605,6970326
2019-10-07T00:00:00.000,VOLK,4D,,BLU,BN50969,IL,701 N. Sacramento,(773) 265-7605,6970348
2019-10-07T00:00:00.000,,MC,,GRY,EU3667,IL,701 N. Sacramento,(773) 265-1846,1539354
2019-10-07T00:00:00.000,,MC,,BRO,EV568,IL,10300 S. Doty,(773) 568-8495,2887131
2019-10-07T00:00:00.000,,,,,BL81718,IL,10300 S. Doty,(773) 568-8495,2887133
2019-10-06T00:00:00.000,ACUR,4D,,SIL,DL7364A,IL,701 N. Sacramento,(773) 265-7605,6970190
2019-10-06T00:00:00.000,AUDI,4D,,GRY,BK16758,IL,10300 S. Doty,(773) 568-8495,2887035
2019-10-06T00:00:00.000,BMW,4D,,BLK,BG77653,IL,701 N. Sacramento,(773) 265-7605,6970296
2019-10-06T00:00:00.000,BUIC,4D,,BLK,Z459943,IL,10300 S. Doty,(773) 568-8495,2887073
2019-10-06T00:00:00.000,CADI,4D,,BLK,BK13455,IL,701 N. Sacramento,(773) 265-7605,6970227
2019-10-06T00:00:00.000,CADI,LL,,BLK,R610049,IL,701 N. Sacramento,(773) 265-7605,6970260
2019-10-06T00:00:00.000,CHEV,4D,,BLU,Z427061,IL,701 N. Sacramento,(773) 265-7605,6970204
2019-10-06T00:00:00.000,CHEV,4D,,GRY,692U962,IL,10300 S. Doty,(773) 568-8495,2887087
2019-10-06T00:00:00.000,CHEV,LL,,BGE,AT14205,IL,701 N. Sacramento,(773) 265-7605,6970246
2019-10-06T00:00:00.000,CHEV,LL,,GRN,,,10300 S. Doty,(773) 568-8495,2887041
2019-10-06T00:00:00.000,CHEV,VN,,WHI,4A841FF,IL,701 N. Sacramento,(773) 265-7605,6970200
2019-10-06T00:00:00.000,CHRY,4D,,MAR,CGN551,TN,10300 S. Doty,(773) 568-8495,2887104
2019-10-06T00:00:00.000,CHRY,4D,,SIL,S921893,IL,701 N. Sacramento,(773) 265-7605,6970234
2019-10-06T00:00:00.000,CHRY,4D,,SIL,BF18467,IL,10300 S. Doty,(773) 568-8495,2887051
2019-10-06T00:00:00.000,CHRY,4D,,BLU,AS81091,IL,701 N. Sacramento,(773) 265-7605,6970222
2019-10-06T00:00:00.000,CRYO,4D,,WHI,744378,IL,10300 S. Doty,(773) 568-8495,2887036
2019-10-06T00:00:00.000,FORD,4D,,BLU,BN27491,IL,10300 S. Doty,(773) 568-8495,2887065
2019-10-06T00:00:00.000,FORD,4D,,BLK,AL13644,IL,701 N. Sacramento,(773) 265-7605,6970287
2019-10-06T00:00:00.000,FORD,LL,,SIL,,IL,10300 S. Doty,(773) 568-8495,2887077
2019-10-06T00:00:00.000,FORD,PK,,WHI,TK577NSJ,IN,10300 S. Doty,(773) 568-8495,2887039
2019-10-06T00:00:00.000,FORD,PK,,GRY,1994928B,IL,701 N. Sacramento,(773) 265-7605,6970274
2019-10-06T00:00:00.000,HOND,MC,,BLK,,IL,701 N. Sacramento,(773) 265-7605,6970317
2019-10-06T00:00:00.000,HYUN,4D,,BLK,,,10300 S. Doty,(773) 568-8495,2887044
2019-10-06T00:00:00.000,HYUN,SW,,SIL,BL60694,IL,701 N. Sacramento,(773) 265-7605,6970291
2019-10-06T00:00:00.000,KIA,4D,,WHI,BK12384,IL,10300 S. Doty,(773) 568-8495,2887046
2019-10-06T00:00:00.000,LEXS,4D,,BLK,BEG3813,IL,701 N. Sacramento,(773) 265-7605,697024
2019-10-06T00:00:00.000,MITS,LL,,WHI,AN71133,IL,10300 S. Doty,(773) 568-8495,2887078
2019-10-06T00:00:00.000,NISS,4D,,WHI,799303,IL,701 N. Sacramento,(773) 265-7605,6970277
2019-10-06T00:00:00.000,NISS,4D,,SIL,AQ39302,IL,10300 S. Doty,(773) 568-8495,2887075
2019-10-06T00:00:00.000,NISS,4D,,BLU,AG61181,IL,10300 S. Doty,(773) 568-8495,6970199
2019-10-06T00:00:00.000,NISS,4D,,BLK,BB83736,IL,701 N. Sacramento,(773) 265-7605,6970203
2019-10-06T00:00:00.000,PONT,2D,,RED,R213692,IL,701 N. Sacramento,(773) 265-7605,6970267
2019-10-06T00:00:00.000,PONT,4D,,RED,R332679,IL,701 N. Sacramento,(773) 265-7605,6970205
2019-10-06T00:00:00.000,PONT,4D,,GLD,BB12230,IL,10300 S. Doty,(773) 568-8495,2887094
2019-10-06T00:00:00.000,TOYT,4D,,SIL,P398103,IL,701 N. Sacramento,(773) 265-7605,6970228
2019-10-06T00:00:00.000,VOLK,2D,,SIL,BE94133,IL,701 N. Sacramento,(773) 265-7605,6970247
2019-10-06T00:00:00.000,VOLK,4D,,BLK,BN61255,IL,701 N. Sacramento,(773) 265-7605,6970221
2019-10-06T00:00:00.000,VOLV,4D,,BLK,Z445890,IL,701 N. Sacramento,(773) 265-7605,6970316
2019-10-05T00:00:00.000,ACUR,4D,,SIL,BG88167,IL,701 N. Sacramento,(773) 265-7605,6970112
2019-10-05T00:00:00.000,AUDI,2D,,BLK,R217240,IL,701 N. Sacramento,(773) 265-7605,6970138
2019-10-05T00:00:00.000,AUDI,LL,,TAN,Q341890,IL,701 N. Sacramento,(773) 265-7605,6970155
2019-10-05T00:00:00.000,BUIC,4D,,BLK,15062721,LA,10300 S. Doty,(773) 568-8495,2887015
2019-10-05T00:00:00.000,BUIC,LL,,TAN,,IL,10300 S. Doty,(773) 568-8495,2887007
2019-10-05T00:00:00.000,BUIC,LL,,BLU,,IL,701 N. Sacramento,(773) 265-7605,6970163
2019-10-05T00:00:00.000,CADI,4D,,CRM,AW30098,IL,701 N. Sacramento,(773) 265-7605,6970113
2019-10-05T00:00:00.000,CHEV,2D,,TAN,BE22994,IL,701 N. Sacramento,(773) 265-7605,6970092
2019-10-05T00:00:00.000,CHEV,4D,,GRY,219647F,TX,10300 S. Doty,(773) 568-8495,2887016
2019-10-05T00:00:00.000,CHEV,4D,,GRY,953506,IL,10300 S. Doty,(773) 568-8495,2886989
2019-10-05T00:00:00.000,CHEV,4D,,SIL,BA25890,IL,701 N. Sacramento,(773) 265-7605,6970160
2019-10-05T00:00:00.000,CHEV,LL,,DGR,BA32445,IL,701 N. Sacramento,(773) 265-7605,6970108
2019-10-05T00:00:00.000,CHEV,LL,,YEL,BE19033,IL,701 N. Sacramento,(773) 265-7605,6970167
2019-10-05T00:00:00.000,CHEV,VN,,SIL,BE77481,IL,10300 S. Doty,(773) 568-8495,2887027
2019-10-05T00:00:00.000,CHRY,VC,,LBL,AW16232,IL,701 N. Sacramento,(773) 265-7605,6970086
2019-10-05T00:00:00.000,CHRY,VN,,GLD,Q816726,IL,701 N. Sacramento,(773) 265-7605,6970098
2019-10-05T00:00:00.000,CHRY,VN,,BLU,BF17664,IL,10300 S. Doty,(773) 568-8495,2887025
2019-10-05T00:00:00.000,DODG,4D,,GRY,BF25621,IL,10300 S. Doty,(773) 568-8495,2886990
2019-10-05T00:00:00.000,DODG,4D,,SIL,BL8768,IL,701 N. Sacramento,(773) 265-7605,6970130
2019-10-05T00:00:00.000,DODG,PK,,BLU,2475739B,IL,701 N. Sacramento,(773) 265-7605,6970146
2019-10-05T00:00:00.000,DODG,PK,,BLK,1608289B,IL,10300 S. Doty,(773) 568-8495,2886995
2019-10-05T00:00:00.000,FORD,4D,,WHI,BK84345,IL,701 N. Sacramento,(773) 265-7605,6970085
2019-10-05T00:00:00.000,FORD,4D,,BLK,245944,IL,10300 S. Doty,(773) 568-8495,2887017
2019-10-05T00:00:00.000,HOND,2D,,WHI,Q819136,IL,701 N. Sacramento,(773) 265-7605,6970158
2019-10-05T00:00:00.000,HOND,4D,,SIL,BD95614,IL,701 N. Sacramento,(773) 265-7605,6970090
2019-10-05T00:00:00.000,HOND,VN,,SIL,BN76798,IL,10300 S. Doty,(773) 568-8495,2886988
2019-10-05T00:00:00.000,INFI,4D,,GRY,BG23180,IL,701 N. Sacramento,(773) 265-7605,6970184
2019-10-05T00:00:00.000,JEEP,LL,,BLK,743E45,NV,10300 S. Doty,(773) 568-8495,2887031
2019-10-05T00:00:00.000,JEEP,LL,,TAN,AX91218,IL,701 N. Sacramento,(773) 265-7605,6970178
2019-10-05T00:00:00.000,LEXS,4D,,GRY,BH88643,IL,701 N. Sacramento,(773) 265-7605,6970143
2019-10-05T00:00:00.000,LEXS,LL,,BGE,F526007,IL,10300 S. Doty,(773) 568-8495,2887026
2019-10-05T00:00:00.000,LINC,4D,,BLK,704U184,IL,701 N. Sacramento,(773) 265-7605,6970091
2019-10-05T00:00:00.000,LINC,4D,,CRM,9508384,IL,701 N. Sacramento,(773) 265-7605,6970103
2019-10-05T00:00:00.000,MAZD,4D,,BLU,BN58477,IL,701 N. Sacramento,(773) 265-7605,6970131
2019-10-05T00:00:00.000,MAZD,4D,,BLK,AX36029,IL,701 N. Sacramento,(773) 265-7605,6970177
2019-10-05T00:00:00.000,MERC,LL,,BLK,394WGR,WA,701 N. Sacramento,(773) 265-7605,6970165
2019-10-05T00:00:00.000,MERZ,4D,,SIL,2333945,IL,10300 S. Doty,(773) 568-8495,2886991
2019-10-05T00:00:00.000,MITS,4D,,GRY,BF21375,IL,10300 S. Doty,(773) 568-8495,2886985
2019-10-05T00:00:00.000,NISS,4D,,SIL,BG81651,IL,701 N. Sacramento,(773) 265-7605,6970140
2019-10-05T00:00:00.000,NISS,VN,,BLU,,IL,10300 S. Doty,(773) 568-8495,2887022
2019-10-05T00:00:00.000,OLDS,4D,,BGE,,IL,10300 S. Doty,(773) 568-8495,2887021
2019-10-05T00:00:00.000,OLDS,4D,,RED,BE81565,IL,701 N. Sacramento,(773) 265-7605,6970084
2019-10-05T00:00:00.000,PONT,2D,,SIL,P137455,IL,10300 S. Doty,(773) 568-8495,2887002
2019-10-05T00:00:00.000,PONT,4D,,GLD,BU68924,IL,10300 S. Doty,(773) 568-8495,2887028
2019-10-05T00:00:00.000,PONT,4D,,SIL,852U837,IL,10300 S. Doty,(773) 568-8495,484961
2019-10-05T00:00:00.000,PONT,LL,,GRY,,IL,10300 S. Doty,(773) 568-8495,2887014
2019-10-05T00:00:00.000,SUZI,LL,,TAN,BK19774,IL,701 N. Sacramento,(773) 265-7605,6970096
2019-10-05T00:00:00.000,TOYT,4D,,MAR,BB84546,IL,701 N. Sacramento,(773) 265-7605,6970107
2019-10-05T00:00:00.000,TOYT,4D,,BLK,AU22389,IL,701 N. Sacramento,(773) 265-7605,6970150
2019-10-05T00:00:00.000,VOLK,4D,,GRN,Q839955,IL,701 N. Sacramento,(773) 265-7605,6970117
2019-10-04T00:00:00.000,ACUR,2D,,DGR,K155256,IL,10300 S. Doty,(773) 568-8495,2886947
2019-10-04T00:00:00.000,ACUR,2D,,GRY,AW26055,IL,701 N. Sacramento,(773) 265-7605,6970026
2019-10-04T00:00:00.000,AUDI,4D,,SIL,BK47419,IL,701 N. Sacramento,(773) 265-7605,6970005
2019-10-04T00:00:00.000,BUIC,4D,,MAR,,IL,701 N. Sacramento,(773) 265-7605,6970044
2019-10-04T00:00:00.000,BUIC,4D,,GRN,884U447,IL,701 N. Sacramento,(773) 265-7605,6970027
2019-10-04T00:00:00.000,CADI,4D,,GRY,903WPG,MN,701 N. Sacramento,(773) 265-7605,6970063
2019-10-04T00:00:00.000,CADI,LL,,BLK,R349612,IL,701 N. Sacramento,(773) 265-7605,6970068
2019-10-04T00:00:00.000,CHEV,4D,,WHI,816U8711,IL,400 E. Lower Wacker,(312) 744-7550,213352
2019-10-04T00:00:00.000,CHEV,4D,,BLK,BH83827,IL,10300 S. Doty,(773) 568-8495,2887000
2019-10-04T00:00:00.000,CHEV,LL,,BLU,Q906754,IL,10300 S. Doty,(773) 568-8495,2886961
2019-10-04T00:00:00.000,CHEV,VN,,BGE,,,10300 S. Doty,(773) 568-8495,2886977
2019-10-04T00:00:00.000,CHRY,2D,,BLK,BF43722,IL,701 N. Sacramento,(773) 265-7605,6970009
2019-10-04T00:00:00.000,CHRY,4D,,BLK,,IL,701 N. Sacramento,(773) 265-7605,6970028
2019-10-04T00:00:00.000,DODG,PK,,BLU,2524650,IL,10300 S. Doty,(773) 568-8495,2886954
2019-10-04T00:00:00.000,DODG,VN,,GRY,BN17861,IL,10300 S. Doty,(773) 568-8495,2886946
2019-10-04T00:00:00.000,FORD,4D,,GRY,Z490DU,FL,10300 S. Doty,(773) 568-8495,2886978
2019-10-04T00:00:00.000,FORD,4D,,GRY,AN20777,IL,701 N. Sacramento,(773) 265-7605,6970038
2019-10-04T00:00:00.000,FORD,LL,,BLK,AG54283,IL,10300 S. Doty,(773) 568-8495,2886950
2019-10-04T00:00:00.000,FORD,VN,,MAR,AL16849,IL,400 E. Lower Wacker,(312) 744-7550,6970003
2019-10-04T00:00:00.000,GMC,LL,,BLK,,IL,701 N. Sacramento,(773) 265-7605,6970058
2019-10-04T00:00:00.000,HOND,4D,,WHI,Q835486,IL,701 N. Sacramento,(773) 265-7605,6970018
2019-10-04T00:00:00.000,HYUN,4D,,GRY,AT86668,IL,701 N. Sacramento,(773) 265-7605,6970039
2019-10-04T00:00:00.000,HYUN,4D,,SIL,Y712702,IL,701 N. Sacramento,(773) 265-7605,6970025
2019-10-04T00:00:00.000,JEEP,LL,,GRY,AQ41619,IL,701 N. Sacramento,(773) 265-7605,6970014
2019-10-04T00:00:00.000,KIA,SW,,BLK,BA61767,IL,701 N. Sacramento,(773) 265-7605,6970069
2019-10-04T00:00:00.000,LEXS,4D,,WHI,AM49583,IL,10300 S. Doty,(773) 568-8495,2886972
2019-10-04T00:00:00.000,MAZD,4D,,BLK,BA44441,IL,701 N. Sacramento,(773) 265-7605,6970050
2019-10-04T00:00:00.000,NISS,4D,,WHI,813RIP,IN,10300 S. Doty,(773) 568-8495,2886971
2019-10-04T00:00:00.000,NISS,LL,,GRY,BE53083,IL,701 N. Sacramento,(773) 265-7605,6970074
2019-10-04T00:00:00.000,NISS,LL,,WHI,BH94484,IL,701 N. Sacramento,(773) 265-7605,6970073
2019-10-04T00:00:00.000,PONT,4D,,MAR,AQ72497,IL,701 N. Sacramento,(773) 265-7605,6970007
2019-10-04T00:00:00.000,TOYT,4D,,RED,,IL,701 N. Sacramento,(773) 265-7605,6970041
2019-10-04T00:00:00.000,VOLK,4D,,SIL,,,10300 S. Doty,(773) 568-8495,2886945
2019-10-04T00:00:00.000,VOLV,4D,,SIL,935U983,IL,10300 S. Doty,(773) 568-8495,2886953
2019-10-03T00:00:00.000,BUIC,LL,TK,TAN,BF21130,IL,10300 S. Doty,(773) 568-8495,2886932
2019-10-03T00:00:00.000,CADI,4D,,TAN,761U171,IL,701 N. Sacramento,(773) 265-7605,6969928
2019-10-03T00:00:00.000,CADI,4D,,SIL,754074,IL,701 N. Sacramento,(773) 265-7605,6969988
2019-10-03T00:00:00.000,CHEV,4D,,GLD,AV79458,IL,10300 S. Doty,(773) 568-8495,2886914
2019-10-03T00:00:00.000,CHEV,4D,,RED,,IL,10300 S. Doty,(773) 785-9752,1719618
2019-10-03T00:00:00.000,CHEV,LL,,BLU,,IL,701 N. Sacramento,(773) 265-7605,6969930
2019-10-03T00:00:00.000,CHRY,VN,,GRY,AP70217,IL,701 N. Sacramento,(773) 265-7605,6969970
2019-10-03T00:00:00.000,CHRY,VN,,WHI,MAL885,MN,10300 S. Doty,(773) 568-8495,2886921
2019-10-03T00:00:00.000,DODG,4T,,WHI,AG42396,IL,701 N. Sacramento,(773) 265-7605,6969920
2019-10-03T00:00:00.000,DODG,PK,,WHI,2042740B,IL,701 N. Sacramento,(773) 265-7605,6970002
2019-10-03T00:00:00.000,DODG,VN,,BLU,43057K6,IL,10300 S. Doty,(773) 785-9752,1719616
2019-10-03T00:00:00.000,DODG,VN,,RED,7426084,IL,400 E. Lower Wacker,(312) 744-7550,0213318
2019-10-03T00:00:00.000,DODG,VN,,SIL,AX96433,IL,701 N. Sacramento,(773) 265-7605,6969905
2019-10-03T00:00:00.000,FORD,4D,,WHI,,,10300 S. Doty,(773) 568-8495,2886936
2019-10-03T00:00:00.000,FORD,4D,,WHI,AE80206,IL,10300 S. Doty,(773) 568-8495,2886926
2019-10-03T00:00:00.000,FORD,4T,,BLK,,IL,701 N. Sacramento,(773) 265-7605,6969925
2019-10-03T00:00:00.000,FORD,4T,,GRY,,IL,701 N. Sacramento,(773) 265-7605,6969903
2019-10-03T00:00:00.000,FORD,PK,,BLK,826U756,IL,10300 S. Doty,(773) 785-9752,1719619
2019-10-03T00:00:00.000,HOND,2D,,GRY,,IL,701 N. Sacramento,(773) 265-7605,6969913
2019-10-03T00:00:00.000,HOND,4D,,BLK,AP47093,IL,701 N. Sacramento,(773) 265-7605,6969950
2019-10-03T00:00:00.000,HOND,4D,,BGE,BF32069,IL,10300 S. Doty,(773) 568-8495,2886940
2019-10-03T00:00:00.000,HOND,4D,,SIL,AQ37941,IL,701 N. Sacramento,(773) 265-7605,6969942
2019-10-03T00:00:00.000,HOND,4T,,SIL,AJ17600,IL,701 N. Sacramento,(773) 265-7605,6969915
2019-10-03T00:00:00.000,HOND,4T,,GRY,AT57726,IL,701 N. Sacramento,(773) 265-7605,6969909
2019-10-03T00:00:00.000,HYUN,LL,,GRY,BN69136,IL,10300 S. Doty,(773) 785-9752,1719617
2019-10-03T00:00:00.000,JEEP,LL,,RED,,IL,701 N. Sacramento,(773) 265-7605,6969927
2019-10-03T00:00:00.000,MERC,4T,,BLK,AZ35263,IL,701 N. Sacramento,(773) 265-7605,6969918
2019-10-03T00:00:00.000,MERZ,4D,,SIL,BN19357,IL,701 N. Sacramento,(773) 265-7605,6969966
2019-10-03T00:00:00.000,MERZ,4D,,BLK,IMBLES1,IL,10300 S. Doty,(773) 568-8495,2886919
2019-10-03T00:00:00.000,MITS,2T,,RED,AD53125,IL,701 N. Sacramento,(773) 265-7605,6969919
2019-10-03T00:00:00.000,MITS,4D,,SIL,2312571,IL,701 N. Sacramento,(773) 265-7605,6969907
2019-10-03T00:00:00.000,MITS,4D,,SIL,2312571,IL,701 N. Sacramento,(773) 265-7605,6969907
2019-10-03T00:00:00.000,MITS,4D,,SIL,2312571,IL,701 N. Sacramento,(773) 265-7605,6969907
2019-10-03T00:00:00.000,MITS,4D,,SIL,2312571,IL,701 N. Sacramento,(773) 265-7605,6969907
2019-10-03T00:00:00.000,NISS,4D,,SIL,CHA1930,GA,10300 S. Doty,(773) 568-8495,2886927
2019-10-03T00:00:00.000,NISS,LL,,BLK,Y823298,IL,400 E. Lower Wacker,(312) 744-7550,0213319
2019-10-03T00:00:00.000,OLDS,VN,,BGE,AN75436,IL,701 N. Sacramento,(773) 265-7605,6969926
2019-10-03T00:00:00.000,PONT,4D,,GRY,,IL,10300 S. Doty,(773) 785-9752,1719622
2019-10-03T00:00:00.000,PONT,4D,,BLK,BK84705,IL,701 N. Sacramento,(773) 265-7605,6969987
2019-10-03T00:00:00.000,PONT,4D,,SIL,BF43617,IL,701 N. Sacramento,(773) 265-7605,6969916
2019-10-03T00:00:00.000,PONT,4T,,TAN,BE19337,IL,701 N. Sacramento,(773) 265-7605,6969931
2019-10-03T00:00:00.000,SATR,4D,,TAN,BD16842,IL,10300 S. Doty,(773) 568-8495,2886923
2019-10-03T00:00:00.000,SCIO,2D,,GRY,V853072,IL,701 N. Sacramento,(773) 265-7605,6969983
2019-10-03T00:00:00.000,SUZI,LL,,BLK,AT91679,IL,701 N. Sacramento,(773) 265-7605,6969914
2019-10-03T00:00:00.000,TOYT,4D,,SIL,BA61998,IL,701 N. Sacramento,(773) 265-7605,6969998
2019-10-03T00:00:00.000,TOYT,4T,,BGE,AS65580,IL,701 N. Sacramento,(773) 265-7605,6969906
2019-10-03T00:00:00.000,TOYT,4T,,MAR,BE93921,IL,701 N. Sacramento,(773) 265-7605,6969908
2019-10-03T00:00:00.000,TOYT,4T,,LGR,N668866,IL,701 N. Sacramento,(773) 265-7605,6969923
2019-10-03T00:00:00.000,YAMA,MC,,SIL,EE1772,IL,701 N. Sacramento,(773) 265-1846,1539345
2019-10-02T00:00:00.000,ACUR,4D,,GRY,BK75675,IL,10300 S. Doty,(773) 568-8495,2886860
2019-10-02T00:00:00.000,ACUR,4D,,RED,E691010,IL,701 N. Sacramento,(773) 265-7605,6969891
2019-10-02T00:00:00.000,BUIC,4D,,SIL,BL83046,IL,701 N. Sacramento,(773) 265-7605,6969819
2019-10-02T00:00:00.000,CHEV,2D,,BLU,BG85106,IL,701 N. Sacramento,(773) 265-7605,6969787
2019-10-02T00:00:00.000,CHEV,4D,,GRY,AV79093,IL,701 N. Sacramento,(773) 265-7605,6969854
2019-10-02T00:00:00.000,CHEV,4D,,SIL,Z800668,IL,701 N. Sacramento,(773) 265-7605,6969877
2019-10-02T00:00:00.000,CHEV,4D,,MAR,AG65404,IL,10300 S. Doty,(773) 568-8495,2886868
2019-10-02T00:00:00.000,CHEV,4D,,ONG,AK62870,IL,701 N. Sacramento,(773) 265-7605,6969816
2019-10-02T00:00:00.000,CHEV,4D,,SIL,BH68454,IL,701 N. Sacramento,(773) 265-7605,6969855
2019-10-02T00:00:00.000,CHEV,4T,,BLK,AD1093,IL,701 N. Sacramento,(773) 265-7605,6969795
2019-10-02T00:00:00.000,CHEV,4T,,BLK,AF91091,IL,701 N. Sacramento,(773) 265-7605,6969832
2019-10-02T00:00:00.000,CHEV,4T,,MAR,BA90375,IL,701 N. Sacramento,(773) 265-7605,6969782
2019-10-02T00:00:00.000,CHEV,4T,,BLK,AD1093,IL,701 N. Sacramento,(773) 265-7605,6969795
2019-10-02T00:00:00.000,CHEV,4T,,WHI,,,701 N. Sacramento,(773) 265-7605,6969776
2019-10-02T00:00:00.000,CHEV,LL,,BLK,811U009,IL,701 N. Sacramento,(773) 265-7605,6969780
2019-10-02T00:00:00.000,CHEV,PK,,RED,96586FF,IL,701 N. Sacramento,(773) 265-7605,6969838
2019-10-02T00:00:00.000,CHRY,2D,,SIL,AX95646,IL,701 N. Sacramento,(773) 265-7605,6969799
2019-10-02T00:00:00.000,CHRY,4D,,WHI,Q397752,IL,701 N. Sacramento,(773) 265-7605,6969889
2019-10-02T00:00:00.000,CHRY,4D,,BLK,2229529,IL,701 N. Sacramento,(773) 265-7605,6969840
2019-10-02T00:00:00.000,CHRY,4T,,BLK,BA44148,IL,701 N. Sacramento,(773) 265-7605,6969822
2019-10-02T00:00:00.000,DODG,4D,,RED,AD50729,IL,701 N. Sacramento,(773) 265-7605,6969859
2019-10-02T00:00:00.000,DODG,LL,,RED,Q703945,IL,701 N. Sacramento,(773) 265-7605,6969829
2019-10-02T00:00:00.000,DODG,PK,,BLU,,IL,10300 S. Doty,(773) 568-8495,2886892
2019-10-02T00:00:00.000,DODG,VN,,BLK,324398,IL,701 N. Sacramento,(773) 265-7605,6969794
2019-10-02T00:00:00.000,FORD,4D,,TAN,BL87347,IL,701 N. Sacramento,(773) 265-7605,6969896
2019-10-02T00:00:00.000,FORD,4D,,SIL,BQ53125,IL,10300 S. Doty,(773) 568-8495,2886890
2019-10-02T00:00:00.000,FORD,4D,,GRY,SVIVOR1,IL,701 N. Sacramento,(773) 265-7605,6969798
2019-10-02T00:00:00.000,FORD,4D,,SIL,BE22914,IL,701 N. Sacramento,(773) 265-7605,6969845
2019-10-02T00:00:00.000,FORD,4D,,WHI,Q705445,IL,701 N. Sacramento,(773) 265-7605,6969882
2019-10-02T00:00:00.000,FORD,4T,,SIL,330009,IL,701 N. Sacramento,(773) 265-7605,6969830
2019-10-02T00:00:00.000,FORD,4T,,SIL,G707968,IL,701 N. Sacramento,(773) 265-7605,6969833
2019-10-02T00:00:00.000,FORD,LL,TK,GRN,BD14237,IL,10300 S. Doty,(773) 568-8495,2886879
2019-10-02T00:00:00.000,FORD,LL,,BLK,BK71585,IL,10300 S. Doty,(773) 568-8495,2886871
2019-10-02T00:00:00.000,FORD,LL,,SIL,BE93861,IL,701 N. Sacramento,(773) 265-7605,6969872
2019-10-02T00:00:00.000,FORD,SE,,WHI,442241D,IL,701 N. Sacramento,(773) 265-1846,1539340
2019-10-02T00:00:00.000,FORD,VN,,WHI,,IL,10300 S. Doty,(773) 568-8495,2886891
2019-10-02T00:00:00.000,GMC,LL,TK,BLK,AY91888,IL,10300 S. Doty,(773) 568-8495,2886894
2019-10-02T00:00:00.000,GMC,VN,,WHI,AT54952,IL,701 N. Sacramento,(773) 265-7605,6969800
2019-10-02T00:00:00.000,HOND,2D,,BLU,BA46169,IL,10300 S. Doty,(773) 568-8495,2886897
2019-10-02T00:00:00.000,HOND,2D,,PLE,AH77703,IL,701 N. Sacramento,(773) 265-7605,6969870
2019-10-02T00:00:00.000,HOND,2T,,BLK,AT59138,IL,701 N. Sacramento,(773) 265-7605,6969814
2019-10-02T00:00:00.000,HOND,4D,,GRY,K781847,IL,701 N. Sacramento,(773) 265-1846,1719614
2019-10-02T00:00:00.000,HOND,4T,,GRN,AX14774,IL,701 N. Sacramento,(773) 265-7605,6969797
2019-10-02T00:00:00.000,HYUN,4D,,GRY,AY53965,IL,10300 S. Doty,(773) 568-8495,2886884
2019-10-02T00:00:00.000,HYUN,4T,,WHI,BK19980,IL,701 N. Sacramento,(773) 265-7605,6969836
2019-10-02T00:00:00.000,INFI,4D,,BLK,BL82953,IL,10300 S. Doty,(773) 568-8495,2886870
2019-10-02T00:00:00.000,INFI,4D,,SIL,BF42179,IL,701 N. Sacramento,(773) 265-7605,6969898
2019-10-02T00:00:00.000,JEEP,LL,,BGE,BF50593,IL,701 N. Sacramento,(773) 265-7605,6969812
2019-10-02T00:00:00.000,JEEP,LL,,BLK,BK18301,IL,10300 S. Doty,(773) 568-8495,2886875
2019-10-02T00:00:00.000,MAZD,LL,,GRY,BB26213,IL,701 N. Sacramento,(773) 265-7605,6969875
2019-10-02T00:00:00.000,MERC,4D,,SIL,,IL,10300 S. Doty,(773) 568-8495,2886864
2019-10-02T00:00:00.000,MERC,4D,,BGE,BA40757,IL,701 N. Sacramento,(773) 265-7605,6969825
2019-10-02T00:00:00.000,MERC,4T,,BGE,ABM4728,WI,701 N. Sacramento,(773) 265-7605,6969831
2019-10-02T00:00:00.000,MITS,2D,,MAR,BB84152,IL,701 N. Sacramento,(773) 265-7605,6969805
2019-10-02T00:00:00.000,MITS,4D,,BLK,BD23643,IL,701 N. Sacramento,(773) 265-7605,6969887
2019-10-02T00:00:00.000,NISS,4D,,WHI,,IL,701 N. Sacramento,(773) 265-7605,6969793
2019-10-02T00:00:00.000,NISS,LL,,BLK,BE22970,IL,701 N. Sacramento,(773) 265-7605,6969834
2019-10-02T00:00:00.000,NISS,LL,,RED,BF26306,IL,701 N. Sacramento,(773) 265-7605,6969864
2019-10-02T00:00:00.000,NISS,LL,,ONG,Z585384,IL,701 N. Sacramento,(773) 265-7605,6969867
2019-10-02T00:00:00.000,NISS,LL,,BLK,GZVW12,FL,701 N. Sacramento,(773) 265-7605,6969885
2019-10-02T00:00:00.000,PONT,4D,,WHI,,IL,10300 S. Doty,(773) 568-8495,2886895
2019-10-02T00:00:00.000,PONT,4D,,RED,BF39919,IL,10300 S. Doty,(773) 568-8495,2886882
2019-10-02T00:00:00.000,PONT,4T,,SIL,,IL,701 N. Sacramento,(773) 265-7605,6969790
2019-10-02T00:00:00.000,TOYT,2D,,RED,BF20660,IL,10300 S. Doty,(773) 568-8495,2886902
2019-10-02T00:00:00.000,TOYT,4D,,TAN,6524260,IL,701 N. Sacramento,(773) 265-1846,1539337
2019-10-02T00:00:00.000,TOYT,4D,,RED,E107012,IL,701 N. Sacramento,(773) 265-1846,1539341
2019-10-02T00:00:00.000,TOYT,4D,,SIL,BG92144,IL,701 N. Sacramento,(773) 265-7605,6969820
2019-10-02T00:00:00.000,TOYT,4D,,GLD,K554920,IL,701 N. Sacramento,(773) 265-7605,6969883
2019-10-02T00:00:00.000,TOYT,4D,,GRN,BG91703,IL,701 N. Sacramento,(773) 265-7605,6969881
2019-10-02T00:00:00.000,TOYT,4T,,SIL,AG41580,IL,701 N. Sacramento,(773) 265-7605,6969806
2019-10-02T00:00:00.000,TOYT,4T,,GRY,AH19233,IL,701 N. Sacramento,(773) 265-7605,6969796
2019-10-02T00:00:00.000,TOYT,4T,,GLD,AF81346,IL,701 N. Sacramento,(773) 265-7605,6969788
2019-10-02T00:00:00.000,TOYT,VN,,SIL,BF38969,IL,701 N. Sacramento,(773) 265-7605,6969841
2019-10-02T00:00:00.000,VOLK,4D,,BLU,893U222,IL,10300 S. Doty,(773) 568-8495,2886872
2019-10-02T00:00:00.000,,MS,,PLE,,,701 N. Sacramento,(773) 265-7605,6969774
2019-10-02T00:00:00.000,,MS,,BLK,,,701 N. Sacramento,(773) 265-7605,6969775
2019-10-01T00:00:00.000,ACUR,LL,,RED,,,701 N. Sacramento,(773) 265-1846,1539334
2019-10-01T00:00:00.000,AUDI,4D,,BLK,BN83048,IL,10300 S. Doty,(773) 568-8495,2886855
2019-10-01T00:00:00.000,CADI,4D,,WHI,,,701 N. Sacramento,(773) 265-7605,6969760
2019-10-01T00:00:00.000,CHEV,4D,,BLK,BB21764,IL,Chicago O'hare International Airport remote lot E.,(312) 746-6350,416210
2019-10-01T00:00:00.000,CHEV,4D,,BLU,BH23718,IL,10300 S. Doty,(773) 568-8495,2886818
2019-10-01T00:00:00.000,CHEV,4D,,BLK,DYD9567,MI,701 N. Sacramento,(773) 265-1846,1539336
2019-10-01T00:00:00.000,CHEV,4D,,GLD,AQ71832,IL,701 N. Sacramento,(773) 265-7605,6969728
2019-10-01T00:00:00.000,CHEV,4D,,WHI,,IL,701 N. Sacramento,(773) 265-7605,6969753
2019-10-01T00:00:00.000,CHEV,4D,,SIL,AK42668,IL,Chicago O'hare International Airport remote lot E.,(312) 746-6350,416215
2019-10-01T00:00:00.000,CHEV,VN,TK,MAR,BA41646,IL,701 N. Sacramento,(773) 265-7605,6969754
2019-10-01T00:00:00.000,CHRY,4D,,WHI,ZY12759,IL,Chicago O'hare International Airport remote lot E.,(312) 746-6350,416209
2019-10-01T00:00:00.000,CHRY,VN,,SIL,BA72523,IL,Chicago O'hare International Airport remote lot E.,(312) 746-6350,416216
2019-10-01T00:00:00.000,DODG,4D,,BLK,BG82031,IL,10300 S. Doty,(773) 568-8495,2886845
2019-10-01T00:00:00.000,DODG,VN,,WHI,AS14351,IL,701 N. Sacramento,(773) 265-7605,6969768
2019-10-01T00:00:00.000,DODG,VN,,GRN,,IL,701 N. Sacramento,(773) 265-1846,1539331
2019-10-01T00:00:00.000,DODG,VN,,BLK,AB19483,IL,10300 S. Doty,(773) 568-8495,2886826
2019-10-01T00:00:00.000,FORD,4D,,SIL,ZX80839,IL,Chicago O'hare International Airport remote lot E.,(312) 746-6350,416211
2019-10-01T00:00:00.000,FORD,4D,,RED,724971,IL,701 N. Sacramento,(773) 265-7605,6969703
2019-10-01T00:00:00.000,FORD,4D,,SIL,,,701 N. Sacramento,(773) 265-7605,6969738
2019-10-01T00:00:00.000,FORD,4D,,WHI,BF21270,IL,10300 S. Doty,(773) 568-8495,2886842
2019-10-01T00:00:00.000,GMC,PK,,BLU,1920098B,IL,701 N. Sacramento,(773) 265-7605,6969755
2019-10-01T00:00:00.000,GMC,PK,,WHI,,IL,10300 S. Doty,(773) 568-8495,2886828
2019-10-01T00:00:00.000,HOND,LL,,SIL,P141394,IL,701 N. Sacramento,(773) 265-7605,6969715
2019-10-01T00:00:00.000,HOND,VN,TK,BLK,V936011,IL,400 E. Lower Wacker,(312) 744-7550,0213163
2019-10-01T00:00:00.000,HOND,VN,,BLK,AW46877,IL,Chicago O'hare International Airport remote lot E.,(312) 746-6350,416219
2019-10-01T00:00:00.000,HYUN,4D,,MAR,,IL,701 N. Sacramento,(773) 265-7605,6969730
2019-10-01T00:00:00.000,HYUN,4D,,WHI,BN25909,IL,10300 S. Doty,(773) 568-8495,2886856
2019-10-01T00:00:00.000,HYUN,4D,,SIL,BK16319,IL,701 N. Sacramento,(773) 265-7605,6969766
2019-10-01T00:00:00.000,HYUN,LL,,WHI,820643,IL,701 N. Sacramento,(773) 265-7605,6969711
2019-10-01T00:00:00.000,HYUN,LL,,TAN,7174183,IL,10300 S. Doty,(773) 785-9752,1719609
2019-10-01T00:00:00.000,INFI,LL,,BLK,AT80663,IL,701 N. Sacramento,(773) 265-7605,6969689
2019-10-01T00:00:00.000,JEEP,LL,,SIL,,IL,701 N. Sacramento,(773) 265-7605,6969709
2019-10-01T00:00:00.000,JEEP,LL,,BLK,BE74716,IL,701 N. Sacramento,(773) 265-7605,6969683
2019-10-01T00:00:00.000,KIA,4D,,GRY,BP77836,IL,701 N. Sacramento,(773) 265-7605,6969743
2019-10-01T00:00:00.000,LEXS,4D,,BRO,AT38395,IL,701 N. Sacramento,(773) 265-7605,6969720
2019-10-01T00:00:00.000,LEXS,4D,,WHI,849U868,IL,10300 S. Doty,(773) 568-8495,2886849
2019-10-01T00:00:00.000,LINC,4D,,SIL,Q614349,IL,701 N. Sacramento,(773) 265-7605,6969690
2019-10-01T00:00:00.000,MAZD,4D,,SIL,AH44044,IL,701 N. Sacramento,(773) 265-7605,6969714
2019-10-01T00:00:00.000,MERC,4H,,BLK,FVP862,IL,701 N. Sacramento,(773) 265-7605,6969763
2019-10-01T00:00:00.000,MITS,LL,,SIL,BB88146,IL,701 N. Sacramento,(773) 265-7605,6969716
2019-10-01T00:00:00.000,MITS,LL,,SIL,AG18779,IL,701 N. Sacramento,(773) 265-7605,6969744
2019-10-01T00:00:00.000,NISS,4D,,SIL,,,701 N. Sacramento,(773) 265-7605,6969721
2019-10-01T00:00:00.000,NISS,4D,,BLK,,IL,10300 S. Doty,(773) 568-8495,2886851
2019-10-01T00:00:00.000,NISS,4D,,WHI,BF39027,IL,701 N. Sacramento,(773) 265-7605,6969682
2019-10-01T00:00:00.000,NISS,4D,,WHI,CTZ063,MN,701 N. Sacramento,(773) 265-7605,6969759
2019-10-01T00:00:00.000,NISS,LL,,GRY,AJ46802,IL,701 N. Sacramento,(773) 265-7605,6969745
2019-10-01T00:00:00.000,PONT,4D,,WHI,BF24994,IL,10300 S. Doty,(773) 568-8495,2886858
2019-10-01T00:00:00.000,SATR,4D,,GLD,BL12338,IL,701 N. Sacramento,(773) 265-7605,6969731
2019-10-01T00:00:00.000,SATR,4D,,GLD,,IL,701 N. Sacramento,(773) 265-7605,6969708
2019-10-01T00:00:00.000,SUBA,4D,,RED,L592046,IL,10300 S. Doty,(773) 568-8495,2886838
2019-10-01T00:00:00.000,TOYT,4D,,BLK,AW17399,IL,701 N. Sacramento,(773) 265-1846,1539335
2019-10-01T00:00:00.000,TOYT,4D,,BLK,BT73379,IL,701 N. Sacramento,(773) 265-7605,6969765
2019-10-01T00:00:00.000,TOYT,4D,,BLK,AD72841,IL,701 N. Sacramento,(773) 265-7605,6969725
2019-09-30T00:00:00.000,BUIC,4D,,SIL,AJV703,IN,10300 S. Doty,(773) 568-8495,2886805
2019-09-30T00:00:00.000,BUIC,4D,,SIL,BF38988,IL,10300 S. Doty,(773) 568-8495,2886815
2019-09-30T00:00:00.000,CADI,4D,,GRN,BL91492,IL,701 N. Sacramento,(773) 265-7605,6969629
2019-09-30T00:00:00.000,CHEV,4D,,SIL,BL24194,IL,10300 S. Doty,(773) 568-8495,2886786
2019-09-30T00:00:00.000,CHEV,4D,,WHI,689U311,IL,10300 S. Doty,(773) 568-8495,2886792
2019-09-30T00:00:00.000,CHEV,4D,,BLK,K658961,IN,10300 S. Doty,(773) 568-8495,2886788
2019-09-30T00:00:00.000,CHRY,LL,TK,SIL,605PCZ,MN,10300 S. Doty,(773) 568-8495,2886812
2019-09-30T00:00:00.000,CHRY,SW,,BLU,862U597,IL,701 N. Sacramento,(773) 265-7605,6969675
2019-09-30T00:00:00.000,CHRY,VN,,WHI,AT87585,IL,701 N. Sacramento,(773) 265-7605,6969635
2019-09-30T00:00:00.000,DODG,2D,,MAR,MDN1780,TX,10300 S. Doty,(773) 568-8495,2886796
2019-09-30T00:00:00.000,DODG,4D,,GRY,BF19137,IL,10300 S. Doty,(773) 568-8495,2886811
2019-09-30T00:00:00.000,DODG,4D,,ONG,BB96716,IL,701 N. Sacramento,(773) 265-7605,6969656
2019-09-30T00:00:00.000,DODG,VN,,GRY,Q141759,IL,701 N. Sacramento,(773) 265-7605,6969668
2019-09-30T00:00:00.000,DODG,VN,,SIL,BE86926,IL,701 N. Sacramento,(773) 265-7605,6969631
2019-09-30T00:00:00.000,DODG,VN,,WHI,H499264,IL,701 N. Sacramento,(773) 265-7605,6969658
2019-09-30T00:00:00.000,FORD,4D,,RED,J549362,IL,10300 S. Doty,(773) 785-9752,1719605
2019-09-30T00:00:00.000,FORD,LL,,BLK,,IL,10300 S. Doty,(773) 568-8495,2886800
2019-09-30T00:00:00.000,FORD,LL,,WHI,1834985B,IL,10300 S. Doty,(773) 785-9752,1719606
2019-09-30T00:00:00.000,FORD,LL,,TAN,ADS2907,IL,701 N. Sacramento,(773) 265-1846,1539327
2019-09-30T00:00:00.000,FORD,VN,,WHI,,IL,10300 S. Doty,(773) 568-8495,2886795
2019-09-30T00:00:00.000,GMC,LL,,WHI,L775844,IL,701 N. Sacramento,(773) 265-7605,6969667
2019-09-30T00:00:00.000,HOND,4D,,BLK,BD74649,IL,10300 S. Doty,(773) 568-8495,2886816
2019-09-30T00:00:00.000,HYUN,4D,SON,BLK,BL86826,IL,701 N. Sacramento,(773) 265-7605,6969671
2019-09-30T00:00:00.000,HYUN,4D,,BLK,S0117333,GA,701 N. Sacramento,(773) 265-7605,6969634
2019-09-30T00:00:00.000,HYUN,4D,,LBL,953LYF,IN,701 N. Sacramento,(773) 265-1846,1539328
2019-09-30T00:00:00.000,ISU,LL,,GRN,D530644,IL,701 N. Sacramento,(773) 265-1846,1539326
2019-09-30T00:00:00.000,MERC,LL,,GRN,655033,IL,10300 S. Doty,(773) 568-8495,2886814
2019-09-30T00:00:00.000,MERZ,4D,,WHI,BB15221,IL,10300 S. Doty,(773) 568-8495,2886783
2019-09-30T00:00:00.000,NISS,4D,,BLU,BH95844,IL,701 N. Sacramento,(773) 265-7605,6969646
2019-09-30T00:00:00.000,NISS,4D,,BLK,V691814,IL,701 N. Sacramento,(773) 265-7605,6969672
2019-09-30T00:00:00.000,NISS,4D,,GRY,AH45017,IL,10300 S. Doty,(773) 568-8495,2886787
2019-09-30T00:00:00.000,NISS,LL,TK,BLU,Y755062,IL,701 N. Sacramento,(773) 265-7605,6969657
2019-09-30T00:00:00.000,NISS,LL,,BLK,,IL,10300 S. Doty,(773) 568-8495,2886797
2019-09-30T00:00:00.000,NISS,LL,,BLU,AY28868,IL,10300 S. Doty,(773) 568-8495,2886807
2019-09-30T00:00:00.000,PONT,4D,,SIL,BQ75885,IL,10300 S. Doty,(773) 568-8495,2886808
2019-09-30T00:00:00.000,RAMA,PK,,GRY,,IL,10300 S. Doty,(773) 568-8495,2886785
2019-09-30T00:00:00.000,SATR,4D,,SIL,AGL9308,WI,701 N. Sacramento,(773) 265-7605,6969645
2019-09-30T00:00:00.000,SATR,4D,,TAN,Q512836,IL,10300 S. Doty,(773) 785-9752,1719603
2019-09-30T00:00:00.000,TOYT,4D,,BLK,,,701 N. Sacramento,(773) 265-7605,6969632
2019-09-29T00:00:00.000,AUDI,4D,,GRY,K470137,IN,10300 S. Doty,(773) 568-8495,2886774
2019-09-29T00:00:00.000,BUIC,4D,,MAR,BL91459,IL,701 N. Sacramento,(773) 265-7605,6969591
2019-09-29T00:00:00.000,CADI,4D,,BLK,,IL,701 N. Sacramento,(773) 265-7605,6969602
2019-09-29T00:00:00.000,CHEV,2D,,BLU,Q520541,IL,10300 S. Doty,(773) 568-8495,2886765
2019-09-29T00:00:00.000,CHEV,4D,,GRY,Z965160,IL,10300 S. Doty,(773) 568-8495,2886773
2019-09-29T00:00:00.000,CHEV,LL,TK,MAR,E308729,IL,10300 S. Doty,(773) 568-8495,2886780
2019-09-29T00:00:00.000,CHEV,LL,TK,BLK,520U683,IL,10300 S. Doty,(773) 568-8495,2886718
2019-09-29T00:00:00.000,CHEV,LL,,BLK,S284101,IL,10300 S. Doty,(773) 568-8495,2886770
2019-09-29T00:00:00.000,CHEV,SW,,RED,AG99421,IL,701 N. Sacramento,(773) 265-7605,6969610
2019-09-29T00:00:00.000,CHRY,4D,,GRY,BB27569,IL,10300 S. Doty,(773) 568-8495,2886722
2019-09-29T00:00:00.000,CHRY,VN,,WHI,AT52712,IL,10300 S. Doty,(773) 568-8495,2886768
2019-09-29T00:00:00.000,DODG,4D,,WHI,BN69897,IL,10300 S. Doty,(773) 568-8495,2886723
2019-09-29T00:00:00.000,DODG,4T,,BLU,816U746,IL,10300 S. Doty,(773) 568-8495,2886733
2019-09-29T00:00:00.000,DODG,LL,,BLK,K701196,IN,10300 S. Doty,(773) 568-8495,2886754
2019-09-29T00:00:00.000,FORD,4T,,BLU,BH95271,IL,10300 S. Doty,(773) 568-8495,2886713
2019-09-29T00:00:00.000,GMC,LL,TK,WHI,Z469436,IL,701 N. Sacramento,(773) 265-7605,6969596
2019-09-29T00:00:00.000,HOND,2D,,BLU,BG93559,IL,10300 S. Doty,(773) 568-8495,2886771
2019-09-29T00:00:00.000,HOND,4D,,SIL,183506,IL,10300 S. Doty,(773) 568-8495,2886710
2019-09-29T00:00:00.000,HYUN,4D,,BLU,BM18779,IL,701 N. Sacramento,(773) 265-7605,6969627
2019-09-29T00:00:00.000,JEEP,LL,,BLU,783U782,IL,701 N. Sacramento,(773) 265-7605,6969621
2019-09-29T00:00:00.000,JEEP,LL,TK,SIL,BF32668,IL,701 N. Sacramento,(773) 265-7605,6969604
2019-09-29T00:00:00.000,JEEP,LL,TK,BLU,AU18588,IL,10300 S. Doty,(773) 568-8495,2886753
2019-09-29T00:00:00.000,LEXS,LL,,WHI,BG46250,IL,10300 S. Doty,(773) 568-8495,2886769
2019-09-29T00:00:00.000,MAZD,4T,,SIL,2521930,IL,10300 S. Doty,(773) 568-8495,2886735
2019-09-29T00:00:00.000,MERC,4D,,SIL,E650593,IL,701 N. Sacramento,(773) 265-7605,6969606
2019-09-29T00:00:00.000,NISS,4D,,SIL,AF70501,IL,701 N. Sacramento,(773) 265-7605,2886744
2019-09-29T00:00:00.000,OLDS,LL,,SIL,BF41185,IL,10300 S. Doty,(773) 568-8495,2886776
2019-09-29T00:00:00.000,TOYT,4D,,WHI,BN43980,IL,701 N. Sacramento,(773) 265-7605,6969598
2019-09-29T00:00:00.000,TOYT,4D,,MAR,BR33306,IL,701 N. Sacramento,(773) 265-7605,6969601
2019-09-29T00:00:00.000,TOYT,4D,,GRY,BL58343,IL,701 N. Sacramento,(773) 265-7605,6969599
2019-09-28T00:00:00.000,BUIC,4D,,SIL,L107371,IL,701 N. Sacramento,(773) 265-7605,6969551
2019-09-28T00:00:00.000,BUIC,4D,,BLK,BF20302,IL,10300 S. Doty,(773) 568-8495,2886666
2019-09-28T00:00:00.000,CADI,4D,,GRY,AV85111,IL,10300 S. Doty,(773) 568-8495,2886697
2019-09-28T00:00:00.000,CHEV,4D,,SIL,BQ73416,IL,10300 S. Doty,(773) 568-8495,2886685
2019-09-28T00:00:00.000,CHEV,4D,,WHI,AS77707,IL,10300 S. Doty,(773) 568-8495,2886589
2019-09-28T00:00:00.000,CHEV,4D,,BLK,BN74437,IL,701 N. Sacramento,(773) 265-7605,6969539
2019-09-28T00:00:00.000,CHEV,LL,,WHI,AG71679,IL,10300 S. Doty,(773) 568-8495,2886696
2019-09-28T00:00:00.000,CHRY,VN,,BLU,,,701 N. Sacramento,(773) 265-7605,6969528
2019-09-28T00:00:00.000,DATS,2D,,BGE,,IL,701 N. Sacramento,(773) 265-7605,6969559
2019-09-28T00:00:00.000,FORD,4T,,BLK,DL5685H,IL,10300 S. Doty,(773) 568-8495,2886602
2019-09-28T00:00:00.000,FORD,4T,,SIL,LGY9414,TX,701 N. Sacramento,(773) 265-7605,6969531
2019-09-28T00:00:00.000,HOND,4D,,BRO,AN84675,IL,701 N. Sacramento,(773) 265-7605,6969547
2019-09-28T00:00:00.000,HOND,4D,,WHI,AZ94413,IL,400 E. Lower Wacker,(312) 744-7550,0212954
2019-09-28T00:00:00.000,HOND,4T,,BLU,637A0D,IN,10300 S. Doty,(773) 568-8495,2886601
2019-09-28T00:00:00.000,HOND,4T,,GRN,,IL,10300 S. Doty,(773) 568-8495,2886604
2019-09-28T00:00:00.000,HOND,LL,,GRY,BA28636,IL,701 N. Sacramento,(773) 265-7605,6969566
2019-09-28T00:00:00.000,INFI,LL,,GRY,PKG5512,OH,701 N. Sacramento,(773) 265-7605,6969533
2019-09-28T00:00:00.000,KIA,VN,,BLK,,IL,701 N. Sacramento,(773) 265-7605,6969557
2019-09-28T00:00:00.000,LINC,4D,,SIL,,,10300 S. Doty,(773) 568-8495,2886693
2019-09-28T00:00:00.000,LINC,4T,,BLK,Y917588,IL,10300 S. Doty,(773) 568-8495,2886609
2019-09-28T00:00:00.000,MITS,4D,,TAN,BT60860,IL,10300 S. Doty,(773) 568-8495,2886608
2019-09-28T00:00:00.000,NISS,4D,,WHI,429U046,IL,10300 S. Doty,(773) 568-8495,2886644
2019-09-28T00:00:00.000,NISS,4D,,RED,AAU2028,WI,10300 S. Doty,(773) 568-8495,2886672
2019-09-28T00:00:00.000,NISS,4D,,GRY,,,701 N. Sacramento,(773) 265-7605,6969574
2019-09-28T00:00:00.000,NISS,4H,,BLK,FP65002,IL,400 E. Lower Wacker,(312) 744-7550,0212952
2019-09-28T00:00:00.000,NISS,SW,TK,ONG,BL16135,IL,701 N. Sacramento,(773) 265-7605,6969540
2019-09-28T00:00:00.000,OLDS,4D,,MAR,AY79544,IL,701 N. Sacramento,(773) 265-7605,6969554
2019-09-28T00:00:00.000,PONT,2D,,SIL,00233005,IL,10300 S. Doty,(773) 568-8495,2886691
2019-09-28T00:00:00.000,PONT,4D,,SIL,,IL,10300 S. Doty,(773) 568-8495,2886642
2019-09-28T00:00:00.000,PONT,4D,,BLU,784U172,IL,10300 S. Doty,(773) 568-8495,2886614
2019-09-28T00:00:00.000,SATR,LL,,BLK,BL87113,IL,701 N. Sacramento,(773) 265-7605,6969553
2019-09-28T00:00:00.000,TOYT,4D,,DBL,,,701 N. Sacramento,(773) 265-7605,6969582
2019-09-27T00:00:00.000,BMW,4D,,BLK,,IL,10300 S. Doty,(773) 568-8495,2886582
2019-09-27T00:00:00.000,BUIC,4D,,TAN,766U440,IL,10300 S. Doty,(773) 568-8495,2886553
2019-09-27T00:00:00.000,CHEV,4D,,SIL,Q321598,IL,10300 S. Doty,(773) 568-8495,2886531
2019-09-27T00:00:00.000,CHEV,4D,,WHI,Q882943,IL,701 N. Sacramento,(773) 265-1846,1539325
2019-09-27T00:00:00.000,CHEV,4T,,SIL,AT93330,IL,10300 S. Doty,(773) 568-8495,2886514
2019-09-27T00:00:00.000,CHEV,4T,,BLK,958383,IL,701 N. Sacramento,(773) 265-7605,6969461
2019-09-27T00:00:00.000,CHEV,4T,,SIL,V143750,IL,701 N. Sacramento,(773) 265-7605,6969460
2019-09-27T00:00:00.000,CHEV,4T,,WHI,AQ73722,IL,701 N. Sacramento,(773) 265-7605,6969524
2019-09-27T00:00:00.000,CHEV,LL,,TAN,BN68556,IL,10300 S. Doty,(773) 568-8495,2886583
2019-09-27T00:00:00.000,CHEV,LL,,BLK,ZV64521,IL,701 N. Sacramento,(773) 265-7605,6969512
2019-09-27T00:00:00.000,CHEV,VN,,WHI,AK89498,IL,10300 S. Doty,(773) 785-9752,1719600
2019-09-27T00:00:00.000,CHRY,4D,,GRY,BH89763,IL,701 N. Sacramento,(773) 265-7605,6969473
2019-09-27T00:00:00.000,CHRY,4D,,DBL,AP44418,IL,701 N. Sacramento,(773) 265-7605,6969518
2019-09-27T00:00:00.000,CHRY,VN,,GRN,BF40080,IL,701 N. Sacramento,(773) 265-7605,6969490
2019-09-27T00:00:00.000,DODG,4D,,BLK,AL14167,IL,10300 S. Doty,(773) 785-9752,1719602
2019-09-27T00:00:00.000,FORD,4D,,BRO,BN44325,IL,701 N. Sacramento,(773) 265-7605,6969483
2019-09-27T00:00:00.000,FORD,4D,,WHI,BA74807,IL,701 N. Sacramento,(773) 265-7605,6969507
2019-09-27T00:00:00.000,FORD,4D,,BGE,ZX82167,IL,10300 S. Doty,(773) 568-8495,2886532
2019-09-27T00:00:00.000,FORD,LL,,BLU,,IL,701 N. Sacramento,(773) 265-7605,6969509
2019-09-27T00:00:00.000,FORD,LL,,GRY,AE19901,IL,10300 S. Doty,(773) 568-8495,2886575
2019-09-27T00:00:00.000,GMC,LL,,BGE,V949699,IL,701 N. Sacramento,(773) 265-7605,6969463
2019-09-27T00:00:00.000,HOND,2D,,GRN,BE88931,IL,10300 S. Doty,(773) 568-8495,2886577
2019-09-27T00:00:00.000,HOND,2D,,BLK,776U468,IL,701 N. Sacramento,(773) 265-7605,6969513
2019-09-27T00:00:00.000,HYUN,4D,,BLK,AC27142,IL,701 N. Sacramento,(773) 265-7605,6969459
2019-09-27T00:00:00.000,HYUN,4D,,WHI,AN37569,IL,701 N. Sacramento,(773) 265-1846,1539322
2019-09-27T00:00:00.000,JEEP,LL,,BLK,BE80008,IL,701 N. Sacramento,(773) 265-7605,6969469
2019-09-27T00:00:00.000,KIA,LL,,GRY,AV88375,IL,701 N. Sacramento,(773) 265-7605,6969496
2019-09-27T00:00:00.000,LINC,4D,,BLK,2346075,IL,10300 S. Doty,(773) 568-8495,2886540
2019-09-27T00:00:00.000,LINC,4D,,BLK,47MV36,AL,400 E. Lower Wacker,(312) 744-7550,0212897
2019-09-27T00:00:00.000,MAZD,4D,,BLU,Q471298,IL,701 N. Sacramento,(773) 265-7605,6969491
2019-09-27T00:00:00.000,MERZ,4D,,BGE,BN34178,IL,701 N. Sacramento,(773) 265-7605,6969481
2019-09-27T00:00:00.000,MERZ,LL,,SIL,E820537,IL,10300 S. Doty,(773) 568-8495,2886507
2019-09-27T00:00:00.000,NISS,4T,,BLK,AX18737,IL,701 N. Sacramento,(773) 265-7605,6969479
2019-09-27T00:00:00.000,NISS,LL,,MAR,,,701 N. Sacramento,(773) 265-7605,6969502
2019-09-27T00:00:00.000,SATR,4D,,SIL,Q458494,IL,10300 S. Doty,(773) 568-8495,2886502
2019-09-27T00:00:00.000,TOYT,4D,,SIL,XCE382,MI,701 N. Sacramento,(773) 265-1846,1539323
2019-09-27T00:00:00.000,VOLK,4D,,RED,AP21944,IL,10300 S. Doty,(773) 568-8495,2886513
2019-09-27T00:00:00.000,VOLV,4D,,BLK,934U102,IL,701 N. Sacramento,(773) 265-7605,6969532
2019-09-27T00:00:00.000,VW,4D,,BLK,AT78360,IL,10300 S. Doty,(773) 568-8495,2886587
2019-09-26T00:00:00.000,BUIC,4D,,BLK,BL82702,IL,701 N. Sacramento,(773) 265-7605,6969437
2019-09-26T00:00:00.000,BUIC,4D,,SIL,,IL,10300 S. Doty,(773) 568-8495,2886495
2019-09-26T00:00:00.000,CADI,4D,,WHI,,IL,10300 S. Doty,(773) 568-8495,2886387
2019-09-26T00:00:00.000,CHEV,2D,,RED,BN82831,IL,10300 S. Doty,(773) 568-8495,2886490
2019-09-26T00:00:00.000,CHEV,4D,,WHI,BN80515,IL,10300 S. Doty,(773) 568-8495,2886388
2019-09-26T00:00:00.000,CHEV,4D,,PLE,,IL,10300 S. Doty,(773) 568-8495,2886442
2019-09-26T00:00:00.000,CHEV,4D,,RED,Q196970,IL,10300 S. Doty,(773) 568-8495,2886497
2019-09-26T00:00:00.000,CHEV,4D,,BLU,00106273,IL,701 N. Sacramento,(773) 265-1846,1539317
2019-09-26T00:00:00.000,CHEV,4D,,WHI,Q986469,IL,10300 S. Doty,(773) 568-8495,2886416
2019-09-26T00:00:00.000,CHEV,4D,,TAN,,IL,701 N. Sacramento,(773) 265-7605,6969421
2019-09-26T00:00:00.000,CHEV,4D,,BLK,BL70756,IL,701 N. Sacramento,(773) 265-1846,1539316
2019-09-26T00:00:00.000,CHEV,4D,,RED,DL80AP,IL,701 N. Sacramento,(773) 265-1846,1539315
2019-09-26T00:00:00.000,CHEV,LL,,BGE,,IL,701 N. Sacramento,(773) 265-1846,1539309
2019-09-26T00:00:00.000,CHEV,PK,TK,WHI,2146800B,IL,701 N. Sacramento,(773) 265-7605,6969410
2019-09-26T00:00:00.000,CHRY,4D,,GRY,AW18623,IL,701 N. Sacramento,(773) 265-7605,6969424
2019-09-26T00:00:00.000,CHRY,VN,,SIL,AW16431,IL,10300 S. Doty,(773) 568-8495,2886472
2019-09-26T00:00:00.000,DODG,VN,,SIL,851U473,IL,701 N. Sacramento,(773) 265-1846,1539313
2019-09-26T00:00:00.000,FORD,LL,,GRN,BA65817,IL,701 N. Sacramento,(773) 265-1846,1539311
2019-09-26T00:00:00.000,FORD,LL,TK,BLU,E862195,IL,701 N. Sacramento,(773) 265-7605,6969445
2019-09-26T00:00:00.000,HOND,4D,,WHI,AV92045,IL,10300 S. Doty,(773) 568-8495,2886494
2019-09-26T00:00:00.000,HOND,MC,,BLK,,,10300 S. Doty,(773) 568-8495,2886443
2019-09-26T00:00:00.000,HOND,SW,,GRY,BK12844,IL,10300 S. Doty,(773) 568-8495,2886420
2019-09-26T00:00:00.000,HYUN,4D,,GRY,AG70046,IL,10300 S. Doty,(773) 568-8495,2886427
2019-09-26T00:00:00.000,INFI,LL,,GRY,AN17454,IL,701 N. Sacramento,(773) 265-7605,6969431
2019-09-26T00:00:00.000,INFI,LL,,WHI,,IL,701 N. Sacramento,(773) 265-1846,1539312
2019-09-26T00:00:00.000,JAGU,4D,,BLK,BL85083,IL,701 N. Sacramento,(773) 265-7605,6969403
2019-09-26T00:00:00.000,JEEP,LL,,GRN,BN70891,IL,10300 S. Doty,(773) 568-8495,2886406
2019-09-26T00:00:00.000,KIA,4D,,SIL,E676599,IL,10300 S. Doty,(773) 568-8495,2886459
2019-09-26T00:00:00.000,LINC,4D,,SIL,AG57970,IL,701 N. Sacramento,(773) 265-1846,1539318
2019-09-26T00:00:00.000,MERC,4D,,TAN,ZU44281,IL,701 N. Sacramento,(773) 265-7605,6969454
2019-09-26T00:00:00.000,MERZ,4D,,RED,AU51222,IL,10300 S. Doty,(773) 568-8495,2886432
2019-09-26T00:00:00.000,NISS,4D,,BLK,8074606,IL,701 N. Sacramento,(773) 265-7605,6969420
2019-09-26T00:00:00.000,OLDS,4D,,BLK,BM25694,IL,701 N. Sacramento,(773) 265-7605,6969414
2019-09-26T00:00:00.000,PONT,4D,,GRY,,,701 N. Sacramento,(773) 265-7605,6969451
2019-09-26T00:00:00.000,PONT,4D,,GRN,BC39204,IL,10300 S. Doty,(773) 568-8495,2886395
2019-09-26T00:00:00.000,PONT,4D,,RED,621826,IL,701 N. Sacramento,(773) 265-1846,1539310
2019-09-26T00:00:00.000,PONT,VN,,TAN,,IL,701 N. Sacramento,(773) 265-7605,6969443
2019-09-26T00:00:00.000,PONT,VN,,GRY,,IL,701 N. Sacramento,(773) 265-1846,1539320
2019-09-26T00:00:00.000,SCIO,4D,,SIL,5842LE,IL,701 N. Sacramento,(773) 265-7605,6969408
2019-09-26T00:00:00.000,TOYT,4D,,BLU,K499044,IN,10300 S. Doty,(773) 568-8495,2886453
2019-09-26T00:00:00.000,TOYT,4D,,SIL,N797070,IL,701 N. Sacramento,(773) 265-7605,6969446
2019-09-25T00:00:00.000,ACUR,4D,,GRY,957U855,IL,10300 S. Doty,(773) 568-8495,2886303
2019-09-25T00:00:00.000,BUIC,4D,,GRN,884U389,IL,701 N. Sacramento,(773) 265-7605,6969394
2019-09-25T00:00:00.000,BUIC,4D,,WHI,BA18830,IL,10300 S. Doty,(773) 568-8495,2886366
2019-09-25T00:00:00.000,BUIC,LL,,TAN,BN72838,IL,10300 S. Doty,(773) 568-8495,2886368
2019-09-25T00:00:00.000,CADI,2D,,WHI,LB4E8J,MO,10300 S. Doty,(773) 568-8495,2886373
2019-09-25T00:00:00.000,CHEV,LL,,BLK,BA44314,IL,701 N. Sacramento,(773) 265-7605,6969356
2019-09-25T00:00:00.000,CHEV,LL,,BLK,,,10300 S. Doty,(773) 568-8495,2886311
2019-09-25T00:00:00.000,CHRY,2T,,BLU,G855261,IL,10300 S. Doty,(773) 568-8495,2886275
2019-09-25T00:00:00.000,CHRY,VN,TK,WHI,7277772,IL,701 N. Sacramento,(773) 265-7605,6969353
2019-09-25T00:00:00.000,CHRY,VN,,RED,Q232349,IL,10300 S. Doty,(773) 568-8495,2886320
2019-09-25T00:00:00.000,DODG,VN,,SIL,BB30807,IL,10300 S. Doty,(773) 568-8495,2886328
2019-09-25T00:00:00.000,DODG,VN,,WHI,E437689,IL,701 N. Sacramento,(773) 265-7605,6969401
2019-09-25T00:00:00.000,FORD,4T,,GRY,BA35898,IL,701 N. Sacramento,(773) 265-7605,6969351
2019-09-25T00:00:00.000,FORD,LL,TK,TAN,S718459,IL,10300 S. Doty,(773) 568-8495,2886321
2019-09-25T00:00:00.000,FORD,LL,,DGR,AT26730,IL,10300 S. Doty,(773) 568-8495,2886372
2019-09-25T00:00:00.000,FORD,PK,,WHI,2519070,IL,10300 S. Doty,(773) 568-8495,2886313
2019-09-25T00:00:00.000,FORD,SW,,WHI,BF39621,IL,701 N. Sacramento,(773) 265-7605,6969399
2019-09-25T00:00:00.000,GMC,LL,,WHI,,IL,10300 S. Doty,(773) 785-9752,1719591
2019-09-25T00:00:00.000,GMC,VN,TK,BLK,872U482,IL,701 N. Sacramento,(773) 265-7605,6969352
2019-09-25T00:00:00.000,HOND,2D,,WHI,,IL,701 N. Sacramento,(773) 265-7605,6969388
2019-09-25T00:00:00.000,HOND,2D,,GRY,AX31776,IL,701 N. Sacramento,(773) 265-7605,6969349
2019-09-25T00:00:00.000,HYUN,4D,,WHI,,,10300 S. Doty,(773) 568-8495,2886367
2019-09-25T00:00:00.000,JEEP,LL,TK,MAR,,IL,701 N. Sacramento,(773) 265-7605,6969358
2019-09-25T00:00:00.000,LEXS,4D,,TAN,,IL,701 N. Sacramento,(773) 265-7605,6969387
2019-09-25T00:00:00.000,LEXS,LL,,TAN,,IL,701 N. Sacramento,(773) 265-1846,1539307
2019-09-25T00:00:00.000,MAZD,LL,,MAR,,IL,701 N. Sacramento,(773) 265-7605,6969384
2019-09-25T00:00:00.000,MERC,4D,,WHI,749U370,IL,10300 S. Doty,(773) 568-8495,2886312
2019-09-25T00:00:00.000,NISS,4D,,BLK,S54FCN,NJ,701 N. Sacramento,(773) 265-1846,1539308
2019-09-25T00:00:00.000,NISS,LL,,BLK,BN76689,IL,701 N. Sacramento,(773) 265-7605,6969363
2019-09-25T00:00:00.000,PONT,4D,,SIL,Y748964,IL,10300 S. Doty,(773) 568-8495,2886316
2019-09-25T00:00:00.000,PONT,LL,,BLK,AS74444,IL,701 N. Sacramento,(773) 265-7605,6969347
2019-09-25T00:00:00.000,TOYT,4D,,RED,ZU79556,IL,701 N. Sacramento,(773) 265-7605,6969372
2019-09-25T00:00:00.000,TOYT,4D,,BLK,H889393,IL,701 N. Sacramento,(773) 265-7605,6969386
2019-09-25T00:00:00.000,TOYT,4D,,SIL,,IL,701 N. Sacramento,(773) 265-7605,6969383
2019-09-25T00:00:00.000,VOLV,4D,,BLK,BN70600,IL,701 N. Sacramento,(773) 265-7605,6969340
2019-09-25T00:00:00.000,VW,4D,,SIL,,IL,701 N. Sacramento,(773) 265-7605,6969359
2019-09-25T00:00:00.000,,SE,,WHI,TR246ZGT,IN,10300 S. Doty,(773) 785-9752,1719590
2019-09-24T00:00:00.000,ACUR,2D,,LBL,Z678138,IL,701 N. Sacramento,(773) 265-1846,1539297
2019-09-24T00:00:00.000,ACUR,4D,,GRY,AP73506,IL,10300 S. Doty,(773) 568-8495,2886262
2019-09-24T00:00:00.000,ACUR,LL,,BLK,,IL,10300 S. Doty,(773) 568-8495,2886191
2019-09-24T00:00:00.000,BUIC,4D,,SIL,,IL,701 N. Sacramento,(773) 265-1846,1539296
2019-09-24T00:00:00.000,CADI,4D,,SIL,1700157,IN,10300 S. Doty,(773) 568-8495,2886198
2019-09-24T00:00:00.000,CHEV,4D,,BLK,,IL,701 N. Sacramento,(773) 265-7605,6969323
2019-09-24T00:00:00.000,CHEV,4D,,GRY,V248118,IL,10300 S. Doty,(773) 568-8495,2886202
2019-09-24T00:00:00.000,CHEV,PK,,WHI,56M0DL,AZ,701 N. Sacramento,(773) 265-7605,6969336
2019-09-24T00:00:00.000,CHEV,PK,,BLK,,IL,701 N. Sacramento,(773) 265-1846,1539295
2019-09-24T00:00:00.000,CHRY,4D,,BLU,,,10300 S. Doty,(773) 785-9752,1719607
2019-09-24T00:00:00.000,CHRY,VN,,BLU,,IL,701 N. Sacramento,(773) 265-7605,6969322
2019-09-24T00:00:00.000,DODG,2D,,BLK,S0075416,GA,10300 S. Doty,(773) 568-8495,2886258
2019-09-24T00:00:00.000,DODG,4D,,RED,BH92381,IL,10300 S. Doty,(773) 568-8495,2886195
2019-09-24T00:00:00.000,FORD,2D,,SIL,BH84228,IL,701 N. Sacramento,(773) 265-7605,6969318
2019-09-24T00:00:00.000,FORD,4D,,LBL,BF55079,IL,701 N. Sacramento,(773) 265-7605,6969324
2019-09-24T00:00:00.000,FORD,PK,,MAR,1460786B,IL,701 N. Sacramento,(773) 265-7605,6969319
2019-09-24T00:00:00.000,FORD,PK,TK,BLK,2125223B,IL,701 N. Sacramento,(773) 265-7605,6969337
2019-09-24T00:00:00.000,GMC,PK,,GRY,2605520B,IL,10300 S. Doty,(773) 568-8495,2886261
2019-09-24T00:00:00.000,HOND,4D,,BLK,DCG9264,PA,701 N. Sacramento,(773) 265-1846,1539304
2019-09-24T00:00:00.000,HOND,4D,,GRY,,IL,701 N. Sacramento,(773) 265-1846,1539298
2019-09-24T00:00:00.000,HOND,4T,,SIL,BE21858,IL,701 N. Sacramento,(773) 265-7605,6969311
2019-09-24T00:00:00.000,HOND,MC,,RED,EH8984,IL,10300 S. Doty,(773) 785-9752,1719582
2019-09-24T00:00:00.000,HOND,MC,,BLU,DK9051,IL,10300 S. Doty,(773) 785-9752,1719583
2019-09-24T00:00:00.000,INFI,4D,,SIL,AW27361,IL,701 N. Sacramento,(773) 265-7605,6969305
2019-09-24T00:00:00.000,LINC,4D,,SIL,594404,IL,701 N. Sacramento,(773) 265-7605,6969334
2019-09-24T00:00:00.000,MERC,4D,,PLE,Q616313,IL,701 N. Sacramento,(773) 265-1846,1539306
2019-09-24T00:00:00.000,MERZ,LL,,GRN,508T234,IL,10300 S. Doty,(773) 785-9752,1719580
2019-09-24T00:00:00.000,MITS,4D,,BLK,AL92440,IL,701 N. Sacramento,(773) 265-1846,1539305
2019-09-24T00:00:00.000,NISS,4D,,GRY,AN38017,IL,701 N. Sacramento,(773) 265-1846,1539301
2019-09-24T00:00:00.000,NISS,4T,,GRY,SEAN8,IL,701 N. Sacramento,(773) 265-7605,6969309
2019-09-24T00:00:00.000,NISS,LL,,SIL,AR78835,IL,701 N. Sacramento,(773) 265-7605,6969317
2019-09-24T00:00:00.000,NISS,LL,,BLK,BB27959,IL,701 N. Sacramento,(773) 265-7605,6969326
2019-09-24T00:00:00.000,OLDS,VN,TK,TAN,AG59651,IL,10300 S. Doty,(773) 568-8495,2886260
2019-09-24T00:00:00.000,PONT,2D,,BLK,BN84707,IL,10300 S. Doty,(773) 568-8495,2886194
2019-09-24T00:00:00.000,SATR,4D,,BLK,,IL,701 N. Sacramento,(773) 265-1846,1539300
2019-09-24T00:00:00.000,TOYT,4D,,GRY,BA34735,IL,10300 S. Doty,(773) 568-8495,2886216
2019-09-24T00:00:00.000,VOLV,4D,,GRY,3295Y5,TX,701 N. Sacramento,(773) 265-1846,1539293
2019-09-23T00:00:00.000,AUDI,4D,,SIL,BF17635,IL,10300 S. Doty,(773) 568-8495,2886153
2019-09-23T00:00:00.000,BUIC,VN,TK,SIL,574RGZ,IN,10300 S. Doty,(773) 568-8495,2886186
2019-09-23T00:00:00.000,CADI,4D,,BLK,,IL,701 N. Sacramento,(773) 265-7605,6969300
2019-09-23T00:00:00.000,CHEV,4D,,RED,,IL,701 N. Sacramento,(773) 265-7605,6969296
2019-09-23T00:00:00.000,CHEV,4D,,DBL,,IL,10300 S. Doty,(773) 568-8495,2886150
2019-09-23T00:00:00.000,CHEV,LL,,TAN,,,10300 S. Doty,(773) 568-8495,2886179
2019-09-23T00:00:00.000,CHEV,LL,,SIL,,,701 N. Sacramento,(773) 265-7605,6969280
2019-09-23T00:00:00.000,CHEV,VN,,GRN,804U796,IL,701 N. Sacramento,(773) 265-7605,6969289
2019-09-23T00:00:00.000,CHRY,VN,,GRN,AL12778,IL,701 N. Sacramento,(773) 265-7605,6969283
2019-09-23T00:00:00.000,DODG,4D,,BLK,783UGZ,MN,10300 S. Doty,(773) 568-8495,2886183
2019-09-23T00:00:00.000,DODG,PK,,WHI,,IL,701 N. Sacramento,(773) 265-7605,6969288
2019-09-23T00:00:00.000,DODG,PK,,TAN,,IL,701 N. Sacramento,(773) 265-7605,6969302
2019-09-23T00:00:00.000,DODG,VN,,GLD,BF40746,IL,701 N. Sacramento,(773) 265-7605,6969286
2019-09-23T00:00:00.000,FORD,4D,,BLK,,,701 N. Sacramento,(773) 265-7605,6969278
2019-09-23T00:00:00.000,FORD,PK,,RED,2715893B,IL,701 N. Sacramento,(773) 265-7605,6969299
2019-09-23T00:00:00.000,FORD,PK,,RED,2386158B,IL,10300 S. Doty,(773) 568-8495,2886144
2019-09-23T00:00:00.000,FORD,PK,,BLU,2475920B,IL,10300 S. Doty,(773) 568-8495,2886152
2019-09-23T00:00:00.000,HOND,4D,,MAR,AQ28120,IL,400 E. Lower Wacker,(312) 744-7550,0212672
2019-09-23T00:00:00.000,HOND,VN,TK,GRY,843748,IL,701 N. Sacramento,(773) 265-7605,6969295
2019-09-23T00:00:00.000,JEEP,LL,,SIL,BG75229,IL,701 N. Sacramento,(773) 265-7605,6969282
2019-09-23T00:00:00.000,JEEP,LL,TK,WHI,AU36153,IL,10300 S. Doty,(773) 568-8495,2886173
2019-09-23T00:00:00.000,KIA,VN,,BLU,,IL,10300 S. Doty,(773) 568-8495,2886182
2019-09-23T00:00:00.000,LINC,4D,,SIL,AH95976,IL,10300 S. Doty,(773) 568-8495,2886156
2019-09-23T00:00:00.000,MERC,4D,,TAN,AT24915,IL,10300 S. Doty,(773) 568-8495,2886149
2019-09-23T00:00:00.000,MITS,4D,,SIL,Z992218,IL,10300 S. Doty,(773) 568-8495,2886166
2019-09-23T00:00:00.000,NISS,4D,,WHI,927U778,IL,400 E. Lower Wacker,(312) 744-7550,0212677
2019-09-23T00:00:00.000,NISS,4D,,GRY,P888651,IL,10300 S. Doty,(773) 568-8495,2886187
2019-09-23T00:00:00.000,THOM,MC,,RED,,MI,701 N. Sacramento,(773) 265-1846,1539292
2019-09-23T00:00:00.000,TOYT,4D,,SIL,BF68093,IL,400 E. Lower Wacker,(312) 744-7550,0212668
2019-09-23T00:00:00.000,TOYT,4D,,RED,,IL,701 N. Sacramento,(773) 265-1846,1539291
2019-09-23T00:00:00.000,TOYT,LL,,MAR,AT22198,IL,10300 S. Doty,(773) 568-8495,2886181
2019-09-23T00:00:00.000,VOLK,4D,,BLK,BL97176,IL,10300 S. Doty,(773) 568-8495,2886145
2019-09-23T00:00:00.000,VOLK,4D,,BLK,,,701 N. Sacramento,(773) 265-7605,6969281
2019-09-23T00:00:00.000,,4D,,RED,BN85692,IL,10300 S. Doty,(773) 568-8495,2886184
2019-09-22T00:00:00.000,BUIC,4D,,GRY,BH69490,IL,10300 S. Doty,(773) 568-8495,2886119
2019-09-22T00:00:00.000,BUIC,4D,,TAN,175927,IL,701 N. Sacramento,(773) 265-7605,6969253
2019-09-22T00:00:00.000,CHRY,4D,,MAR,Z619532,IL,701 N. Sacramento,(773) 265-7605,6969255
2019-09-22T00:00:00.000,CHRY,VN,,GRY,HSK871,IA,10300 S. Doty,(773) 568-8495,2886117
2019-09-22T00:00:00.000,FORD,4D,,BLU,,IL,10300 S. Doty,(773) 568-8495,2886143
2019-09-22T00:00:00.000,FORD,VN,,TAN,,IL,10300 S. Doty,(773) 568-8495,2886128
2019-09-22T00:00:00.000,GMC,VN,TK,WHI,AN74838,IL,701 N. Sacramento,(773) 265-7605,6969218
2019-09-22T00:00:00.000,HOND,2D,,BLU,907QBI,IN,10300 S. Doty,(773) 568-8495,2886116
2019-09-22T00:00:00.000,HOND,4D,,SIL,K572449,IL,10300 S. Doty,(773) 568-8495,2886139
2019-09-22T00:00:00.000,HYUN,4D,,SIL,R120589,IL,10300 S. Doty,(773) 568-8495,2886121
2019-09-22T00:00:00.000,JEEP,LL,,BLK,785U539,IL,701 N. Sacramento,(773) 265-7605,6969241
2019-09-22T00:00:00.000,JEEP,LL,,BLU,2328266,IL,701 N. Sacramento,(773) 265-7605,6969257
2019-09-22T00:00:00.000,JEEP,LL,,BGE,AV89629,IL,10300 S. Doty,(773) 568-8495,2886138
2019-09-22T00:00:00.000,JEEP,LL,TK,BLU,BF60793,IL,10300 S. Doty,(773) 568-8495,2886127
2019-09-22T00:00:00.000,NISS,4D,,GRY,AF47957,IL,701 N. Sacramento,(773) 265-7605,6969245
2019-09-22T00:00:00.000,TOYT,4D,,BLK,115HTX,KS,701 N. Sacramento,(773) 265-7605,6969219
2019-09-22T00:00:00.000,TOYT,VN,TK,TAN,P345430,IL,701 N. Sacramento,(773) 265-7605,6969193
2019-09-22T00:00:00.000,VOLK,4D,,GRY,930U669,IL,10300 S. Doty,(773) 568-8495,2886136
2019-09-21T00:00:00.000,BUIC,4D,,SIL,AS75964,IL,10300 S. Doty,(773) 568-8495,2886085
2019-09-21T00:00:00.000,BUIC,4D,,BLU,798U493,IL,10300 S. Doty,(773) 568-8495,2886074
2019-09-21T00:00:00.000,CHEV,LL,,BGE,BA63602,IL,10300 S. Doty,(773) 568-8495,2886104
2019-09-21T00:00:00.000,CHEV,VN,,WHI,2156572,IL,10300 S. Doty,(773) 568-8495,2886082
2019-09-21T00:00:00.000,CHRY,4D,,GRY,,IL,10300 S. Doty,(773) 568-8495,2886084
2019-09-21T00:00:00.000,CHRY,4D,,TAN,,IL,10300 S. Doty,(773) 568-8495,2886096
2019-09-21T00:00:00.000,DODG,PK,TK,BLK,815U026,IL,701 N. Sacramento,(773) 265-7605,6969188
2019-09-21T00:00:00.000,FORD,4D,,BLU,BA69440,IL,701 N. Sacramento,(773) 265-7605,6969098
2019-09-21T00:00:00.000,FORD,4D,,MAR,AB3695,IL,701 N. Sacramento,(773) 265-7605,6969167
2019-09-21T00:00:00.000,KIA,4D,,BLK,BH12696,IL,10300 S. Doty,(773) 568-8495,2886115
2019-09-21T00:00:00.000,LINC,2D,,WHI,BM34429,IL,701 N. Sacramento,(773) 265-7605,6969099
2019-09-21T00:00:00.000,LINC,4D,,MAR,BH85407,IL,10300 S. Doty,(773) 568-8495,2886114
2019-09-21T00:00:00.000,MAZD,4D,,SIL,BN36011,IL,701 N. Sacramento,(773) 265-7605,6969087
2019-09-21T00:00:00.000,MAZD,SW,,DBL,5794564,IL,701 N. Sacramento,(773) 265-7605,6969170
2019-09-21T00:00:00.000,MERZ,4D,,BLK,BM18334,IL,701 N. Sacramento,(773) 265-7605,6969164
2019-09-21T00:00:00.000,MERZ,LL,TK,SIL,867U387,IL,10300 S. Doty,(773) 568-8495,2886108
2019-09-21T00:00:00.000,MITS,4D,,SIL,,IL,701 N. Sacramento,(773) 265-7605,6969161
2019-09-21T00:00:00.000,NISS,4D,,WHI,BR56583,IL,701 N. Sacramento,(773) 265-7605,6969117
2019-09-21T00:00:00.000,NISS,4D,,TAN,Q832752,IL,10300 S. Doty,(773) 568-8495,2886079
2019-09-21T00:00:00.000,SATR,VN,,RED,876UHD,MN,701 N. Sacramento,(773) 265-7605,6969088
2019-09-21T00:00:00.000,SUZI,LL,,SIL,AT61608,IL,701 N. Sacramento,(773) 265-7605,6969178
2019-09-21T00:00:00.000,VOLV,4D,,BLU,BK73031,IL,701 N. Sacramento,(773) 265-7605,6969175
2019-09-20T00:00:00.000,ACUR,2D,,BLK,,IL,10300 S. Doty,(773) 568-8495,2886057
2019-09-20T00:00:00.000,ACUR,4D,,RED,BP54813,IL,701 N. Sacramento,(773) 265-7605,6969028
2019-09-20T00:00:00.000,ACUR,4D,,BLK,BF43268,IL,701 N. Sacramento,(773) 265-7605,6969031
2019-09-20T00:00:00.000,BUIC,4D,,TAN,BA35788,IL,10300 S. Doty,(773) 568-8495,2886051
2019-09-20T00:00:00.000,BUIC,4D,,BLK,BK84696,IL,701 N. Sacramento,(773) 265-7605,6968995
2019-09-20T00:00:00.000,BUIC,LL,TK,GRY,BM14378,IL,701 N. Sacramento,(773) 265-7605,6969022
2019-09-20T00:00:00.000,BUIC,VN,,SIL,L622715,IL,701 N. Sacramento,(773) 265-7605,6969057
2019-09-20T00:00:00.000,CHEV,4D,,BLK,AX28781,IL,701 N. Sacramento,(773) 265-7605,6969065
2019-09-20T00:00:00.000,CHEV,4D,,GRY,AT49683,IL,10300 S. Doty,(773) 568-8495,2886054
2019-09-20T00:00:00.000,CHEV,4D,,TAN,BL85791,IL,701 N. Sacramento,(773) 265-7605,6969072
2019-09-20T00:00:00.000,CHEV,PK,,RED,315775RV,IL,701 N. Sacramento,(773) 265-7605,6969003
2019-09-20T00:00:00.000,CHEV,VN,,DGR,776U489,IL,701 N. Sacramento,(773) 265-7605,6969078
2019-09-20T00:00:00.000,CHEV,VN,,RED,BF38246,IL,10300 S. Doty,(773) 568-8495,2886062
2019-09-20T00:00:00.000,CHRY,4D,,WHI,782U024,IL,701 N. Sacramento,(773) 265-7605,6969082
2019-09-20T00:00:00.000,CHRY,4D,,BLK,BP99404,IL,10300 S. Doty,(773) 568-8495,2886073
2019-09-20T00:00:00.000,CHRY,LL,,BLU,BA72539,IL,701 N. Sacramento,(773) 265-7605,6968996
2019-09-20T00:00:00.000,CHRY,VN,,WHI,BL53437,IL,701 N. Sacramento,(773) 265-7605,6968997
2019-09-20T00:00:00.000,FORD,4D,,SIL,AP52587,IL,10300 S. Doty,(773) 568-8495,2886077
2019-09-20T00:00:00.000,GMC,LL,,SIL,AW26309,IL,701 N. Sacramento,(773) 265-7605,6969058
2019-09-20T00:00:00.000,HOND,4D,,TAN,Z862050,IL,10300 S. Doty,(773) 568-8495,2886067
2019-09-20T00:00:00.000,INFI,LL,,MAR,AP71871,IL,10300 S. Doty,(773) 568-8495,2886064
2019-09-20T00:00:00.000,MAZD,4D,,GRY,BM23387,IL,701 N. Sacramento,(773) 265-7605,6969029
2019-09-20T00:00:00.000,MAZD,4D,,BLK,,IL,10300 S. Doty,(773) 568-8495,2886039
2019-09-20T00:00:00.000,NISS,4D,,GRY,E689292,IL,701 N. Sacramento,(773) 265-1846,1539286
2019-09-20T00:00:00.000,NISS,4D,,BLK,Q385602,IL,701 N. Sacramento,(773) 265-7605,6959051
2019-09-20T00:00:00.000,PONT,2D,,LBL,,IL,701 N. Sacramento,(773) 265-7605,6969059
2019-09-20T00:00:00.000,PONT,4D,,BLU,595T085,IL,701 N. Sacramento,(773) 265-7605,6969107
2019-09-20T00:00:00.000,PONT,4D,,RED,BN56782,IL,10300 S. Doty,(773) 568-8495,2886047
2019-09-20T00:00:00.000,TOYT,4D,,WHI,BM14230,IL,10300 S. Doty,(773) 568-8495,2886042
2019-09-20T00:00:00.000,TOYT,4D,,RED,Y960648,IL,10300 S. Doty,(773) 785-9752,1719564
2019-09-20T00:00:00.000,TOYT,LL,TK,BLU,2734499B,IL,10300 S. Doty,(773) 568-8495,2886065
2019-09-20T00:00:00.000,VOLV,4D,,SIL,BM45588,IL,701 N. Sacramento,(773) 265-7605,6968999
2019-09-19T00:00:00.000,CHEV,4D,,GLD,BH89859,IL,10300 S. Doty,(773) 568-8495,2885991
2019-09-19T00:00:00.000,CHEV,4D,,YEL,100U292,IL,701 N. Sacramento,(773) 265-7605,6968906
2019-09-19T00:00:00.000,CHEV,LL,,BLU,BH25172,IL,10300 S. Doty,(773) 568-8495,2885996
2019-09-19T00:00:00.000,CHEV,LL,,WHI,Y708290,IL,701 N. Sacramento,(773) 265-7605,6968978
2019-09-19T00:00:00.000,CHEV,PK,TK,RED,2713541B,IL,701 N. Sacramento,(773) 265-7605,6968943
2019-09-19T00:00:00.000,CHEV,VN,,BRO,2944848,IL,701 N. Sacramento,(773) 265-1846,1539278
2019-09-19T00:00:00.000,CHEV,VN,TK,MAR,,,701 N. Sacramento,(773) 265-7605,6968981
2019-09-19T00:00:00.000,CHRY,4D,,BLK,BF23572,IL,10300 S. Doty,(773) 568-8495,2886031
2019-09-19T00:00:00.000,CHRY,4D,,RED,947T747,IL,10300 S. Doty,(773) 785-9752,1719557
2019-09-19T00:00:00.000,DODG,2D,,GRY,VWB3361,VA,701 N. Sacramento,(773) 265-7605,6968955
2019-09-19T00:00:00.000,DODG,4D,,SIL,BK12054,IL,10300 S. Doty,(773) 568-8495,2886003
2019-09-19T00:00:00.000,DODG,4D,,LBL,,,701 N. Sacramento,(773) 265-7605,6968980
2019-09-19T00:00:00.000,FORD,LL,,WHI,,IL,701 N. Sacramento,(773) 265-1846,1539277
2019-09-19T00:00:00.000,FORD,PK,TK,BLK,AJ26545,IL,701 N. Sacramento,(773) 265-7605,6968992
2019-09-19T00:00:00.000,HOND,4D,,GRN,2275500,IL,701 N. Sacramento,(773) 265-7605,6968925
2019-09-19T00:00:00.000,HOND,4D,,DGR,,IL,701 N. Sacramento,(773) 265-7605,6968941
2019-09-19T00:00:00.000,HOND,4D,,GRN,,IL,701 N. Sacramento,(773) 265-1846,1539275
2019-09-19T00:00:00.000,HOND,LL,,SIL,Q368355,IL,701 N. Sacramento,(773) 265-7605,6968954
2019-09-19T00:00:00.000,HYUN,2D,,BLK,H325821,IL,701 N. Sacramento,(773) 265-1846,1539282
2019-09-19T00:00:00.000,HYUN,4D,,SIL,BN81492,IL,10300 S. Doty,(773) 568-8495,2886028
2019-09-19T00:00:00.000,HYUN,4D,,SIL,BH92613,IL,10300 S. Doty,(773) 568-8495,2886004
2019-09-19T00:00:00.000,INFI,2D,,BLU,Q660348,IL,701 N. Sacramento,(773) 265-7605,6968917
2019-09-19T00:00:00.000,INFI,4D,,SIL,BN19609,IL,10300 S. Doty,(773) 568-8495,2885999
2019-09-19T00:00:00.000,MAZD,LL,,SIL,BC65402,IL,701 N. Sacramento,(773) 265-1846,1539280
2019-09-19T00:00:00.000,MAZD,VN,,SIL,BK16409,IL,701 N. Sacramento,(773) 265-7605,6968928
2019-09-19T00:00:00.000,NISS,4D,,DBL,R320638,IL,701 N. Sacramento,(773) 265-7605,6968991
2019-09-19T00:00:00.000,NISS,4D,,SIL,BN81452,IL,10300 S. Doty,(773) 568-8495,2885995
2019-09-19T00:00:00.000,OLDS,4T,,BLK,BF69768,IL,10300 S. Doty,(773) 568-8495,2885989
2019-09-19T00:00:00.000,PONT,4D,,GRY,MCV866,MN,701 N. Sacramento,(773) 265-7605,6968924
2019-09-19T00:00:00.000,SATR,4D,,RED,BB83265,IL,701 N. Sacramento,(773) 265-7605,6968908
2019-09-18T00:00:00.000,ACUR,4D,,MAR,E758,IL,400 E. Lower Wacker,(312) 744-7550,02----
2019-09-18T00:00:00.000,ATLS,UT,,WHI,83421TD,IL,10300 S. Doty,(773) 568-8495,2885972
2019-09-18T00:00:00.000,BMW,4D,,WHI,AQ40595,IL,10300 S. Doty,(773) 568-8495,2885951
2019-09-18T00:00:00.000,BUIC,4D,,TAN,908U060,IL,10300 S. Doty,(773) 568-8495,2885982
2019-09-18T00:00:00.000,BUIC,4D,,SIL,BC19542,IL,10300 S. Doty,(773) 568-8495,2885950
2019-09-18T00:00:00.000,BUIC,4D,,GRY,BE19957,IL,701 N. Sacramento,(773) 265-7605,6968866
2019-09-18T00:00:00.000,CADI,4D,,SIL,AV87064,IL,701 N. Sacramento,(773) 265-7605,6968896
2019-09-18T00:00:00.000,CADI,4T,,WHI,BF21305,IL,10300 S. Doty,(773) 568-8495,2885947
2019-09-18T00:00:00.000,CHEV,2D,,SIL,AX13162,IL,701 N. Sacramento,(773) 265-7605,6968814
2019-09-18T00:00:00.000,CHEV,4D,,BLK,,IL,10300 S. Doty,(773) 568-8495,2885939
2019-09-18T00:00:00.000,CHEV,4D,,TAN,AZ30032,IL,701 N. Sacramento,(773) 265-7605,6968884
2019-09-18T00:00:00.000,CHEV,CP,,GRY,Q765060,IL,701 N. Sacramento,(773) 265-7605,6968880
2019-09-18T00:00:00.000,CHEV,CP,,BLK,BQ42028,IL,701 N. Sacramento,(773) 265-7605,6968885
2019-09-18T00:00:00.000,CHEV,VN,,MAR,,,10300 S. Doty,(773) 568-8495,2885979
2019-09-18T00:00:00.000,DODG,LL,TK,GRY,BN59614,IL,10300 S. Doty,(773) 568-8495,2885958
2019-09-18T00:00:00.000,DODG,VN,TK,RED,329TSF,IN,10300 S. Doty,(773) 568-8495,2885983
2019-09-18T00:00:00.000,FORD,4D,,SIL,878U373,IL,701 N. Sacramento,(773) 265-7605,6968879
2019-09-18T00:00:00.000,FORD,LL,TK,YEL,864790,IL,10300 S. Doty,(773) 568-8495,2885944
2019-09-18T00:00:00.000,FORD,PK,TK,TAN,889U949,IL,10300 S. Doty,(773) 568-8495,2885987
2019-09-18T00:00:00.000,HOND,2D,,SIL,Z119627,IL,400 E. Lower Wacker,(312) 744-7550,0212363
2019-09-18T00:00:00.000,HYUN,SW,,DBL,,IL,701 N. Sacramento,(773) 265-7605,6968869
2019-09-18T00:00:00.000,JEEP,LL,TK,GRY,BF77104,IL,701 N. Sacramento,(773) 265-7605,6968899
2019-09-18T00:00:00.000,NISS,4D,,RED,BBN8391,WA,701 N. Sacramento,(773) 265-7605,6968805
2019-09-18T00:00:00.000,NISS,4D,,SIL,V549578,IL,701 N. Sacramento,(773) 265-7605,6968846
2019-09-18T00:00:00.000,NISS,LL,,BLK,AM77634,IL,400 E. Lower Wacker,(312) 744-7550,0212316
2019-09-18T00:00:00.000,OLDS,VN,,RED,,IL,10300 S. Doty,(773) 568-8495,2885941
2019-09-18T00:00:00.000,PONT,4D,,SIL,AYC923,IN,10300 S. Doty,(773) 568-8495,2885969
2019-09-17T00:00:00.000,BUIC,4D,,MAR,ZX38692,IL,701 N. Sacramento,(773) 265-7605,6968728
2019-09-17T00:00:00.000,CHEV,LL,,BLK,BB88027,IL,701 N. Sacramento,(773) 265-7605,6968746
2019-09-17T00:00:00.000,CHEV,LL,,BLK,ZU49802,IL,701 N. Sacramento,(773) 265-7605,6968734
2019-09-17T00:00:00.000,CHEV,LL,TK,TAN,AT75075,IL,10300 S. Doty,(773) 568-8495,2885932
2019-09-17T00:00:00.000,CHRY,4D,,BLU,667U195,IL,10300 S. Doty,(773) 568-8495,2885910
2019-09-17T00:00:00.000,DODG,VN,TK,RED,,IL,701 N. Sacramento,(773) 265-7605,6968786
2019-09-17T00:00:00.000,FORD,2D,,SIL,,IL,10300 S. Doty,(773) 568-8495,2885935
2019-09-17T00:00:00.000,FORD,4D,,BLK,581747,IL,701 N. Sacramento,(773) 265-7605,6968749
2019-09-17T00:00:00.000,FORD,4D,,WHI,BF25797,IL,701 N. Sacramento,(773) 265-7605,6968713
2019-09-17T00:00:00.000,FORD,4T,,BLU,BG18946,IL,10300 S. Doty,(773) 568-8495,2885912
2019-09-17T00:00:00.000,FORD,LL,,WHI,BH82772,IL,701 N. Sacramento,(773) 265-7605,6968722
2019-09-17T00:00:00.000,GMC,LL,,GRY,E430199,IL,10300 S. Doty,(773) 568-8495,2885917
2019-09-17T00:00:00.000,HOND,4D,,GRY,H583052,IL,701 N. Sacramento,(773) 265-7605,6968725
2019-09-17T00:00:00.000,HYUN,4D,,BLK,BL90920,IL,10300 S. Doty,(773) 568-8495,2885914
2019-09-17T00:00:00.000,HYUN,4D,,SIL,,IL,10300 S. Doty,(773) 568-8495,2885922
2019-09-17T00:00:00.000,HYUN,4D,,GRY,DCN502,IA,701 N. Sacramento,(773) 265-7605,6968761
2019-09-17T00:00:00.000,MAZD,4D,,GRY,BF22754,IL,10300 S. Doty,(773) 568-8495,2885908
2019-09-17T00:00:00.000,MERZ,2D,,BLK,AV85202,IL,701 N. Sacramento,(773) 265-7605,6968770
2019-09-17T00:00:00.000,NISS,4D,,WHI,AG71885,IL,10300 S. Doty,(773) 568-8495,2885919
2019-09-17T00:00:00.000,PONT,4D,,RED,BE77499,IL,10300 S. Doty,(773) 568-8495,2885909
2019-09-17T00:00:00.000,PONT,4D,,BGE,,IL,701 N. Sacramento,(773) 265-7605,6968762
2019-09-17T00:00:00.000,SATR,4D,,SIL,,IL,10300 S. Doty,(773) 568-8495,2885920
2019-09-17T00:00:00.000,ZCZY,LL,,WHI,,IL,10300 S. Doty,(773) 785-9752,1719545
2019-09-17T00:00:00.000,ZCZY,UT,,WHI,407GZTA,IL,10300 S. Doty,(773) 785-9752,1719544
2019-09-16T00:00:00.000,AUDI,LL,,SIL,6779BH,IL,701 N. Sacramento,(773) 265-7605,6968672
2019-09-16T00:00:00.000,BUIC,4D,,WHI,BM23552,IL,701 N. Sacramento,(773) 265-7605,6968705
2019-09-16T00:00:00.000,BUIC,4D,,GRY,BN70135,IL,400 E. Lower Wacker,(312) 744-7550,0212232
2019-09-16T00:00:00.000,CHEV,4D,IMP,WHI,,,10300 S. Doty,(773) 568-8495,2885903
2019-09-16T00:00:00.000,CHEV,4D,,WHI,AJ85878,IL,400 E. Lower Wacker,(312) 744-7550,0212199
2019-09-16T00:00:00.000,CHEV,4D,,RED,Y733413,IL,10300 S. Doty,(773) 568-8495,2885878
2019-09-16T00:00:00.000,CHEV,LL,,RED,BH93935,IL,10300 S. Doty,(773) 568-8495,2885882
2019-09-16T00:00:00.000,CHEV,LL,,MAR,AP72327,IL,10300 S. Doty,(773) 568-8495,2885901
2019-09-16T00:00:00.000,CHEV,VN,TK,RED,E147232,IL,10300 S. Doty,(773) 568-8495,2885874
2019-09-16T00:00:00.000,CHRY,VN,TK,WHI,9C73S0,TN,10300 S. Doty,(773) 568-8495,2885890
2019-09-16T00:00:00.000,DODG,4D,,BLK,,IL,10300 S. Doty,(773) 568-8495,2885897
2019-09-16T00:00:00.000,FORD,4D,,BLU,,IL,10300 S. Doty,(773) 568-8495,2885885
2019-09-16T00:00:00.000,FORD,LL,,BLK,2598340B,IL,701 N. Sacramento,(773) 265-7605,6968668
2019-09-16T00:00:00.000,FORD,LL,,BLK,583U564,IL,701 N. Sacramento,(773) 265-7605,6968694
2019-09-16T00:00:00.000,FORD,LL,,WHI,AG09059,AZ,10300 S. Doty,(773) 568-8495,2885877
2019-09-16T00:00:00.000,FORD,PK,,WHI,190897EN,IL,701 N. Sacramento,(773) 265-7605,6968681
2019-09-16T00:00:00.000,HOND,4D,,WHI,,,10300 S. Doty,(773) 568-8495,2885900
2019-09-16T00:00:00.000,HYUN,4D,,WHI,E717199,IL,10300 S. Doty,(773) 568-8495,2885891
2019-09-16T00:00:00.000,KIA,4D,,BRO,AE75746,IL,10300 S. Doty,(773) 568-8495,2885893
2019-09-16T00:00:00.000,MITS,LL,,GRY,BD22148,IL,10300 S. Doty,(773) 568-8495,2885902
2019-09-16T00:00:00.000,NISS,4D,,SIL,Q975917,IL,701 N. Sacramento,(773) 265-7605,6968699
2019-09-16T00:00:00.000,NISS,4D,,SIL,692U650,IL,10300 S. Doty,(773) 568-8495,2885887
2019-09-16T00:00:00.000,NISS,VN,,DBL,,IL,701 N. Sacramento,(773) 265-7605,6968702
2019-09-16T00:00:00.000,OLDS,4D,,RED,763607,IL,10300 S. Doty,(773) 568-8495,2885883
2019-09-16T00:00:00.000,OLDS,LL,,TAN,,IL,10300 S. Doty,(773) 568-8495,2885905
2019-09-15T00:00:00.000,BUIC,4D,,WHI,AP70428,IL,10300 S. Doty,(773) 568-8495,2885851
2019-09-15T00:00:00.000,CHEV,4D,,SIL,BG77220,IL,10300 S. Doty,(773) 568-8495,2885852
2019-09-15T00:00:00.000,CHEV,LL,,SIL,BCX341,IL,10300 S. Doty,(773) 568-8495,2885868
2019-09-15T00:00:00.000,CHEV,LL,BLZ,BLK,807U627,IL,701 N. Sacramento,(773) 265-7605,6968588
2019-09-15T00:00:00.000,CHEV,LL,,SIL,BQ75878,IL,10300 S. Doty,(773) 568-8495,2885872
2019-09-15T00:00:00.000,CHRY,4D,,GRY,ZZ20834,IL,400 E. Lower Wacker,(312) 744-7550,0212108
2019-09-15T00:00:00.000,DODG,VN,,WHI,,IL,701 N. Sacramento,(773) 265-7605,6968661
2019-09-15T00:00:00.000,FORD,4D,,GRY,C811133,IN,701 N. Sacramento,(773) 265-7605,6968660
2019-09-15T00:00:00.000,FORD,4D,,RED,BK13374,IL,10300 S. Doty,(773) 568-8495,2885863
2019-09-15T00:00:00.000,FORD,4D,,BLK,V670388,IL,400 E. Lower Wacker,(312) 744-7550,0212124
2019-09-15T00:00:00.000,FORD,LL,,BLU,BF24981,IL,10300 S. Doty,(773) 568-8495,2885811
2019-09-15T00:00:00.000,GMC,PK,TK,BLK,775U968,IL,10300 S. Doty,(773) 568-8495,2885869
2019-09-15T00:00:00.000,HOND,4D,,GRY,908T423,IL,400 E. Lower Wacker,(312) 744-7550,0212107
2019-09-15T00:00:00.000,HOND,4D,,WHI,E133420,IL,400 E. Lower Wacker,(312) 744-7550,0212105
2019-09-15T00:00:00.000,HOND,4D,,GRN,BP56533,IL,10300 S. Doty,(773) 568-8495,2885861
2019-09-15T00:00:00.000,HYUN,4D,,BLU,AB26400,IL,400 E. Lower Wacker,(312) 744-7550,0212111
2019-09-15T00:00:00.000,JEEP,LL,,GRY,K966369,IN,10300 S. Doty,(773) 568-8495,2885819
2019-09-15T00:00:00.000,MAZD,4D,,GRY,IQ7498,IL,400 E. Lower Wacker,(312) 744-7550,0212113
2019-09-15T00:00:00.000,MITS,4D,,SIL,AT55773,IL,10300 S. Doty,(773) 568-8495,2885870
2019-09-15T00:00:00.000,NISS,4D,,SIL,,IL,10300 S. Doty,(773) 568-8495,2885873
2019-09-15T00:00:00.000,TOYT,4D,,GRN,AD62656,IL,10300 S. Doty,(773) 568-8495,2885802
2019-09-15T00:00:00.000,TOYT,4D,,GRN,BF23577,IL,10300 S. Doty,(773) 568-8495,2885791
2019-09-14T00:00:00.000,BMW,4D,,GRY,BQ75307,IL,701 N. Sacramento,(773) 265-7605,6968522
2019-09-14T00:00:00.000,BUIC,4D,,TAN,,IL,701 N. Sacramento,(773) 265-7605,6968582
2019-09-14T00:00:00.000,CADI,4D,,SIL,AD54562,IL,10300 S. Doty,(773) 568-8495,2885694
2019-09-14T00:00:00.000,CHEV,PK,,WHI,K637772,IL,10300 S. Doty,(773) 568-8495,2885767
2019-09-14T00:00:00.000,CHRY,4D,,BLK,AG55654,IL,10300 S. Doty,(773) 568-8495,2885744
2019-09-14T00:00:00.000,CHRY,4D,300,BLK,BQ35010,IL,10300 S. Doty,(773) 568-8495,2885812
2019-09-14T00:00:00.000,CHRY,VN,TK,GRY,BF30856,IL,10300 S. Doty,(773) 568-8495,2885773
2019-09-14T00:00:00.000,DODG,VN,,GRN,234786,IL,701 N. Sacramento,(773) 265-7605,6968545
2019-09-14T00:00:00.000,FORD,LL,,BLK,AZ494433,IL,701 N. Sacramento,(773) 265-7605,6968580
2019-09-14T00:00:00.000,FORD,PK,TK,BLU,2654885B,IL,701 N. Sacramento,(773) 265-7605,6968503
2019-09-14T00:00:00.000,FORD,PK,TK,WHI,2458609B,IL,10300 S. Doty,(773) 568-8495,2885787
2019-09-14T00:00:00.000,GMC,VN,TK,BGE,2735071B,IL,10300 S. Doty,(773) 568-8495,2885696
2019-09-14T00:00:00.000,HOND,2D,,SIL,BE74318,IL,10300 S. Doty,(773) 568-8495,2885756
2019-09-14T00:00:00.000,HOND,2D,,RED,,IL,10300 S. Doty,(773) 568-8495,2885779
2019-09-14T00:00:00.000,HYUN,4D,,SIL,ZX37266,IL,701 N. Sacramento,(773) 265-7605,6968551
2019-09-14T00:00:00.000,INFI,4D,,BLK,784U116,IL,701 N. Sacramento,(773) 265-7605,6968504
2019-09-14T00:00:00.000,JEEP,4D,,BLK,AN75051,IL,701 N. Sacramento,(773) 265-7605,6968493
2019-09-14T00:00:00.000,JEEP,LL,,SIL,BM20484,IL,701 N. Sacramento,(773) 265-7605,6968552
2019-09-14T00:00:00.000,JEEP,LL,,BLU,BE25340,IL,10300 S. Doty,(773) 568-8495,2885788
2019-09-14T00:00:00.000,KIA,4D,,ONG,,IL,10300 S. Doty,(773) 568-8495,2885730
2019-09-14T00:00:00.000,KIA,4D,,WHI,K455060,IN,400 E. Lower Wacker,(312) 744-7550,0212064
2019-09-14T00:00:00.000,LINC,4D,,TAN,BA43166,IL,701 N. Sacramento,(773) 265-7605,6968581
2019-09-14T00:00:00.000,MERC,4D,,MAR,BH98390,IL,701 N. Sacramento,(773) 265-7605,6968505
2019-09-14T00:00:00.000,NISS,4D,,SIL,BQ28819,IL,701 N. Sacramento,(773) 265-7605,6968583
2019-09-14T00:00:00.000,NISS,4D,,RED,AV95729,IL,701 N. Sacramento,(773) 265-7605,6968578
2019-09-14T00:00:00.000,NISS,4D,,RED,,IL,10300 S. Doty,(773) 568-8495,2885707
2019-09-14T00:00:00.000,NISS,4D,,BLK,,IL,10300 S. Doty,(773) 568-8495,2885731
2019-09-14T00:00:00.000,NISS,LL,,GRY,BG89631,IL,701 N. Sacramento,(773) 265-7605,6968554
2019-09-13T00:00:00.000,BUIC,4D,,GRY,,IL,701 N. Sacramento,(773) 265-1846,1539251
2019-09-13T00:00:00.000,BUIC,4D,,SIL,K611182,IL,701 N. Sacramento,(773) 265-7605,6968487
2019-09-13T00:00:00.000,CADI,4D,,BLK,AT57181,IL,10300 S. Doty,(773) 568-8495,2885687
2019-09-13T00:00:00.000,CALK,BT,,SIL,,IL,10300 S. Doty,(773) 785-9752,1719534
2019-09-13T00:00:00.000,CHEV,4D,,SIL,391U574,IL,701 N. Sacramento,(773) 265-7605,6968492
2019-09-13T00:00:00.000,CHEV,4D,,BLK,BG84257,IL,701 N. Sacramento,(773) 265-7605,6968440
2019-09-13T00:00:00.000,CHEV,4D,,WHI,BB20259,IL,10300 S. Doty,(773) 568-8495,2885643
2019-09-13T00:00:00.000,CHEV,4D,,GRY,DL5691,IL,10300 S. Doty,(773) 568-8495,2885676
2019-09-13T00:00:00.000,CHEV,LL,,TAN,,IL,10300 S. Doty,(773) 568-8495,2885686
2019-09-13T00:00:00.000,CHEV,VN,,DBL,BA38520,IL,10300 S. Doty,(773) 568-8495,2885629
2019-09-13T00:00:00.000,DODG,PK,,BLK,158X0C,AR,10300 S. Doty,(773) 568-8495,2885648
2019-09-13T00:00:00.000,DODG,VN,TK,SIL,Z844090,IL,701 N. Sacramento,(773) 265-7605,6968430
2019-09-13T00:00:00.000,DODG,VN,,BLU,,IL,10300 S. Doty,(773) 568-8495,2885679
2019-09-13T00:00:00.000,DODG,VN,,BLU,BE75105,IL,701 N. Sacramento,(773) 265-7605,6968486
2019-09-13T00:00:00.000,FORD,4D,,COM,BA44956,IL,10300 S. Doty,(773) 568-8495,2885608
2019-09-13T00:00:00.000,FORD,LL,,TAN,AN75410,IL,701 N. Sacramento,(773) 265-7605,6968463
2019-09-13T00:00:00.000,FORD,PK,,WHI,2387410B,IL,701 N. Sacramento,(773) 265-7605,6968472
2019-09-13T00:00:00.000,FORD,VN,,TAN,Q343591,IL,10300 S. Doty,(773) 568-8495,2885684
2019-09-13T00:00:00.000,GMC,VN,TK,BLU,AL45376,IL,701 N. Sacramento,(773) 265-7605,6968442
2019-09-13T00:00:00.000,HOND,4D,,TAN,BH86101,IL,701 N. Sacramento,(773) 265-7605,6968481
2019-09-13T00:00:00.000,HYUN,4D,,BLK,AD73793,IL,701 N. Sacramento,(773) 265-7605,6968433
2019-09-13T00:00:00.000,KIA,4D,,SIL,,IL,10300 S. Doty,(773) 568-8495,2885672
2019-09-13T00:00:00.000,MITS,4D,,RED,AV87030,IL,10300 S. Doty,(773) 568-8495,2885660
2019-09-13T00:00:00.000,NISS,4D,,BLK,00226373,IL,701 N. Sacramento,(773) 265-7605,6968426
2019-09-13T00:00:00.000,NISS,4H,,GRY,806663,IL,701 N. Sacramento,(773) 265-7605,6968477
2019-09-13T00:00:00.000,PONT,2D,,YEL,BD92013,IL,10300 S. Doty,(773) 568-8495,2885689
2019-09-13T00:00:00.000,SUZI,LL,,MAR,AH36931,IL,701 N. Sacramento,(773) 265-7605,6968473
2019-09-13T00:00:00.000,TOYT,4D,,BLK,L302770,IL,701 N. Sacramento,(773) 265-7605,6968427
2019-09-13T00:00:00.000,TOYT,4D,,SIL,533726,IL,10300 S. Doty,(773) 568-8495,2885680
2019-09-13T00:00:00.000,VW,2D,,RED,517U586,IL,701 N. Sacramento,(773) 265-7605,6968435
2019-09-12T00:00:00.000,AUDI,LL,,BLK,AS77514,IL,10300 S. Doty,(773) 568-8495,2885512
2019-09-12T00:00:00.000,CHEV,4D,,BLK,2262869,IL,10300 S. Doty,(773) 568-8495,2885513
2019-09-12T00:00:00.000,CHEV,4D,,COM,BF20184,IL,10300 S. Doty,(773) 568-8495,2885595
2019-09-12T00:00:00.000,CHEV,4D,,WHI,BN83041,IL,10300 S. Doty,(773) 568-8495,2885502
2019-09-12T00:00:00.000,CHEV,4D,,RED,ZV17614,IL,Chicago O'hare International Airport remote lot E.,(312) 746-6350,416207
2019-09-12T00:00:00.000,CHEV,4D,,SIL,BB92542,IL,701 N. Sacramento,(773) 265-7605,6968418
2019-09-12T00:00:00.000,CHRY,4D,,GRY,AG58391,IL,10300 S. Doty,(773) 568-8495,2885553
2019-09-12T00:00:00.000,DODG,LL,,GRY,AZ46487,IL,701 N. Sacramento,(773) 265-7605,6968384
2019-09-12T00:00:00.000,DODG,PK,,BLK,2734710B,IL,10300 S. Doty,(773) 568-8495,2885567
2019-09-12T00:00:00.000,DODG,VN,,COM,,IL,10300 S. Doty,(773) 568-8495,2885586
2019-09-12T00:00:00.000,DODG,VN,CVN,SIL,,IL,Chicago O'hare International Airport remote lot E.,(312) 746-6350,416206
2019-09-12T00:00:00.000,FORD,4D,,WHI,AV90496,IL,10300 S. Doty,(773) 568-8495,2885495
2019-09-12T00:00:00.000,FORD,4D,,GRY,AW33587,IL,701 N. Sacramento,(773) 265-7605,6968395
2019-09-12T00:00:00.000,FORD,LL,,WHI,BN85612,IL,10300 S. Doty,(773) 568-8495,2885583
2019-09-12T00:00:00.000,GMC,4D,,TAN,614BR,IN,10300 S. Doty,(773) 568-8495,2885521
2019-09-12T00:00:00.000,HYUN,4D,,SIL,V359146,IL,701 N. Sacramento,(773) 265-1846,1539248
2019-09-12T00:00:00.000,LEXS,4D,,SIL,988LDW,IN,10300 S. Doty,(773) 568-8495,2885493
2019-09-12T00:00:00.000,NISS,4D,,GRY,Q996724,IL,701 N. Sacramento,(773) 265-7605,6968416
2019-09-12T00:00:00.000,NISS,4D,,WHI,BF43257,IL,701 N. Sacramento,(773) 265-7605,6968381
2019-09-12T00:00:00.000,OTTE,LL,,YEL,,IL,701 N. Sacramento,(773) 265-1846,1539240
2019-09-12T00:00:00.000,PONT,4D,,GLD,AQ49572,IL,10300 S. Doty,(773) 568-8495,2885531
2019-09-12T00:00:00.000,TOYT,4D,,BLK,AG30762,IL,701 N. Sacramento,(773) 265-7605,6968422
2019-09-11T00:00:00.000,BUIC,4D,,GLD,BM12079,IL,701 N. Sacramento,(773) 265-7605,6968356
2019-09-11T00:00:00.000,BUIC,4D,,SIL,BA37252,IL,701 N. Sacramento,(773) 265-7605,6968362
2019-09-11T00:00:00.000,CHEV,2D,,BLK,BH83530,IL,10300 S. Doty,(773) 568-8495,2885388
2019-09-11T00:00:00.000,CHEV,4D,,SIL,,IL,10300 S. Doty,(773) 568-8495,2885384
2019-09-11T00:00:00.000,CHEV,4D,,SIL,834U452,IL,10300 S. Doty,(773) 568-8495,2885396
2019-09-11T00:00:00.000,CHEV,4D,,TAN,BF27883,IL,701 N. Sacramento,(773) 265-7605,6968348
2019-09-11T00:00:00.000,CHEV,4D,,RED,AT85845,IL,400 E. Lower Wacker,(312) 744-7550,0211866
2019-09-11T00:00:00.000,CHEV,4D,,WHI,E687410,IL,10300 S. Doty,(773) 568-8495,2885464
2019-09-11T00:00:00.000,CHEV,4D,,BLU,R846000,IL,10300 S. Doty,(773) 568-8495,2885483
2019-09-11T00:00:00.000,CHEV,LL,,GRY,749U363,IL,10300 S. Doty,(773) 568-8495,2885403
2019-09-11T00:00:00.000,CHRY,4D,,GRY,BH80102,IL,10300 S. Doty,(773) 568-8495,2885382
2019-09-11T00:00:00.000,DODG,VN,,BLU,Q334863,IL,10300 S. Doty,(773) 568-8495,2885465
2019-09-11T00:00:00.000,FORD,4D,,SIL,HXD1706,TX,701 N. Sacramento,(773) 265-7605,6968333
2019-09-11T00:00:00.000,FORD,4D,,ONG,,IL,10300 S. Doty,(773) 568-8495,2885470
2019-09-11T00:00:00.000,FORD,LL,,PNK,BB88338,IL,701 N. Sacramento,(773) 265-7605,696392
2019-09-11T00:00:00.000,FORD,LL,TK,TAN,BB31043,IL,701 N. Sacramento,(773) 265-7605,6968302
2019-09-11T00:00:00.000,GMC,LL,,WHI,,IL,10300 S. Doty,(773) 568-8495,2885390
2019-09-11T00:00:00.000,GMC,VN,,WHI,BE22556,IL,701 N. Sacramento,(773) 265-7605,6968352
2019-09-11T00:00:00.000,HOND,2D,,SIL,DPS,MI,701 N. Sacramento,(773) 265-7605,6968325
2019-09-11T00:00:00.000,HOND,4D,,SIL,BC71684,IL,701 N. Sacramento,(773) 265-7605,6968317
2019-09-11T00:00:00.000,HOND,LL,,BLU,Q692397,IL,400 E. Lower Wacker,(312) 744-7550,0211861
2019-09-11T00:00:00.000,INFI,4D,,RED,669U964,IL,701 N. Sacramento,(773) 265-7605,6968315
2019-09-11T00:00:00.000,LEXS,4D,,TAN,BF18316,IL,10300 S. Doty,(773) 568-8495,2885491
2019-09-11T00:00:00.000,MERC,LL,TK,BGE,N553072,IL,701 N. Sacramento,(773) 265-7605,6968310
2019-09-11T00:00:00.000,MERC,LL,,BLK,867764,IL,701 N. Sacramento,(773) 265-7605,6968319
2019-09-11T00:00:00.000,NISS,4D,,WHI,AW54173,IL,10300 S. Doty,(773) 785-9752,1719525
2019-09-11T00:00:00.000,NISS,4D,,GRY,AC78275,IL,701 N. Sacramento,(773) 265-7605,6968357
2019-09-11T00:00:00.000,PONT,4D,,SIL,BE22454,IL,10300 S. Doty,(773) 568-8495,2885477
2019-09-11T00:00:00.000,SUBA,LL,,GRY,R202678,IL,400 E. Lower Wacker,(312) 744-7550,0211855
2019-09-11T00:00:00.000,TOYT,4D,,SIL,,IL,10300 S. Doty,(773) 568-8495,2885397
2019-09-11T00:00:00.000,VOLK,4D,,BLK,N576449,IL,701 N. Sacramento,(773) 265-1846,1539227
2019-09-11T00:00:00.000,,MC,,BLK,,,10300 S. Doty,(773) 568-8495,2885490
2019-09-10T00:00:00.000,ACUR,4D,,GRN,AN80721,IL,701 N. Sacramento,(773) 265-7605,6968249
2019-09-10T00:00:00.000,CADI,4D,,WHI,325U203,IL,10300 S. Doty,(773) 568-8495,2885356
2019-09-10T00:00:00.000,CHEV,LL,,TAN,L613240,IL,701 N. Sacramento,(773) 265-7605,6968275
2019-09-10T00:00:00.000,CHRY,4D,,GRY,BK33888,IL,701 N. Sacramento,(773) 265-7605,6968300
2019-09-10T00:00:00.000,DODG,4D,,BLK,BN92859,IL,10300 S. Doty,(773) 568-8495,2885378
2019-09-10T00:00:00.000,DODG,VN,TK,BLU,BE92431,IL,10300 S. Doty,(773) 568-8495,2885327
2019-09-10T00:00:00.000,FORD,VN,,RED,48211L2,TX,10300 S. Doty,(773) 568-8495,2885377
2019-09-10T00:00:00.000,GMC,LL,,BGE,,IL,701 N. Sacramento,(773) 265-7605,6968245
2019-09-10T00:00:00.000,HOND,2D,,BLK,Z972388,IL,10300 S. Doty,(773) 568-8495,2885376
2019-09-10T00:00:00.000,HOND,4D,,GRY,AH44067,IL,701 N. Sacramento,(773) 265-7605,6968296
2019-09-10T00:00:00.000,HOND,4D,,SIL,BE95075,IL,701 N. Sacramento,(773) 265-7605,6968295
2019-09-10T00:00:00.000,HOND,4D,,BLU,AH92217,IL,10300 S. Doty,(773) 568-8495,2885360
2019-09-10T00:00:00.000,NISS,4D,,RED,,,701 N. Sacramento,(773) 265-7605,6968289
2019-09-10T00:00:00.000,PONT,4D,,GRY,BF21296,IL,10300 S. Doty,(773) 568-8495,2885328
2019-09-10T00:00:00.000,TOYT,LL,TK,BLK,BB19355,IL,10300 S. Doty,(773) 568-8495,2885323
2019-09-10T00:00:00.000,VOLK,4D,,BLU,,IL,10300 S. Doty,(773) 568-8495,2885331
2019-09-09T00:00:00.000,ACUR,4D,,GRY,SQ80954,IL,10300 S. Doty,(773) 568-8495,2885274
2019-09-09T00:00:00.000,AUDI,4D,,BLK,,IL,701 N. Sacramento,(773) 265-7605,6968220
2019-09-09T00:00:00.000,BUIC,4D,,GLD,,,10300 S. Doty,(773) 568-8495,2885311
2019-09-09T00:00:00.000,BUIC,LL,,WHI,BF32171,IL,10300 S. Doty,(773) 568-8495,2885289
2019-09-09T00:00:00.000,CADI,4D,,BLK,AG71100,IL,10300 S. Doty,(773) 568-8495,2885285
2019-09-09T00:00:00.000,CHEV,4D,,GRY,G3902B,WI,701 N. Sacramento,(773) 265-7605,6968209
2019-09-09T00:00:00.000,CHEV,4D,,BLK,K531795,IL,10300 S. Doty,(773) 568-8495,2885317
2019-09-09T00:00:00.000,CHEV,LL,,GRY,AN55060,IL,701 N. Sacramento,(773) 265-7605,6968241
2019-09-09T00:00:00.000,CHEV,LL,,GRN,BE79568,IL,701 N. Sacramento,(773) 265-7605,6968238
2019-09-09T00:00:00.000,CHEV,LL,,BLK,369673,IL,10300 S. Doty,(773) 568-8495,2885301
2019-09-09T00:00:00.000,CHEV,VN,,WHI,846U706,IL,701 N. Sacramento,(773) 265-7605,6968243
2019-09-09T00:00:00.000,CHRY,4D,,WHI,BQ14886,IL,10300 S. Doty,(773) 568-8495,2885303
2019-09-09T00:00:00.000,CHRY,4D,,BLK,AE77721,IL,701 N. Sacramento,(773) 265-7605,6968204
2019-09-09T00:00:00.000,FORD,4D,,SIL,AX35029,IL,10300 S. Doty,(773) 568-8495,2885312
2019-09-09T00:00:00.000,FORD,4D,,BLU,N885375,IL,10300 S. Doty,(773) 568-8495,2885296
2019-09-09T00:00:00.000,FORD,LL,,BLK,,IL,10300 S. Doty,(773) 568-8495,2885302
2019-09-09T00:00:00.000,FORD,PK,,GRN,2077197B,IL,10300 S. Doty,(773) 568-8495,2885267
2019-09-09T00:00:00.000,GMC,LL,,BLK,640U581,IL,10300 S. Doty,(773) 568-8495,2885265
2019-09-09T00:00:00.000,HOND,VN,,GRN,BGG613,IN,10300 S. Doty,(773) 568-8495,2885305
2019-09-09T00:00:00.000,JEEP,LL,,BLU,AW16252,IL,10300 S. Doty,(773) 568-8495,2885313
2019-09-09T00:00:00.000,JEEP,LL,,GRY,BLD464,IN,10300 S. Doty,(773) 568-8495,2885271
2019-09-09T00:00:00.000,LAND,4D,,GRY,AW54475,IL,10300 S. Doty,(773) 568-8495,2885283
2019-09-09T00:00:00.000,LEXS,LL,,BLK,JJJSNA,IL,701 N. Sacramento,(773) 265-7605,6968237
2019-09-09T00:00:00.000,NISS,4D,,WHI,XKC614,IN,10300 S. Doty,(773) 568-8495,2885279
2019-09-09T00:00:00.000,NISS,4D,,BLK,BH33168,IL,10300 S. Doty,(773) 568-8495,2885288
2019-09-09T00:00:00.000,OLDS,4D,,WHI,AT75556,IL,701 N. Sacramento,(773) 265-7605,6968199
2019-09-09T00:00:00.000,PLYM,VN,TK,GRN,48648DS,WI,10300 S. Doty,(773) 568-8495,2885310
2019-09-09T00:00:00.000,SATR,4D,,RED,BA69691,IL,10300 S. Doty,(773) 568-8495,2885295
2019-09-09T00:00:00.000,TOYT,4D,,WHI,,IL,701 N. Sacramento,(773) 265-7605,6968244
2019-09-08T00:00:00.000,BUIC,4D,,BLU,K681621,IN,10300 S. Doty,(773) 568-8495,2885219
2019-09-08T00:00:00.000,BUIC,4D,,GLD,2552167B,IL,701 N. Sacramento,(773) 265-7605,6968197
2019-09-08T00:00:00.000,BUIC,LL,,BLK,BB22515,IL,10300 S. Doty,(773) 568-8495,2885255
2019-09-08T00:00:00.000,CADI,4D,,BLU,,,10300 S. Doty,(773) 568-8495,2885212
2019-09-08T00:00:00.000,CADI,4D,,BLK,BE65522,IL,10300 S. Doty,(773) 568-8495,2885250
2019-09-08T00:00:00.000,CHEV,4D,,WHI,CHA966,MN,701 N. Sacramento,(773) 265-7605,6968183
2019-09-08T00:00:00.000,CHEV,4D,,SIL,837297,IL,10300 S. Doty,(773) 568-8495,2885227
2019-09-08T00:00:00.000,CHEV,LL,,GRY,AT52467,IL,701 N. Sacramento,(773) 265-7605,6968179
2019-09-08T00:00:00.000,CHRY,SW,,SIL,AEX9437,WI,701 N. Sacramento,(773) 265-7605,6968187
2019-09-08T00:00:00.000,CHRY,VN,,TAN,N8931,IL,701 N. Sacramento,(773) 265-7605,6968079
2019-09-08T00:00:00.000,CHRY,VN,,BLU,Q276796,IL,701 N. Sacramento,(773) 265-7605,6968140
2019-09-08T00:00:00.000,DODG,LL,,LBL,L885971,IL,701 N. Sacramento,(773) 265-7605,6968108
2019-09-08T00:00:00.000,FORD,4D,,BLK,356632,IL,701 N. Sacramento,(773) 265-7605,6968196
2019-09-08T00:00:00.000,FORD,LL,,GRY,RJN801,IL,701 N. Sacramento,(773) 265-7605,6968018
2019-09-08T00:00:00.000,FORD,PK,,GRY,1892701B,IL,701 N. Sacramento,(773) 265-7605,6968145
2019-09-08T00:00:00.000,GMC,LL,,GRY,BK84856,IL,10300 S. Doty,(773) 568-8495,2885225
2019-09-08T00:00:00.000,HOND,4D,,RED,BK58241,IL,701 N. Sacramento,(773) 265-7605,6968135
2019-09-08T00:00:00.000,HYUN,VN,,RED,2518810,IL,701 N. Sacramento,(773) 265-7605,6968178
2019-09-08T00:00:00.000,INFI,4D,,DGR,BA73857,IL,701 N. Sacramento,(773) 265-7605,6968144
2019-09-08T00:00:00.000,INFI,LL,,SIL,BE22592,IL,701 N. Sacramento,(773) 265-7605,6968017
2019-09-08T00:00:00.000,KIA,4D,,BLU,V240581,IL,701 N. Sacramento,(773) 265-7605,6968147
2019-09-08T00:00:00.000,KIA,LL,,BLU,58522B,IN,10300 S. Doty,(773) 568-8495,2885251
2019-09-08T00:00:00.000,MAZD,4D,,SIL,AL69313,IL,701 N. Sacramento,(773) 265-7605,6968139
2019-09-08T00:00:00.000,MERZ,4D,,GRY,BKV859,IL,10300 S. Doty,(773) 568-8495,2885242
2019-09-08T00:00:00.000,MERZ,4D,,GRN,S862581,IL,10300 S. Doty,(773) 568-8495,2885218
2019-09-08T00:00:00.000,MITS,4D,,SIL,BC83503,IL,10300 S. Doty,(773) 568-8495,2885240
2019-09-08T00:00:00.000,NISS,2D,,RED,BN80027,IL,10300 S. Doty,(773) 568-8495,2885224
2019-09-08T00:00:00.000,NISS,4D,,RED,BL93851,IL,10300 S. Doty,(773) 568-8495,2885259
2019-09-08T00:00:00.000,PONT,4D,,GLD,,IL,10300 S. Doty,(773) 568-8495,2885243
2019-09-08T00:00:00.000,SAA,4D,,SIL,BA71278,IL,701 N. Sacramento,(773) 265-7605,6968123
2019-09-08T00:00:00.000,TOYT,2D,,SIL,621U381,IL,701 N. Sacramento,(773) 265-7605,6968198
2019-09-08T00:00:00.000,TOYT,2D,,SIL,BE89291,IL,10300 S. Doty,(773) 568-8495,2885257
2019-09-08T00:00:00.000,TOYT,LL,,GRY,AV65174,IL,701 N. Sacramento,(773) 265-7605,6968050
2019-09-08T00:00:00.000,VOLK,4T,,RED,AG33750,IL,701 N. Sacramento,(773) 265-7605,6968048
2019-09-08T00:00:00.000,VOLK,LL,TK,BLU,E139421,IL,701 N. Sacramento,(773) 265-7605,6968186
2019-09-08T00:00:00.000,,BT,,YEL,,,701 N. Sacramento,(773) 265-7605,6968195
2019-09-08T00:00:00.000,,OD,,LGR,IL9006GP,IL,701 N. Sacramento,(773) 265-7605,6968194
2019-09-07T00:00:00.000,AUDI,LL,,SIL,DL699,IL,701 N. Sacramento,(773) 265-7605,6967997
2019-09-07T00:00:00.000,AUDI,LL,,WHI,73369,IL,10300 S. Doty,(773) 568-8495,2885177
2019-09-07T00:00:00.000,BMW,4D,,BLK,HLS2742,OH,10300 S. Doty,(773) 568-8495,2885180
2019-09-07T00:00:00.000,CADI,4D,,WHI,Q121046,IL,701 N. Sacramento,(773) 265-7605,6967925
2019-09-07T00:00:00.000,CHEV,4D,,SIL,798U211,IL,10300 S. Doty,(773) 568-8495,2885199
2019-09-07T00:00:00.000,CHEV,4D,,WHI,BL97736,IL,10300 S. Doty,(773) 568-8495,2885197
2019-09-07T00:00:00.000,CHEV,PK,,SIL,2349175B,IL,701 N. Sacramento,(773) 265-7605,6967957
2019-09-07T00:00:00.000,CHRY,4D,,TAN,BG26942,IL,10300 S. Doty,(773) 568-8495,2885192
2019-09-07T00:00:00.000,CHRY,4T,,BLK,BN72425,IL,10300 S. Doty,(773) 568-8495,2885185
2019-09-07T00:00:00.000,CHRY,VN,,TAN,AL22195,IL,701 N. Sacramento,(773) 265-7605,6967942
2019-09-07T00:00:00.000,CHRY,VN,,GRY,AG59515,IL,10300 S. Doty,(773) 568-8495,2885171
2019-09-07T00:00:00.000,DODG,VN,,RED,BF14339,IL,10300 S. Doty,(773) 568-8495,2885204
2019-09-07T00:00:00.000,FORD,4D,,GRN,BH22258,IL,701 N. Sacramento,(773) 265-7605,6968008
2019-09-07T00:00:00.000,FORD,4D,,TAN,835RCG,IN,10300 S. Doty,(773) 568-8495,2885175
2019-09-07T00:00:00.000,FORD,4D,,GRY,283XF,IN,400 E. Lower Wacker,(312) 744-7550,0211567
2019-09-07T00:00:00.000,FORD,4D,,GRY,940WGY,WI,10300 S. Doty,(773) 568-8495,2885203
2019-09-07T00:00:00.000,FORD,LL,,WHI,BB82814,IL,701 N. Sacramento,(773) 265-7605,6967961
2019-09-07T00:00:00.000,HOND,4D,,GLD,BA62462,IL,701 N. Sacramento,(773) 265-7605,6968000
2019-09-07T00:00:00.000,NISS,4D,,BLU,AM38260,IL,10300 S. Doty,(773) 568-8495,2885193
2019-09-07T00:00:00.000,PONT,4D,,MAR,BC34675,IL,701 N. Sacramento,(773) 265-7605,6967917
2019-09-07T00:00:00.000,TOYT,4D,,BLK,H969159,IL,10300 S. Doty,(773) 568-8495,2885168
2019-09-07T00:00:00.000,VOLV,4D,,BGE,BH84684,IL,10300 S. Doty,(773) 568-8495,2885211
2019-09-06T00:00:00.000,CHEV,LL,TK,TAN,BE91114,IL,10300 S. Doty,(773) 568-8495,2885159
2019-09-06T00:00:00.000,CHRY,4D,,WHI,BB29728,IL,701 N. Sacramento,(773) 265-7605,6967902
2019-09-06T00:00:00.000,LEXS,4D,,RED,BH85630,IL,10300 S. Doty,(773) 568-8495,2885149
